                :-) GROMACS - gmx mdrun, 2026.3-conda_forge (-:

Copyright 1991-2026 The GROMACS Authors.
GROMACS is free software; you can redistribute it and/or modify it
under the terms of the GNU Lesser General Public License
as published by the Free Software Foundation; either version 2.1
of the License, or (at your option) any later version.

                         Current GROMACS contributors:
       Mark Abraham           Andrey Alekseenko           Brian Andrews       
        Paul Bauer              Cathrine Bergh              Hugh Bird         
      Eliane Briand               Ania Brown                Yiqi Chen         
      Mahesh Doijade            Giacomo Fiorin          Stefan Fleischmann    
      Sergey Gorelov         Gilles Gouaillardet            Alan Gray         
   Farzaneh Jalalypour         Petter Johansson          Carsten Kutzner      
    Grzegorz Łazarski         Justin A. Lemkul          Magnus Lundborg      
        Julio Maia               Pascal Merz             Vedran Miletić      
      Dmitry Morozov           Lukas Müllender           Szilárd Páll      
 Andrea Pasquadibisceglie     Michele Pellegrino         Nicola Piasentin     
     Daniele Rapetti         Muhammad Umair Sadiq         Hubert Santuz       
      Michael Shirts           Tatiana Shugaeva          Alexey Shvetsov      
     Bálint Soproni            Philip Turner            Alessandra Villa     
        Yang Zhang        

                         Previous GROMACS contributors:
        Emile Apol             Rossen Apostolov           James Barnett       
      Vladimir Basov        Herman J.C. Berendsen          Par Bjelkmar       
      Christian Blau          Viacheslav Bolnykh            Kevin Boyd        
    Aldert van Buuren          Carlo Camilloni           Rudi van Drunen      
      Anton Feenstra           Oliver Fleetwood            Vytas Gapsys       
       Gaurav Garg             Gerrit Groenhof            Bert de Groot       
      Anca Hamuraru           Vincent Hindriksen          Victor Holanda      
     M. Eric Irrgang           Aleksei Iupinov              Joe Jordan        
    Christoph Junghans        Prashanth Kanduri        Dimitrios Karkoulis    
       Peter Kasson             Sebastian Kehl           Sebastian Keller     
        Jiri Kraus               Per Larsson              Viveca Lindahl      
      Erik Marklund           Pieter Meulenhoff           Teemu Murtola       
       Julien Nabet              Sander Pronk             Roland Schulz       
      Alfons Sijbers         David van der Spoel          Peter Tieleman      
      Carsten Uphoff             Jon Vincent             Teemu Virolainen     
    Christian Wennberg     Sebastian Wingbermühle         Maarten Wolf       
      Artem Zhmurov       

                  Coordinated by the GROMACS project leaders:
                           Berk Hess and Erik Lindahl

GROMACS:      gmx mdrun, version 2026.3-conda_forge
Executable:   /home/xnadre/.local/share/mamba/envs/gromacs-tutorial/bin.AVX2_256/gmx
Data prefix:  /home/xnadre/.local/share/mamba/envs/gromacs-tutorial
Working dir:  /home/xnadre/Documentos/gromacs-tutorial
Process ID:   18245
Command line:
  gmx mdrun -deffnm exercise-1/reference/2RVD_nvt -ntmpi 4 -ntomp 6 -pin on

GROMACS version:     2026.3-conda_forge
Precision:           mixed
Memory model:        64 bit
MPI library:         thread_mpi
MPI version:         built in
OpenMP support:      enabled (GMX_OPENMP_MAX_THREADS = 128)
GPU support:         OpenCL
NBNxM GPU setup:     super-cluster 2x2x2 / cluster 8 (cluster-pair splitting on)
SIMD instructions:   AVX2_256
CPU FFT library:     fftw-3.3.11-sse2-avx
GPU FFT library:     clFFT
Multi-GPU FFT:       none
RDTSCP:              disabled
TNG support:         enabled
Hwloc support:       disabled
Tracing support:     disabled
Colvars support:     enabled (version 2025-10-13)
CP2K support:        disabled
Torch support:       disabled
Plumed support:      enabled
C compiler:          /home/conda/feedstock_root/build_artifacts/gromacs_1785262702042/_build_env/bin/x86_64-conda-linux-gnu-cc GNU 14.3.0
C compiler flags:    -fexcess-precision=fast -funroll-all-loops -mavx2 -mfma -Wno-missing-field-initializers -O3 -DNDEBUG
C++ compiler:        /home/conda/feedstock_root/build_artifacts/gromacs_1785262702042/_build_env/bin/x86_64-conda-linux-gnu-c++ GNU 14.3.0
C++ compiler flags:  -fexcess-precision=fast -funroll-all-loops -mavx2 -mfma -Wno-missing-field-initializers -Wno-stringop-truncation -Wno-cast-function-type-strict SHELL:-fopenmp -O3 -DNDEBUG
BLAS library:        Internal
LAPACK library:      Internal
OpenCL include dir:  /home/xnadre/.local/share/mamba/envs/gromacs-tutorial/include
OpenCL library:      /home/xnadre/.local/share/mamba/envs/gromacs-tutorial/lib/libOpenCL.so
OpenCL version:      3.0


Running on 1 node with total 16 cores, 24 processing units (GPU detection failed: No valid OpenCL driver found)
Hardware detected on host xnadre-workstation:
  CPU info:
    Vendor: Intel
    Brand:  13th Gen Intel(R) Core(TM) i7-13700HX
    Family: 6   Model: 191   Stepping: 2
    Features: aes apic avx avx2 clfsh cmov cx8 cx16 f16c fma htt intel lahf mmx msr nonstop_tsc pcid pclmuldq pdcm pdpe1gb popcnt pse rdrnd rdtscp sha sse2 sse3 sse4.1 sse4.2 ssse3 tdt x2apic
  Hardware topology: Basic
    Packages, cores, and logical processors:
    [indices refer to OS logical processors]
      Package  0: [   0   1] [   2   3] [   4   5] [   6   7] [   8   9] [  10  11] [  12  13] [  14  15] [  16] [  17] [  18] [  19] [  20] [  21] [  22] [  23]
    CPU limit set by OS: -1   Recommended max number of threads: 24

The current CPU can measure timings more accurately than the code in
gmx mdrun was configured to use. This might affect your simulation
speed as accurate timings are needed for load-balancing.
Please consider rebuilding gmx mdrun with the GMX_USE_RDTSCP=ON CMake option.

++++ PLEASE READ AND CITE THE FOLLOWING REFERENCE ++++
M. J. Abraham, T. Murtola, R. Schulz, S. Páll, J. C. Smith, B. Hess, E.
Lindahl
GROMACS: High performance molecular simulations through multi-level
parallelism from laptops to supercomputers
SoftwareX (2015)
https://doi.org/10.1016/j.softx.2015.06.001
-------- -------- --- Thank You --- -------- --------


++++ PLEASE READ AND CITE THE FOLLOWING REFERENCE ++++
S. Páll, M. J. Abraham, C. Kutzner, B. Hess, E. Lindahl
Tackling Exascale Software Challenges in Molecular Dynamics Simulations with
GROMACS
In S. Markidis & E. Laure (Eds.), Solving Software Challenges for Exascale (2015)
https://doi.org/10.1007/978-3-319-15976-8_1
-------- -------- --- Thank You --- -------- --------


++++ PLEASE READ AND CITE THE FOLLOWING REFERENCE ++++
S. Pronk, S. Páll, R. Schulz, P. Larsson, P. Bjelkmar, R. Apostolov, M. R.
Shirts, J. C. Smith, P. M. Kasson, D. van der Spoel, B. Hess, E. Lindahl
GROMACS 4.5: a high-throughput and highly parallel open source molecular
simulation toolkit
Bioinformatics (2013)
https://doi.org/10.1093/bioinformatics/btt055
-------- -------- --- Thank You --- -------- --------


++++ PLEASE READ AND CITE THE FOLLOWING REFERENCE ++++
B. Hess, C. Kutzner, D. van der Spoel, E. Lindahl
GROMACS 4: Algorithms for highly efficient, load-balanced, and scalable
molecular simulation
J. Chem. Theory Comput. (2008)
https://doi.org/10.1021/ct700301q
-------- -------- --- Thank You --- -------- --------


++++ PLEASE READ AND CITE THE FOLLOWING REFERENCE ++++
D. van der Spoel, E. Lindahl, B. Hess, G. Groenhof, A. E. Mark, H. J. C.
Berendsen
GROMACS: Fast, Flexible and Free
J. Comp. Chem. (2005)
https://doi.org/10.1002/jcc.20291
-------- -------- --- Thank You --- -------- --------


++++ PLEASE READ AND CITE THE FOLLOWING REFERENCE ++++
E. Lindahl, B. Hess, D. van der Spoel
GROMACS 3.0: A package for molecular simulation and trajectory analysis
J. Mol. Mod. (2001)
https://doi.org/10.1007/s008940100045
-------- -------- --- Thank You --- -------- --------


++++ PLEASE READ AND CITE THE FOLLOWING REFERENCE ++++
H. J. C. Berendsen, D. van der Spoel and R. van Drunen
GROMACS: A message-passing parallel molecular dynamics implementation
Comp. Phys. Comm. (1995)
https://doi.org/10.1016/0010-4655(95)00042-E
-------- -------- --- Thank You --- -------- --------

Input Parameters:
   integrator                     = md
   tinit                          = 0
   dt                             = 0.002
   nsteps                         = 500000
   init-step                      = 0
   simulation-part                = 1
   mts                            = false
   mass-repartition-factor        = 1
   comm-mode                      = Linear
   nstcomm                        = 100
   bd-fric                        = 0
   ld-seed                        = -1611137560
   emtol                          = 10
   emstep                         = 0.01
   niter                          = 20
   fcstep                         = 0
   nstcgsteep                     = 1000
   nbfgscorr                      = 10
   rtpi                           = 0.05
   nstxout                        = 0
   nstvout                        = 0
   nstfout                        = 0
   nstlog                         = 1000
   nstcalcenergy                  = 100
   nstenergy                      = 1000
   nstxout-compressed             = 5000
   compressed-x-precision         = 1000
   cutoff-scheme                  = Verlet
   nstlist                        = 20
   pbc                            = xyz
   periodic-molecules             = false
   verlet-buffer-tolerance        = 0.005
   verlet-buffer-pressure-tolerance = 0.5
   rlist                          = 1.035
   coulombtype                    = PME
   coulomb-modifier               = Potential-shift
   rcoulomb-switch                = 0
   rcoulomb                       = 1
   epsilon-r                      = 1
   epsilon-rf                     = inf
   vdw-type                       = Cut-off
   vdw-modifier                   = Potential-shift
   rvdw-switch                    = 0
   rvdw                           = 1
   DispCorr                       = EnerPres
   table-extension                = 1
   fourierspacing                 = 0.12
   fourier-nx                     = 42
   fourier-ny                     = 42
   fourier-nz                     = 42
   pme-order                      = 4
   ewald-rtol                     = 1e-05
   ewald-rtol-lj                  = 0.001
   lj-pme-comb-rule               = Geometric
   ewald-geometry                 = 3d
   epsilon-surface                = 0
   ensemble-temperature-setting   = constant
   ensemble-temperature           = 340
   tcoupl                         = V-rescale
   nsttcouple                     = 100
   nh-chain-length                = 0
   print-nose-hoover-chain-variables = false
   pcoupl                         = No
   refcoord-scaling               = No
   posres-com: not available
   posres-comB: not available
   QMMM                           = false
qm-opts:
   ngQM                           = 0
   constraint-algorithm           = Lincs
   continuation                   = false
   Shake-SOR                      = false
   shake-tol                      = 0.0001
   lincs-order                    = 4
   lincs-iter                     = 1
   lincs-warnangle                = 30
   nwall                          = 0
   wall-type                      = 9-3
   wall-r-linpot                  = -1
   wall-atomtype[0]               = -1
   wall-atomtype[1]               = -1
   wall-density[0]                = 0
   wall-density[1]                = 0
   wall-ewald-zfac                = 3
   pull                           = false
   awh                            = false
   rotation                       = false
   interactiveMD                  = false
   disre                          = No
   disre-weighting                = Conservative
   disre-mixed                    = false
   dr-fc                          = 1000
   dr-tau                         = 0
   nstdisreout                    = 100
   orire-fc                       = 0
   orire-tau                      = 0
   nstorireout                    = 100
   free-energy                    = no
   cos-acceleration               = 0
   deform (3x3):
      deform[    0]={ 0.00000e+00,  0.00000e+00,  0.00000e+00}
      deform[    1]={ 0.00000e+00,  0.00000e+00,  0.00000e+00}
      deform[    2]={ 0.00000e+00,  0.00000e+00,  0.00000e+00}
   simulated-tempering            = false
   swapcoords                     = no
   userint1                       = 0
   userint2                       = 0
   userint3                       = 0
   userint4                       = 0
   userreal1                      = 0
   userreal2                      = 0
   userreal3                      = 0
   userreal4                      = 0
   applied-forces:
     electric-field:
       x:
         E0                       = 0
         omega                    = 0
         t0                       = 0
         sigma                    = 0
       y:
         E0                       = 0
         omega                    = 0
         t0                       = 0
         sigma                    = 0
       z:
         E0                       = 0
         omega                    = 0
         t0                       = 0
         sigma                    = 0
     density-guided-simulation:
       active                     = false
       group                      = protein
       similarity-measure         = inner-product
       atom-spreading-weight      = unity
       force-constant             = 1e+09
       gaussian-transform-spreading-width = 0.2
       gaussian-transform-spreading-range-in-multiples-of-width = 4
       reference-density-filename = reference.mrc
       nst                        = 1
       normalize-densities        = true
       adaptive-force-scaling     = false
       adaptive-force-scaling-time-constant = 4
       shift-vector               = 
       transformation-matrix      = 
     qmmm-cp2k:
       active                     = false
       qmgroup                    = System
       qmmethod                   = PBE
       qmfilenames                = 
       qmcharge                   = 0
       qmmultiplicity             = 1
     colvars:
       active                     = false
       configfile                 = 
       seed                       = -1
     nnpot:
       active                     = false
       modelfile                  = model.pt
       input-group                = System
       link-type                  = H
       link-distance              = 0.1
       pair-cutoff                = 0
       embedding                  = mechanical
       nnp-charge                 = 0
       model-input1               = 
       model-input2               = 
       model-input3               = 
       model-input4               = 
       model-input5               = 
       model-input6               = 
       model-input7               = 
       model-input8               = 
       model-input9               = 
   fast-multipole-method:
     fmm:
       backend                    = inactive
       exafmm-order               = 6
       exafmm-direct-range        = 2
       exafmm-direct-provider     = GROMACS
       exafmm-tree-type           = uniform
       exafmm-tree-depth          = 0
       exafmm-max-particles-per-cell = 0
       fmsolvr-order              = 8
       fmsolvr-direct-range       = 1
       fmsolvr-direct-provider    = FMM
       fmsolvr-dipole-compensation = true
       fmsolvr-tree-depth         = 3
       fmsolvr-sparse             = false
grpopts:
   nrdf:     424.948     23925.1
   ref-t:         340         340
   tau-t:           1           1
annealing:          No          No
annealing-npoints:           0           0
   acc:	           0           0           0
   nfreeze:           N           N           N
   energygrp-flags[  0]: 0

Changing nstlist from 20 to 50, rlist from 1.035 to 1.118


Initializing Domain Decomposition on 4 ranks
Dynamic load balancing: auto
Using update groups, nr 4093, average size 3.0 atoms, max. radius 0.104 nm
Minimum cell size due to atom displacement: 0.393 nm
Initial maximum distances in bonded interactions:
    two-body bonded interactions: 0.389 nm, LJ-14, atoms 73 81
  multi-body bonded interactions: 0.389 nm, Proper Dih., atoms 73 81
Minimum cell size due to bonded interactions: 0.428 nm
Scaling the initial minimum size with 1/0.8 (option -dds) = 1.25
Using 0 separate PME ranks because: there are too few total ranks for efficient splitting
Optimizing the DD grid for 4 cells with a minimum initial size of 0.535 nm
The maximum allowed number of cells is: X 9 Y 9 Z 9
Domain decomposition grid 4 x 1 x 1, separate PME ranks 0
PME domain decomposition: 4 x 1 x 1
Domain decomposition rank 0, coordinates 0 0 0

The initial number of communication pulses is: X 2
The initial domain decomposition cell size is: X 1.25 nm

The maximum allowed distance for atom groups involved in interactions is:
                 non-bonded interactions           1.327 nm
            two-body bonded interactions  (-rdd)   1.327 nm
          multi-body bonded interactions  (-rdd)   1.250 nm

When dynamic load balancing gets turned on, these settings will change to:
The maximum number of communication pulses is: X 2
The minimum size for domain decomposition cells is 0.839 nm
The requested allowed shrink of DD cells (option -dds) is: 0.80
The allowed shrink of domain decomposition cells is: X 0.67
The maximum allowed distance for atom groups involved in interactions is:
                 non-bonded interactions           1.327 nm
            two-body bonded interactions  (-rdd)   1.327 nm
          multi-body bonded interactions  (-rdd)   0.839 nm

Local state does not use filler particles

Using 4 MPI threads
Using 6 OpenMP threads per tMPI thread

System total charge: -0.000
Will do PME sum in reciprocal space for electrostatic interactions.

++++ PLEASE READ AND CITE THE FOLLOWING REFERENCE ++++
U. Essmann, L. Perera, M. L. Berkowitz, T. Darden, H. Lee, L. G. Pedersen 
A smooth particle mesh Ewald method
J. Chem. Phys. (1995)
https://doi.org/10.1063/1.470117
-------- -------- --- Thank You --- -------- --------

Using a Gaussian width (1/beta) of 0.320163 nm for Ewald
Potential shift: LJ r^-12: -1.000e+00 r^-6: -1.000e+00, Ewald -1.000e-05
Initialized non-bonded Coulomb Ewald tables, spacing: 9.33e-04 size: 1073

Generated table with 1059 data points for 1-4 COUL.
Tabscale = 500 points/nm
Generated table with 1059 data points for 1-4 LJ6.
Tabscale = 500 points/nm
Generated table with 1059 data points for 1-4 LJ12.
Tabscale = 500 points/nm
Long Range LJ corr.: <C6> 2.8636e-04


Using SIMD4xM 4x8 nonbonded short-range kernels

Using a dual 4x8 pair-list setup updated with dynamic pruning:
  outer list: updated every 50 steps, buffer 0.118 nm, rlist 1.118 nm
  inner list: updated every 10 steps, buffer 0.000 nm, rlist 1.000 nm
At tolerance 0.005 kJ/mol/ps per atom, equivalent classical 1x1 list would be:
  outer list: updated every 50 steps, buffer 0.246 nm, rlist 1.246 nm
  inner list: updated every 10 steps, buffer 0.040 nm, rlist 1.040 nm

The average pressure is off by at most 0.37 bar due to missing LJ interactions

Using Lorentz-Berthelot Lennard-Jones combination rule
Removing pbc first time

Linking all bonded interactions to atoms


Pinning threads with an auto-selected logical cpu stride of 1

Initializing LINear Constraint Solver

++++ PLEASE READ AND CITE THE FOLLOWING REFERENCE ++++
B. Hess, H. Bekker, H. J. C. Berendsen, J. G. E. M. Fraaije
LINCS: A Linear Constraint Solver for molecular simulations
J. Comp. Chem. (1997)
https://doi.org/10.1002/(sici)1096-987x(199709)18:12<1463::aid-jcc4>3.0.co;2-h
-------- -------- --- Thank You --- -------- --------

The number of constraints is 73

++++ PLEASE READ AND CITE THE FOLLOWING REFERENCE ++++
S. Miyamoto, P. A. Kollman
SETTLE: An Analytical Version of the SHAKE and RATTLE Algorithms for Rigid
Water Models
J. Comp. Chem. (1992)
https://doi.org/10.1002/jcc.540130805
-------- -------- --- Thank You --- -------- --------

Intra-simulation communication will occur every 100 steps.

++++ PLEASE READ AND CITE THE FOLLOWING REFERENCE ++++
G. Bussi, D. Donadio, M. Parrinello
Canonical sampling through velocity rescaling
J. Chem. Phys. (2007)
https://doi.org/10.1063/1.2408420
-------- -------- --- Thank You --- -------- --------

There are: 12118 Atoms
Atom distribution over 4 domains: av 3029 stddev 77 min 2945 max 3093

Constraining the starting coordinates (step 0)

Constraining the coordinates at t0-dt (step 0)
Center of mass motion removal mode is Linear
We have the following groups for center of mass motion removal:
  0:  rest
RMS relative constraint deviation after constraining: 2.07e-06
Initial temperature: 338.968 K

Started mdrun on rank 0 Tue Sep 29 19:49:06 2026

           Step           Time
              0        0.00000

   Energies (kJ/mol)
           Bond          Angle    Proper Dih. Per. Imp. Dih.          LJ-14
    1.82587e+01    7.23665e+01    3.47120e+02    3.20552e+00    1.59437e+02
     Coulomb-14        LJ (SR)  Disper. corr.   Coulomb (SR)   Coul. recip.
    2.31810e+03    2.33671e+04   -1.40738e+03   -2.10161e+05    9.59181e+02
      Potential    Kinetic En.   Total Energy  Conserved En.    Temperature
   -1.84323e+05    3.43237e+04   -1.50000e+05   -1.50000e+05    3.39071e+02
 Pres. DC (bar) Pressure (bar)   Constr. rmsd
   -1.87192e+02   -3.93815e+03    2.00940e-06


DD  step 49 load imb.: force 17.3%

step 100 Turning on dynamic load balancing, because the performance loss due to load imbalance is 10.0 %.

DD  step 999  vol min/aver 0.749  load imb.: force  0.7%
           Step           Time
           1000        2.00000

   Energies (kJ/mol)
           Bond          Angle    Proper Dih. Per. Imp. Dih.          LJ-14
    1.24403e+02    2.77885e+02    3.68235e+02    1.30795e+01    1.59794e+02
     Coulomb-14        LJ (SR)  Disper. corr.   Coulomb (SR)   Coul. recip.
    2.29621e+03    2.51201e+04   -1.40738e+03   -1.97320e+05    1.16678e+03
      Potential    Kinetic En.   Total Energy  Conserved En.    Temperature
   -1.69201e+05    2.99245e+04   -1.39277e+05   -1.49753e+05    2.95614e+02
 Pres. DC (bar) Pressure (bar)   Constr. rmsd
   -1.87192e+02   -5.43131e+02    1.69418e-06


DD  step 1999  vol min/aver 0.766  load imb.: force  1.9%
           Step           Time
           2000        4.00000

   Energies (kJ/mol)
           Bond          Angle    Proper Dih. Per. Imp. Dih.          LJ-14
    1.50845e+02    2.93388e+02    3.60509e+02    3.29379e+01    1.85780e+02
     Coulomb-14        LJ (SR)  Disper. corr.   Coulomb (SR)   Coul. recip.
    2.39023e+03    2.42010e+04   -1.40738e+03   -1.92441e+05    1.25989e+03
      Potential    Kinetic En.   Total Energy  Conserved En.    Temperature
   -1.64974e+05    3.20260e+04   -1.32948e+05   -1.49750e+05    3.16373e+02
 Pres. DC (bar) Pressure (bar)   Constr. rmsd
   -1.87192e+02   -3.20649e+01    3.08299e-06


DD  step 2999  vol min/aver 0.786  load imb.: force  1.4%
           Step           Time
           3000        6.00000

   Energies (kJ/mol)
           Bond          Angle    Proper Dih. Per. Imp. Dih.          LJ-14
    1.23079e+02    3.38704e+02    3.88056e+02    4.33110e+01    1.86222e+02
     Coulomb-14        LJ (SR)  Disper. corr.   Coulomb (SR)   Coul. recip.
    2.28733e+03    2.30790e+04   -1.40738e+03   -1.88914e+05    1.26474e+03
      Potential    Kinetic En.   Total Energy  Conserved En.    Temperature
   -1.62611e+05    3.30546e+04   -1.29557e+05   -1.49755e+05    3.26534e+02
 Pres. DC (bar) Pressure (bar)   Constr. rmsd
   -1.87192e+02   -5.67820e+01    3.15959e-06


DD  step 3999  vol min/aver 0.845  load imb.: force  5.3%

step 4000 Turning off dynamic load balancing, because it is degrading performance.
Atom distribution over 4 domains: av 3029 stddev 57 min 3013 max 3049
           Step           Time
           4000        8.00000

   Energies (kJ/mol)
           Bond          Angle    Proper Dih. Per. Imp. Dih.          LJ-14
    1.26780e+02    3.00969e+02    3.80537e+02    2.05114e+01    1.67858e+02
     Coulomb-14        LJ (SR)  Disper. corr.   Coulomb (SR)   Coul. recip.
    2.34915e+03    2.39568e+04   -1.40738e+03   -1.89111e+05    1.32881e+03
      Potential    Kinetic En.   Total Energy  Conserved En.    Temperature
   -1.61887e+05    3.33204e+04   -1.28566e+05   -1.49761e+05    3.29160e+02
 Pres. DC (bar) Pressure (bar)   Constr. rmsd
   -1.87192e+02    3.81989e+02    2.19962e-06


DD  step 4999 load imb.: force 10.2%
           Step           Time
           5000       10.00000

   Energies (kJ/mol)
           Bond          Angle    Proper Dih. Per. Imp. Dih.          LJ-14
    1.35543e+02    3.29725e+02    3.88525e+02    3.02991e+01    1.83509e+02
     Coulomb-14        LJ (SR)  Disper. corr.   Coulomb (SR)   Coul. recip.
    2.32072e+03    2.44474e+04   -1.40738e+03   -1.88674e+05    1.33588e+03
      Potential    Kinetic En.   Total Energy  Conserved En.    Temperature
   -1.60910e+05    3.37749e+04   -1.27135e+05   -1.49755e+05    3.33649e+02
 Pres. DC (bar) Pressure (bar)   Constr. rmsd
   -1.87192e+02    8.72525e+02    2.04485e-06


DD  step 5999 load imb.: force 15.6%
           Step           Time
           6000       12.00000

   Energies (kJ/mol)
           Bond          Angle    Proper Dih. Per. Imp. Dih.          LJ-14
    1.45864e+02    3.43493e+02    3.79391e+02    1.86649e+01    1.76068e+02
     Coulomb-14        LJ (SR)  Disper. corr.   Coulomb (SR)   Coul. recip.
    2.33443e+03    2.39048e+04   -1.40738e+03   -1.88337e+05    1.29327e+03
      Potential    Kinetic En.   Total Energy  Conserved En.    Temperature
   -1.61148e+05    3.48229e+04   -1.26325e+05   -1.49757e+05    3.44002e+02
 Pres. DC (bar) Pressure (bar)   Constr. rmsd
   -1.87192e+02    6.82698e+02    2.59479e-06


DD  step 6999 load imb.: force 19.1%
           Step           Time
           7000       14.00000

   Energies (kJ/mol)
           Bond          Angle    Proper Dih. Per. Imp. Dih.          LJ-14
    1.53288e+02    3.17962e+02    3.80848e+02    1.46702e+01    1.71926e+02
     Coulomb-14        LJ (SR)  Disper. corr.   Coulomb (SR)   Coul. recip.
    2.35352e+03    2.37589e+04   -1.40738e+03   -1.88437e+05    1.34282e+03
      Potential    Kinetic En.   Total Energy  Conserved En.    Temperature
   -1.61351e+05    3.43911e+04   -1.26960e+05   -1.49757e+05    3.39737e+02
 Pres. DC (bar) Pressure (bar)   Constr. rmsd
   -1.87192e+02    4.00409e+02    1.94580e-06


DD  step 7999 load imb.: force 17.0%
           Step           Time
           8000       16.00000

   Energies (kJ/mol)
           Bond          Angle    Proper Dih. Per. Imp. Dih.          LJ-14
    1.47254e+02    3.23930e+02    4.12834e+02    4.54834e+01    1.80997e+02
     Coulomb-14        LJ (SR)  Disper. corr.   Coulomb (SR)   Coul. recip.
    2.35295e+03    2.31139e+04   -1.40738e+03   -1.87483e+05    1.32426e+03
      Potential    Kinetic En.   Total Energy  Conserved En.    Temperature
   -1.60989e+05    3.46313e+04   -1.26358e+05   -1.49766e+05    3.42110e+02
 Pres. DC (bar) Pressure (bar)   Constr. rmsd
   -1.87192e+02    2.39797e+02    1.96998e-06


DD  step 8999 load imb.: force 21.4%
           Step           Time
           9000       18.00000

   Energies (kJ/mol)
           Bond          Angle    Proper Dih. Per. Imp. Dih.          LJ-14
    1.00122e+02    2.73270e+02    3.90106e+02    2.11711e+01    1.82402e+02
     Coulomb-14        LJ (SR)  Disper. corr.   Coulomb (SR)   Coul. recip.
    2.34891e+03    2.34077e+04   -1.40738e+03   -1.87367e+05    1.35418e+03
      Potential    Kinetic En.   Total Energy  Conserved En.    Temperature
   -1.60696e+05    3.39680e+04   -1.26728e+05   -1.49764e+05    3.35558e+02
 Pres. DC (bar) Pressure (bar)   Constr. rmsd
   -1.87192e+02    4.10485e+02    1.62874e-06


DD  step 9999 load imb.: force 22.2%

step 10000 Turning on dynamic load balancing, because the performance loss due to load imbalance is 3.5 %.
           Step           Time
          10000       20.00000

   Energies (kJ/mol)
           Bond          Angle    Proper Dih. Per. Imp. Dih.          LJ-14
    1.49258e+02    3.33839e+02    3.53692e+02    1.74483e+01    1.77260e+02
     Coulomb-14        LJ (SR)  Disper. corr.   Coulomb (SR)   Coul. recip.
    2.34778e+03    2.29369e+04   -1.40738e+03   -1.87443e+05    1.23767e+03
      Potential    Kinetic En.   Total Energy  Conserved En.    Temperature
   -1.61297e+05    3.43712e+04   -1.26926e+05   -1.49755e+05    3.39541e+02
 Pres. DC (bar) Pressure (bar)   Constr. rmsd
   -1.87192e+02    1.90472e+02    2.68980e-06


DD  step 10999  vol min/aver 0.729  load imb.: force  4.7%
           Step           Time
          11000       22.00000

   Energies (kJ/mol)
           Bond          Angle    Proper Dih. Per. Imp. Dih.          LJ-14
    1.50881e+02    3.39577e+02    3.78922e+02    2.65359e+01    1.82916e+02
     Coulomb-14        LJ (SR)  Disper. corr.   Coulomb (SR)   Coul. recip.
    2.36299e+03    2.40274e+04   -1.40738e+03   -1.88839e+05    1.33199e+03
      Potential    Kinetic En.   Total Energy  Conserved En.    Temperature
   -1.61445e+05    3.42457e+04   -1.27199e+05   -1.49744e+05    3.38301e+02
 Pres. DC (bar) Pressure (bar)   Constr. rmsd
   -1.87192e+02    6.17292e+02    1.14248e-06


DD  step 11999  vol min/aver 0.730  load imb.: force  1.8%
           Step           Time
          12000       24.00000

   Energies (kJ/mol)
           Bond          Angle    Proper Dih. Per. Imp. Dih.          LJ-14
    1.24703e+02    2.64685e+02    3.71745e+02    1.72250e+01    1.72503e+02
     Coulomb-14        LJ (SR)  Disper. corr.   Coulomb (SR)   Coul. recip.
    2.34818e+03    2.34101e+04   -1.40738e+03   -1.87678e+05    1.29426e+03
      Potential    Kinetic En.   Total Energy  Conserved En.    Temperature
   -1.61082e+05    3.38334e+04   -1.27249e+05   -1.49755e+05    3.34228e+02
 Pres. DC (bar) Pressure (bar)   Constr. rmsd
   -1.87192e+02    2.05718e+02    3.79716e-06


DD  step 12999  vol min/aver 0.716  load imb.: force  1.2%
           Step           Time
          13000       26.00000

   Energies (kJ/mol)
           Bond          Angle    Proper Dih. Per. Imp. Dih.          LJ-14
    1.47888e+02    3.59686e+02    3.79591e+02    1.26297e+01    1.92629e+02
     Coulomb-14        LJ (SR)  Disper. corr.   Coulomb (SR)   Coul. recip.
    2.38636e+03    2.36355e+04   -1.40738e+03   -1.87125e+05    1.32449e+03
      Potential    Kinetic En.   Total Energy  Conserved En.    Temperature
   -1.60094e+05    3.39915e+04   -1.26102e+05   -1.49738e+05    3.35790e+02
 Pres. DC (bar) Pressure (bar)   Constr. rmsd
   -1.87192e+02    7.63094e+02    2.75886e-06


DD  step 13999  vol min/aver 0.781  load imb.: force  1.2%
           Step           Time
          14000       28.00000

   Energies (kJ/mol)
           Bond          Angle    Proper Dih. Per. Imp. Dih.          LJ-14
    1.34761e+02    2.86626e+02    3.72037e+02    2.41737e+01    1.74073e+02
     Coulomb-14        LJ (SR)  Disper. corr.   Coulomb (SR)   Coul. recip.
    2.37047e+03    2.30450e+04   -1.40738e+03   -1.87478e+05    1.33827e+03
      Potential    Kinetic En.   Total Energy  Conserved En.    Temperature
   -1.61140e+05    3.39248e+04   -1.27215e+05   -1.49743e+05    3.35131e+02
 Pres. DC (bar) Pressure (bar)   Constr. rmsd
   -1.87192e+02    1.61797e+02    3.37021e-06


DD  step 14999  vol min/aver 0.767  load imb.: force  1.4%
           Step           Time
          15000       30.00000

   Energies (kJ/mol)
           Bond          Angle    Proper Dih. Per. Imp. Dih.          LJ-14
    1.53724e+02    3.76421e+02    3.97187e+02    3.39277e+01    1.81653e+02
     Coulomb-14        LJ (SR)  Disper. corr.   Coulomb (SR)   Coul. recip.
    2.41200e+03    2.35293e+04   -1.40738e+03   -1.88455e+05    1.29477e+03
      Potential    Kinetic En.   Total Energy  Conserved En.    Temperature
   -1.61483e+05    3.45175e+04   -1.26966e+05   -1.49739e+05    3.40985e+02
 Pres. DC (bar) Pressure (bar)   Constr. rmsd
   -1.87192e+02    4.68839e+02    2.37922e-06


DD  step 15999  vol min/aver 0.778  load imb.: force  0.8%
           Step           Time
          16000       32.00000

   Energies (kJ/mol)
           Bond          Angle    Proper Dih. Per. Imp. Dih.          LJ-14
    1.63233e+02    3.09102e+02    3.60517e+02    2.69511e+01    1.61702e+02
     Coulomb-14        LJ (SR)  Disper. corr.   Coulomb (SR)   Coul. recip.
    2.37005e+03    2.36696e+04   -1.40738e+03   -1.88501e+05    1.21399e+03
      Potential    Kinetic En.   Total Energy  Conserved En.    Temperature
   -1.61633e+05    3.42459e+04   -1.27387e+05   -1.49755e+05    3.38303e+02
 Pres. DC (bar) Pressure (bar)   Constr. rmsd
   -1.87192e+02    3.19812e+02    2.12773e-06


DD  step 16999  vol min/aver 0.754  load imb.: force  1.9%
           Step           Time
          17000       34.00000

   Energies (kJ/mol)
           Bond          Angle    Proper Dih. Per. Imp. Dih.          LJ-14
    1.43395e+02    3.83262e+02    3.40769e+02    2.61267e+01    1.60662e+02
     Coulomb-14        LJ (SR)  Disper. corr.   Coulomb (SR)   Coul. recip.
    2.29108e+03    2.36422e+04   -1.40738e+03   -1.88190e+05    1.32994e+03
      Potential    Kinetic En.   Total Energy  Conserved En.    Temperature
   -1.61280e+05    3.43186e+04   -1.26961e+05   -1.49739e+05    3.39021e+02
 Pres. DC (bar) Pressure (bar)   Constr. rmsd
   -1.87192e+02    3.05146e+02    1.69096e-06


DD  step 17999  vol min/aver 0.762  load imb.: force  1.9%
           Step           Time
          18000       36.00000

   Energies (kJ/mol)
           Bond          Angle    Proper Dih. Per. Imp. Dih.          LJ-14
    1.42606e+02    3.35372e+02    3.74855e+02    2.19738e+01    1.68209e+02
     Coulomb-14        LJ (SR)  Disper. corr.   Coulomb (SR)   Coul. recip.
    2.34484e+03    2.35726e+04   -1.40738e+03   -1.88160e+05    1.29822e+03
      Potential    Kinetic En.   Total Energy  Conserved En.    Temperature
   -1.61309e+05    3.45712e+04   -1.26738e+05   -1.49743e+05    3.41516e+02
 Pres. DC (bar) Pressure (bar)   Constr. rmsd
   -1.87192e+02    4.46249e+02    2.55304e-06


DD  step 18999  vol min/aver 0.768  load imb.: force  2.5%
           Step           Time
          19000       38.00000

   Energies (kJ/mol)
           Bond          Angle    Proper Dih. Per. Imp. Dih.          LJ-14
    1.29947e+02    3.40312e+02    3.36076e+02    1.41951e+01    1.82909e+02
     Coulomb-14        LJ (SR)  Disper. corr.   Coulomb (SR)   Coul. recip.
    2.34268e+03    2.22183e+04   -1.40738e+03   -1.86273e+05    1.34236e+03
      Potential    Kinetic En.   Total Energy  Conserved En.    Temperature
   -1.60773e+05    3.40938e+04   -1.26680e+05   -1.49739e+05    3.36801e+02
 Pres. DC (bar) Pressure (bar)   Constr. rmsd
   -1.87192e+02    1.69608e+01    3.41876e-06


DD  step 19999  vol min/aver 0.708  load imb.: force  1.3%
           Step           Time
          20000       40.00000

   Energies (kJ/mol)
           Bond          Angle    Proper Dih. Per. Imp. Dih.          LJ-14
    1.25911e+02    3.49547e+02    4.03629e+02    1.32842e+01    1.74621e+02
     Coulomb-14        LJ (SR)  Disper. corr.   Coulomb (SR)   Coul. recip.
    2.37014e+03    2.35270e+04   -1.40738e+03   -1.88124e+05    1.31547e+03
      Potential    Kinetic En.   Total Energy  Conserved En.    Temperature
   -1.61252e+05    3.37024e+04   -1.27550e+05   -1.49728e+05    3.32933e+02
 Pres. DC (bar) Pressure (bar)   Constr. rmsd
   -1.87192e+02    3.24375e+02    2.05530e-06


DD  step 20999  vol min/aver 0.713  load imb.: force  1.1%
           Step           Time
          21000       42.00000

   Energies (kJ/mol)
           Bond          Angle    Proper Dih. Per. Imp. Dih.          LJ-14
    1.21185e+02    3.00796e+02    3.84316e+02    2.77681e+01    2.07735e+02
     Coulomb-14        LJ (SR)  Disper. corr.   Coulomb (SR)   Coul. recip.
    2.42067e+03    2.32194e+04   -1.40738e+03   -1.88059e+05    1.33211e+03
      Potential    Kinetic En.   Total Energy  Conserved En.    Temperature
   -1.61452e+05    3.42175e+04   -1.27235e+05   -1.49737e+05    3.38022e+02
 Pres. DC (bar) Pressure (bar)   Constr. rmsd
   -1.87192e+02    4.58098e+02    2.60976e-06


DD  step 21999  vol min/aver 0.715  load imb.: force  4.6%
           Step           Time
          22000       44.00000

   Energies (kJ/mol)
           Bond          Angle    Proper Dih. Per. Imp. Dih.          LJ-14
    1.40911e+02    3.46334e+02    3.82642e+02    2.66602e+01    1.81294e+02
     Coulomb-14        LJ (SR)  Disper. corr.   Coulomb (SR)   Coul. recip.
    2.30854e+03    2.40690e+04   -1.40738e+03   -1.88357e+05    1.30832e+03
      Potential    Kinetic En.   Total Energy  Conserved En.    Temperature
   -1.61001e+05    3.43824e+04   -1.26618e+05   -1.49734e+05    3.39651e+02
 Pres. DC (bar) Pressure (bar)   Constr. rmsd
   -1.87192e+02    6.73938e+02    2.94211e-06


DD  step 22999  vol min/aver 0.713  load imb.: force  1.4%
           Step           Time
          23000       46.00000

   Energies (kJ/mol)
           Bond          Angle    Proper Dih. Per. Imp. Dih.          LJ-14
    1.32492e+02    3.64591e+02    3.82599e+02    1.93772e+01    1.71914e+02
     Coulomb-14        LJ (SR)  Disper. corr.   Coulomb (SR)   Coul. recip.
    2.40266e+03    2.34611e+04   -1.40738e+03   -1.87903e+05    1.35394e+03
      Potential    Kinetic En.   Total Energy  Conserved En.    Temperature
   -1.61022e+05    3.49082e+04   -1.26114e+05   -1.49733e+05    3.44846e+02
 Pres. DC (bar) Pressure (bar)   Constr. rmsd
   -1.87192e+02    3.78300e+02    2.32793e-06


DD  step 23999  vol min/aver 0.777  load imb.: force  0.9%
           Step           Time
          24000       48.00000

   Energies (kJ/mol)
           Bond          Angle    Proper Dih. Per. Imp. Dih.          LJ-14
    1.33091e+02    3.26910e+02    4.06592e+02    2.01695e+01    1.93763e+02
     Coulomb-14        LJ (SR)  Disper. corr.   Coulomb (SR)   Coul. recip.
    2.36073e+03    2.32343e+04   -1.40738e+03   -1.87766e+05    1.33918e+03
      Potential    Kinetic En.   Total Energy  Conserved En.    Temperature
   -1.61159e+05    3.46457e+04   -1.26513e+05   -1.49724e+05    3.42252e+02
 Pres. DC (bar) Pressure (bar)   Constr. rmsd
   -1.87192e+02    3.24076e+02    1.76496e-06


DD  step 24999  vol min/aver 0.767  load imb.: force  0.7%
           Step           Time
          25000       50.00000

   Energies (kJ/mol)
           Bond          Angle    Proper Dih. Per. Imp. Dih.          LJ-14
    1.79083e+02    3.20175e+02    3.88183e+02    2.90391e+01    1.92177e+02
     Coulomb-14        LJ (SR)  Disper. corr.   Coulomb (SR)   Coul. recip.
    2.35291e+03    2.45513e+04   -1.40738e+03   -1.89672e+05    1.35699e+03
      Potential    Kinetic En.   Total Energy  Conserved En.    Temperature
   -1.61709e+05    3.44766e+04   -1.27233e+05   -1.49720e+05    3.40582e+02
 Pres. DC (bar) Pressure (bar)   Constr. rmsd
   -1.87192e+02    6.72010e+02    1.80307e-06


DD  step 25999  vol min/aver 0.769  load imb.: force  3.8%
           Step           Time
          26000       52.00000

   Energies (kJ/mol)
           Bond          Angle    Proper Dih. Per. Imp. Dih.          LJ-14
    1.59368e+02    2.91880e+02    3.59085e+02    2.82288e+01    1.71033e+02
     Coulomb-14        LJ (SR)  Disper. corr.   Coulomb (SR)   Coul. recip.
    2.37717e+03    2.32525e+04   -1.40738e+03   -1.87165e+05    1.29684e+03
      Potential    Kinetic En.   Total Energy  Conserved En.    Temperature
   -1.60636e+05    3.40154e+04   -1.26621e+05   -1.49721e+05    3.36026e+02
 Pres. DC (bar) Pressure (bar)   Constr. rmsd
   -1.87192e+02    3.63544e+02    1.84896e-06


DD  step 26999  vol min/aver 0.755  load imb.: force  0.5%
           Step           Time
          27000       54.00000

   Energies (kJ/mol)
           Bond          Angle    Proper Dih. Per. Imp. Dih.          LJ-14
    1.47124e+02    3.15395e+02    3.60271e+02    1.77514e+01    1.89230e+02
     Coulomb-14        LJ (SR)  Disper. corr.   Coulomb (SR)   Coul. recip.
    2.37771e+03    2.29933e+04   -1.40738e+03   -1.87319e+05    1.32933e+03
      Potential    Kinetic En.   Total Energy  Conserved En.    Temperature
   -1.60996e+05    3.45605e+04   -1.26435e+05   -1.49727e+05    3.41410e+02
 Pres. DC (bar) Pressure (bar)   Constr. rmsd
   -1.87192e+02    3.84744e+02    2.05171e-06


DD  step 27999  vol min/aver 0.772  load imb.: force  0.7%
           Step           Time
          28000       56.00000

   Energies (kJ/mol)
           Bond          Angle    Proper Dih. Per. Imp. Dih.          LJ-14
    1.11861e+02    3.22345e+02    4.00119e+02    2.59346e+01    1.86124e+02
     Coulomb-14        LJ (SR)  Disper. corr.   Coulomb (SR)   Coul. recip.
    2.41372e+03    2.26654e+04   -1.40738e+03   -1.87181e+05    1.35914e+03
      Potential    Kinetic En.   Total Energy  Conserved En.    Temperature
   -1.61104e+05    3.51507e+04   -1.25953e+05   -1.49719e+05    3.47241e+02
 Pres. DC (bar) Pressure (bar)   Constr. rmsd
   -1.87192e+02    2.11837e+02    1.65684e-06


DD  step 28999  vol min/aver 0.745  load imb.: force  1.1%
           Step           Time
          29000       58.00000

   Energies (kJ/mol)
           Bond          Angle    Proper Dih. Per. Imp. Dih.          LJ-14
    1.49531e+02    3.19445e+02    3.69071e+02    1.41057e+01    2.01199e+02
     Coulomb-14        LJ (SR)  Disper. corr.   Coulomb (SR)   Coul. recip.
    2.42835e+03    2.34898e+04   -1.40738e+03   -1.87744e+05    1.35931e+03
      Potential    Kinetic En.   Total Energy  Conserved En.    Temperature
   -1.60821e+05    3.43981e+04   -1.26423e+05   -1.49715e+05    3.39806e+02
 Pres. DC (bar) Pressure (bar)   Constr. rmsd
   -1.87192e+02    6.17673e+02    1.61547e-06


DD  step 29999  vol min/aver 0.768  load imb.: force  1.1%
           Step           Time
          30000       60.00000

   Energies (kJ/mol)
           Bond          Angle    Proper Dih. Per. Imp. Dih.          LJ-14
    1.55413e+02    2.84788e+02    3.94591e+02    1.46271e+01    1.75542e+02
     Coulomb-14        LJ (SR)  Disper. corr.   Coulomb (SR)   Coul. recip.
    2.37489e+03    2.45700e+04   -1.40738e+03   -1.89255e+05    1.31885e+03
      Potential    Kinetic En.   Total Energy  Conserved En.    Temperature
   -1.61373e+05    3.43578e+04   -1.27015e+05   -1.49712e+05    3.39408e+02
 Pres. DC (bar) Pressure (bar)   Constr. rmsd
   -1.87192e+02    7.75521e+02    1.74275e-06


DD  step 30999  vol min/aver 0.747  load imb.: force  2.9%
           Step           Time
          31000       62.00000

   Energies (kJ/mol)
           Bond          Angle    Proper Dih. Per. Imp. Dih.          LJ-14
    1.73200e+02    2.84087e+02    3.68531e+02    1.28327e+01    1.88742e+02
     Coulomb-14        LJ (SR)  Disper. corr.   Coulomb (SR)   Coul. recip.
    2.40999e+03    2.32310e+04   -1.40738e+03   -1.88382e+05    1.35464e+03
      Potential    Kinetic En.   Total Energy  Conserved En.    Temperature
   -1.61767e+05    3.45310e+04   -1.27236e+05   -1.49712e+05    3.41119e+02
 Pres. DC (bar) Pressure (bar)   Constr. rmsd
   -1.87192e+02    3.32733e+02    1.82403e-06


DD  step 31999  vol min/aver 0.751  load imb.: force  0.8%
           Step           Time
          32000       64.00000

   Energies (kJ/mol)
           Bond          Angle    Proper Dih. Per. Imp. Dih.          LJ-14
    1.73051e+02    2.56841e+02    3.54603e+02    2.39475e+01    1.71976e+02
     Coulomb-14        LJ (SR)  Disper. corr.   Coulomb (SR)   Coul. recip.
    2.32959e+03    2.36424e+04   -1.40738e+03   -1.88377e+05    1.34196e+03
      Potential    Kinetic En.   Total Energy  Conserved En.    Temperature
   -1.61490e+05    3.40880e+04   -1.27402e+05   -1.49713e+05    3.36743e+02
 Pres. DC (bar) Pressure (bar)   Constr. rmsd
   -1.87192e+02    3.12131e+02    2.21819e-06


DD  step 32999  vol min/aver 0.736  load imb.: force  4.8%

step 33000 Turning off dynamic load balancing, because it is degrading performance.
Atom distribution over 4 domains: av 3029 stddev 74 min 2951 max 3086
           Step           Time
          33000       66.00000

   Energies (kJ/mol)
           Bond          Angle    Proper Dih. Per. Imp. Dih.          LJ-14
    1.64941e+02    3.43831e+02    4.04914e+02    3.31618e+01    1.80573e+02
     Coulomb-14        LJ (SR)  Disper. corr.   Coulomb (SR)   Coul. recip.
    2.35868e+03    2.35064e+04   -1.40738e+03   -1.87388e+05    1.39650e+03
      Potential    Kinetic En.   Total Energy  Conserved En.    Temperature
   -1.60406e+05    3.41449e+04   -1.26261e+05   -1.49703e+05    3.37305e+02
 Pres. DC (bar) Pressure (bar)   Constr. rmsd
   -1.87192e+02    5.57474e+02    2.00259e-06


DD  step 33999 load imb.: force 23.5%
           Step           Time
          34000       68.00000

   Energies (kJ/mol)
           Bond          Angle    Proper Dih. Per. Imp. Dih.          LJ-14
    1.76795e+02    3.36212e+02    3.78170e+02    1.54225e+01    1.78309e+02
     Coulomb-14        LJ (SR)  Disper. corr.   Coulomb (SR)   Coul. recip.
    2.37307e+03    2.34314e+04   -1.40738e+03   -1.87976e+05    1.31032e+03
      Potential    Kinetic En.   Total Energy  Conserved En.    Temperature
   -1.61183e+05    3.47215e+04   -1.26462e+05   -1.49708e+05    3.43001e+02
 Pres. DC (bar) Pressure (bar)   Constr. rmsd
   -1.87192e+02    3.72554e+02    1.83723e-06


DD  step 34999 load imb.: force 24.1%

step 35000 Will no longer try dynamic load balancing, as it degraded performance.
           Step           Time
          35000       70.00000

   Energies (kJ/mol)
           Bond          Angle    Proper Dih. Per. Imp. Dih.          LJ-14
    1.60723e+02    3.29726e+02    3.83098e+02    1.51040e+01    1.72320e+02
     Coulomb-14        LJ (SR)  Disper. corr.   Coulomb (SR)   Coul. recip.
    2.37061e+03    2.37519e+04   -1.40738e+03   -1.88345e+05    1.35284e+03
      Potential    Kinetic En.   Total Energy  Conserved En.    Temperature
   -1.61216e+05    3.47602e+04   -1.26456e+05   -1.49705e+05    3.43383e+02
 Pres. DC (bar) Pressure (bar)   Constr. rmsd
   -1.87192e+02    4.22548e+02    4.14449e-06


DD  step 35999 load imb.: force 22.5%
           Step           Time
          36000       72.00000

   Energies (kJ/mol)
           Bond          Angle    Proper Dih. Per. Imp. Dih.          LJ-14
    1.69187e+02    3.67786e+02    3.91386e+02    2.06987e+01    1.91693e+02
     Coulomb-14        LJ (SR)  Disper. corr.   Coulomb (SR)   Coul. recip.
    2.36719e+03    2.34967e+04   -1.40738e+03   -1.88054e+05    1.33467e+03
      Potential    Kinetic En.   Total Energy  Conserved En.    Temperature
   -1.61122e+05    3.47703e+04   -1.26352e+05   -1.49706e+05    3.43483e+02
 Pres. DC (bar) Pressure (bar)   Constr. rmsd
   -1.87192e+02    4.57570e+02    2.75360e-06


DD  step 36999 load imb.: force 23.9%
           Step           Time
          37000       74.00000

   Energies (kJ/mol)
           Bond          Angle    Proper Dih. Per. Imp. Dih.          LJ-14
    1.53942e+02    3.24569e+02    3.92609e+02    1.43328e+01    1.78124e+02
     Coulomb-14        LJ (SR)  Disper. corr.   Coulomb (SR)   Coul. recip.
    2.36903e+03    2.32400e+04   -1.40738e+03   -1.87463e+05    1.35077e+03
      Potential    Kinetic En.   Total Energy  Conserved En.    Temperature
   -1.60847e+05    3.40992e+04   -1.26748e+05   -1.49712e+05    3.36854e+02
 Pres. DC (bar) Pressure (bar)   Constr. rmsd
   -1.87192e+02    3.89154e+02    1.71062e-06


DD  step 37999 load imb.: force 22.5%
           Step           Time
          38000       76.00000

   Energies (kJ/mol)
           Bond          Angle    Proper Dih. Per. Imp. Dih.          LJ-14
    1.29106e+02    2.57261e+02    3.80956e+02    2.55625e+01    1.92101e+02
     Coulomb-14        LJ (SR)  Disper. corr.   Coulomb (SR)   Coul. recip.
    2.36760e+03    2.36874e+04   -1.40738e+03   -1.88777e+05    1.35479e+03
      Potential    Kinetic En.   Total Energy  Conserved En.    Temperature
   -1.61789e+05    3.43992e+04   -1.27390e+05   -1.49714e+05    3.39817e+02
 Pres. DC (bar) Pressure (bar)   Constr. rmsd
   -1.87192e+02    5.06713e+02    4.03086e-06


DD  step 38999 load imb.: force 22.9%
           Step           Time
          39000       78.00000

   Energies (kJ/mol)
           Bond          Angle    Proper Dih. Per. Imp. Dih.          LJ-14
    1.20831e+02    3.00003e+02    3.67990e+02    1.86844e+01    1.88006e+02
     Coulomb-14        LJ (SR)  Disper. corr.   Coulomb (SR)   Coul. recip.
    2.37020e+03    2.27853e+04   -1.40738e+03   -1.86978e+05    1.27632e+03
      Potential    Kinetic En.   Total Energy  Conserved En.    Temperature
   -1.60958e+05    3.37037e+04   -1.27254e+05   -1.49709e+05    3.32946e+02
 Pres. DC (bar) Pressure (bar)   Constr. rmsd
   -1.87192e+02    1.79987e+02    2.27870e-06


DD  step 39999 load imb.: force 19.2%
           Step           Time
          40000       80.00000

   Energies (kJ/mol)
           Bond          Angle    Proper Dih. Per. Imp. Dih.          LJ-14
    1.47321e+02    3.10838e+02    3.76214e+02    2.76324e+01    1.71430e+02
     Coulomb-14        LJ (SR)  Disper. corr.   Coulomb (SR)   Coul. recip.
    2.34312e+03    2.25201e+04   -1.40738e+03   -1.87199e+05    1.28711e+03
      Potential    Kinetic En.   Total Energy  Conserved En.    Temperature
   -1.61422e+05    3.39190e+04   -1.27503e+05   -1.49711e+05    3.35073e+02
 Pres. DC (bar) Pressure (bar)   Constr. rmsd
   -1.87192e+02   -9.46325e+01    2.07914e-06


DD  step 40999 load imb.: force 16.5%
           Step           Time
          41000       82.00000

   Energies (kJ/mol)
           Bond          Angle    Proper Dih. Per. Imp. Dih.          LJ-14
    1.18664e+02    2.70671e+02    3.73558e+02    2.50744e+01    2.04179e+02
     Coulomb-14        LJ (SR)  Disper. corr.   Coulomb (SR)   Coul. recip.
    2.33297e+03    2.33585e+04   -1.40738e+03   -1.87547e+05    1.34869e+03
      Potential    Kinetic En.   Total Energy  Conserved En.    Temperature
   -1.60922e+05    3.42659e+04   -1.26656e+05   -1.49706e+05    3.38501e+02
 Pres. DC (bar) Pressure (bar)   Constr. rmsd
   -1.87192e+02    4.29443e+02    2.66535e-06


DD  step 41999 load imb.: force 17.5%
           Step           Time
          42000       84.00000

   Energies (kJ/mol)
           Bond          Angle    Proper Dih. Per. Imp. Dih.          LJ-14
    2.14934e+02    3.37896e+02    3.81838e+02    1.88219e+01    1.52664e+02
     Coulomb-14        LJ (SR)  Disper. corr.   Coulomb (SR)   Coul. recip.
    2.31201e+03    2.32620e+04   -1.40738e+03   -1.87779e+05    1.31014e+03
      Potential    Kinetic En.   Total Energy  Conserved En.    Temperature
   -1.61196e+05    3.46708e+04   -1.26526e+05   -1.49699e+05    3.42500e+02
 Pres. DC (bar) Pressure (bar)   Constr. rmsd
   -1.87192e+02    1.43496e+02    3.37315e-06


DD  step 42999 load imb.: force 18.5%
           Step           Time
          43000       86.00000

   Energies (kJ/mol)
           Bond          Angle    Proper Dih. Per. Imp. Dih.          LJ-14
    1.94813e+02    3.12068e+02    3.92275e+02    1.83983e+01    1.82105e+02
     Coulomb-14        LJ (SR)  Disper. corr.   Coulomb (SR)   Coul. recip.
    2.34534e+03    2.36552e+04   -1.40738e+03   -1.87943e+05    1.34735e+03
      Potential    Kinetic En.   Total Energy  Conserved En.    Temperature
   -1.60902e+05    3.49958e+04   -1.25907e+05   -1.49695e+05    3.45710e+02
 Pres. DC (bar) Pressure (bar)   Constr. rmsd
   -1.87192e+02    5.21779e+02    3.02126e-06


DD  step 43999 load imb.: force 17.7%
           Step           Time
          44000       88.00000

   Energies (kJ/mol)
           Bond          Angle    Proper Dih. Per. Imp. Dih.          LJ-14
    1.62162e+02    3.11275e+02    3.95898e+02    2.80113e+01    1.89206e+02
     Coulomb-14        LJ (SR)  Disper. corr.   Coulomb (SR)   Coul. recip.
    2.35623e+03    2.34232e+04   -1.40738e+03   -1.87335e+05    1.33795e+03
      Potential    Kinetic En.   Total Energy  Conserved En.    Temperature
   -1.60538e+05    3.44220e+04   -1.26116e+05   -1.49705e+05    3.40042e+02
 Pres. DC (bar) Pressure (bar)   Constr. rmsd
   -1.87192e+02    5.41616e+02    2.63312e-06


DD  step 44999 load imb.: force 20.3%
           Step           Time
          45000       90.00000

   Energies (kJ/mol)
           Bond          Angle    Proper Dih. Per. Imp. Dih.          LJ-14
    1.37443e+02    3.37888e+02    3.85975e+02    1.82567e+01    1.78086e+02
     Coulomb-14        LJ (SR)  Disper. corr.   Coulomb (SR)   Coul. recip.
    2.28332e+03    2.40473e+04   -1.40738e+03   -1.88553e+05    1.28688e+03
      Potential    Kinetic En.   Total Energy  Conserved En.    Temperature
   -1.61285e+05    3.43522e+04   -1.26933e+05   -1.49689e+05    3.39353e+02
 Pres. DC (bar) Pressure (bar)   Constr. rmsd
   -1.87192e+02    6.32013e+02    1.32270e-06


DD  step 45999 load imb.: force 17.5%
           Step           Time
          46000       92.00000

   Energies (kJ/mol)
           Bond          Angle    Proper Dih. Per. Imp. Dih.          LJ-14
    1.42017e+02    3.24525e+02    3.63952e+02    1.26676e+01    1.73635e+02
     Coulomb-14        LJ (SR)  Disper. corr.   Coulomb (SR)   Coul. recip.
    2.35269e+03    2.29449e+04   -1.40738e+03   -1.88041e+05    1.35430e+03
      Potential    Kinetic En.   Total Energy  Conserved En.    Temperature
   -1.61779e+05    3.41497e+04   -1.27630e+05   -1.49696e+05    3.37352e+02
 Pres. DC (bar) Pressure (bar)   Constr. rmsd
   -1.87192e+02    1.12952e+02    2.05762e-06


DD  step 46999 load imb.: force 23.8%
           Step           Time
          47000       94.00000

   Energies (kJ/mol)
           Bond          Angle    Proper Dih. Per. Imp. Dih.          LJ-14
    1.17827e+02    3.04131e+02    3.87375e+02    2.57250e+01    1.78746e+02
     Coulomb-14        LJ (SR)  Disper. corr.   Coulomb (SR)   Coul. recip.
    2.36076e+03    2.37833e+04   -1.40738e+03   -1.89098e+05    1.33268e+03
      Potential    Kinetic En.   Total Energy  Conserved En.    Temperature
   -1.62015e+05    3.40531e+04   -1.27962e+05   -1.49682e+05    3.36398e+02
 Pres. DC (bar) Pressure (bar)   Constr. rmsd
   -1.87192e+02    2.97893e+02    1.86812e-06


DD  step 47999 load imb.: force 21.6%
           Step           Time
          48000       96.00000

   Energies (kJ/mol)
           Bond          Angle    Proper Dih. Per. Imp. Dih.          LJ-14
    1.80565e+02    3.99629e+02    3.57645e+02    3.89639e+01    1.53408e+02
     Coulomb-14        LJ (SR)  Disper. corr.   Coulomb (SR)   Coul. recip.
    2.32962e+03    2.36562e+04   -1.40738e+03   -1.88416e+05    1.33874e+03
      Potential    Kinetic En.   Total Energy  Conserved En.    Temperature
   -1.61368e+05    3.43884e+04   -1.26980e+05   -1.49681e+05    3.39711e+02
 Pres. DC (bar) Pressure (bar)   Constr. rmsd
   -1.87192e+02    1.82120e+02    1.43576e-06


DD  step 48999 load imb.: force 23.5%
           Step           Time
          49000       98.00000

   Energies (kJ/mol)
           Bond          Angle    Proper Dih. Per. Imp. Dih.          LJ-14
    1.96896e+02    2.80934e+02    3.90753e+02    2.10919e+01    1.83279e+02
     Coulomb-14        LJ (SR)  Disper. corr.   Coulomb (SR)   Coul. recip.
    2.34813e+03    2.37184e+04   -1.40738e+03   -1.88516e+05    1.33061e+03
      Potential    Kinetic En.   Total Energy  Conserved En.    Temperature
   -1.61454e+05    3.45870e+04   -1.26866e+05   -1.49689e+05    3.41672e+02
 Pres. DC (bar) Pressure (bar)   Constr. rmsd
   -1.87192e+02    4.20187e+02    2.07198e-06


DD  step 49999 load imb.: force 25.0%
           Step           Time
          50000      100.00000

   Energies (kJ/mol)
           Bond          Angle    Proper Dih. Per. Imp. Dih.          LJ-14
    1.25272e+02    3.24488e+02    3.67286e+02    3.64402e+01    1.66655e+02
     Coulomb-14        LJ (SR)  Disper. corr.   Coulomb (SR)   Coul. recip.
    2.33064e+03    2.31239e+04   -1.40738e+03   -1.87718e+05    1.33020e+03
      Potential    Kinetic En.   Total Energy  Conserved En.    Temperature
   -1.61321e+05    3.40155e+04   -1.27305e+05   -1.49684e+05    3.36026e+02
 Pres. DC (bar) Pressure (bar)   Constr. rmsd
   -1.87192e+02    1.99607e+02    2.09060e-06


DD  step 50999 load imb.: force 25.7%
           Step           Time
          51000      102.00000

   Energies (kJ/mol)
           Bond          Angle    Proper Dih. Per. Imp. Dih.          LJ-14
    1.65629e+02    3.21706e+02    3.65396e+02    1.66010e+01    1.79764e+02
     Coulomb-14        LJ (SR)  Disper. corr.   Coulomb (SR)   Coul. recip.
    2.34580e+03    2.28564e+04   -1.40738e+03   -1.87466e+05    1.27862e+03
      Potential    Kinetic En.   Total Energy  Conserved En.    Temperature
   -1.61343e+05    3.44853e+04   -1.26858e+05   -1.49688e+05    3.40667e+02
 Pres. DC (bar) Pressure (bar)   Constr. rmsd
   -1.87192e+02    4.15113e+01    2.83647e-06


DD  step 51999 load imb.: force 25.3%
           Step           Time
          52000      104.00000

   Energies (kJ/mol)
           Bond          Angle    Proper Dih. Per. Imp. Dih.          LJ-14
    1.35942e+02    3.51551e+02    3.78007e+02    3.49704e+01    1.63639e+02
     Coulomb-14        LJ (SR)  Disper. corr.   Coulomb (SR)   Coul. recip.
    2.33436e+03    2.35525e+04   -1.40738e+03   -1.87546e+05    1.28792e+03
      Potential    Kinetic En.   Total Energy  Conserved En.    Temperature
   -1.60715e+05    3.39028e+04   -1.26812e+05   -1.49681e+05    3.34913e+02
 Pres. DC (bar) Pressure (bar)   Constr. rmsd
   -1.87192e+02    3.86174e+02    2.69219e-06


DD  step 52999 load imb.: force 22.1%
           Step           Time
          53000      106.00000

   Energies (kJ/mol)
           Bond          Angle    Proper Dih. Per. Imp. Dih.          LJ-14
    1.24536e+02    3.07911e+02    3.82459e+02    1.17043e+01    1.88942e+02
     Coulomb-14        LJ (SR)  Disper. corr.   Coulomb (SR)   Coul. recip.
    2.35758e+03    2.31910e+04   -1.40738e+03   -1.87908e+05    1.29879e+03
      Potential    Kinetic En.   Total Energy  Conserved En.    Temperature
   -1.61452e+05    3.41509e+04   -1.27301e+05   -1.49686e+05    3.37364e+02
 Pres. DC (bar) Pressure (bar)   Constr. rmsd
   -1.87192e+02    2.89092e+02    1.92525e-06


DD  step 53999 load imb.: force 24.4%
           Step           Time
          54000      108.00000

   Energies (kJ/mol)
           Bond          Angle    Proper Dih. Per. Imp. Dih.          LJ-14
    1.74491e+02    3.59392e+02    3.53172e+02    1.91050e+01    1.66074e+02
     Coulomb-14        LJ (SR)  Disper. corr.   Coulomb (SR)   Coul. recip.
    2.31388e+03    2.32858e+04   -1.40738e+03   -1.87800e+05    1.34425e+03
      Potential    Kinetic En.   Total Energy  Conserved En.    Temperature
   -1.61191e+05    3.47286e+04   -1.26462e+05   -1.49684e+05    3.43071e+02
 Pres. DC (bar) Pressure (bar)   Constr. rmsd
   -1.87192e+02    1.86754e+02    1.83996e-06


DD  step 54999 load imb.: force 24.5%
           Step           Time
          55000      110.00000

   Energies (kJ/mol)
           Bond          Angle    Proper Dih. Per. Imp. Dih.          LJ-14
    1.53321e+02    2.78932e+02    3.88124e+02    2.72666e+01    1.58122e+02
     Coulomb-14        LJ (SR)  Disper. corr.   Coulomb (SR)   Coul. recip.
    2.33940e+03    2.35980e+04   -1.40738e+03   -1.88301e+05    1.31767e+03
      Potential    Kinetic En.   Total Energy  Conserved En.    Temperature
   -1.61448e+05    3.45376e+04   -1.26910e+05   -1.49683e+05    3.41184e+02
 Pres. DC (bar) Pressure (bar)   Constr. rmsd
   -1.87192e+02    2.22853e+02    2.14343e-06


DD  step 55999 load imb.: force 22.8%
           Step           Time
          56000      112.00000

   Energies (kJ/mol)
           Bond          Angle    Proper Dih. Per. Imp. Dih.          LJ-14
    1.64204e+02    3.35157e+02    3.60169e+02    1.57593e+01    1.68755e+02
     Coulomb-14        LJ (SR)  Disper. corr.   Coulomb (SR)   Coul. recip.
    2.30324e+03    2.32735e+04   -1.40738e+03   -1.88103e+05    1.34588e+03
      Potential    Kinetic En.   Total Energy  Conserved En.    Temperature
   -1.61544e+05    3.46725e+04   -1.26872e+05   -1.49677e+05    3.42517e+02
 Pres. DC (bar) Pressure (bar)   Constr. rmsd
   -1.87192e+02    2.31239e+02    2.25512e-06


DD  step 56999 load imb.: force 22.6%
           Step           Time
          57000      114.00000

   Energies (kJ/mol)
           Bond          Angle    Proper Dih. Per. Imp. Dih.          LJ-14
    1.08453e+02    3.86267e+02    3.92941e+02    1.79406e+01    1.99078e+02
     Coulomb-14        LJ (SR)  Disper. corr.   Coulomb (SR)   Coul. recip.
    2.36635e+03    2.30706e+04   -1.40738e+03   -1.87789e+05    1.32083e+03
      Potential    Kinetic En.   Total Energy  Conserved En.    Temperature
   -1.61334e+05    3.42711e+04   -1.27063e+05   -1.49674e+05    3.38552e+02
 Pres. DC (bar) Pressure (bar)   Constr. rmsd
   -1.87192e+02    2.23574e+02    2.21303e-06


DD  step 57999 load imb.: force 23.9%
           Step           Time
          58000      116.00000

   Energies (kJ/mol)
           Bond          Angle    Proper Dih. Per. Imp. Dih.          LJ-14
    1.62380e+02    2.84630e+02    3.67449e+02    2.30809e+01    1.65505e+02
     Coulomb-14        LJ (SR)  Disper. corr.   Coulomb (SR)   Coul. recip.
    2.34111e+03    2.32463e+04   -1.40738e+03   -1.87645e+05    1.34397e+03
      Potential    Kinetic En.   Total Energy  Conserved En.    Temperature
   -1.61118e+05    3.42096e+04   -1.26909e+05   -1.49679e+05    3.37944e+02
 Pres. DC (bar) Pressure (bar)   Constr. rmsd
   -1.87192e+02    2.79522e+02    2.08149e-06


DD  step 58999 load imb.: force 23.5%
           Step           Time
          59000      118.00000

   Energies (kJ/mol)
           Bond          Angle    Proper Dih. Per. Imp. Dih.          LJ-14
    1.67336e+02    2.82006e+02    4.03161e+02    1.98886e+01    1.74037e+02
     Coulomb-14        LJ (SR)  Disper. corr.   Coulomb (SR)   Coul. recip.
    2.28812e+03    2.36875e+04   -1.40738e+03   -1.88476e+05    1.29701e+03
      Potential    Kinetic En.   Total Energy  Conserved En.    Temperature
   -1.61564e+05    3.45109e+04   -1.27053e+05   -1.49675e+05    3.40921e+02
 Pres. DC (bar) Pressure (bar)   Constr. rmsd
   -1.87192e+02    4.03282e+02    1.83667e-06


DD  step 59999 load imb.: force 22.9%
           Step           Time
          60000      120.00000

   Energies (kJ/mol)
           Bond          Angle    Proper Dih. Per. Imp. Dih.          LJ-14
    1.20823e+02    2.70253e+02    3.71172e+02    3.55035e+01    1.61246e+02
     Coulomb-14        LJ (SR)  Disper. corr.   Coulomb (SR)   Coul. recip.
    2.37133e+03    2.33921e+04   -1.40738e+03   -1.88142e+05    1.34915e+03
      Potential    Kinetic En.   Total Energy  Conserved En.    Temperature
   -1.61478e+05    3.46978e+04   -1.26780e+05   -1.49683e+05    3.42767e+02
 Pres. DC (bar) Pressure (bar)   Constr. rmsd
   -1.87192e+02    3.67447e+02    4.72687e-06


DD  step 60999 load imb.: force 21.9%
           Step           Time
          61000      122.00000

   Energies (kJ/mol)
           Bond          Angle    Proper Dih. Per. Imp. Dih.          LJ-14
    1.57383e+02    3.60803e+02    3.78674e+02    1.69277e+01    1.68651e+02
     Coulomb-14        LJ (SR)  Disper. corr.   Coulomb (SR)   Coul. recip.
    2.32478e+03    2.25989e+04   -1.40738e+03   -1.86775e+05    1.35227e+03
      Potential    Kinetic En.   Total Energy  Conserved En.    Temperature
   -1.60824e+05    3.48835e+04   -1.25940e+05   -1.49678e+05    3.44601e+02
 Pres. DC (bar) Pressure (bar)   Constr. rmsd
   -1.87192e+02    9.38671e+01    2.81660e-06


DD  step 61999 load imb.: force 25.5%
           Step           Time
          62000      124.00000

   Energies (kJ/mol)
           Bond          Angle    Proper Dih. Per. Imp. Dih.          LJ-14
    1.49172e+02    3.40705e+02    4.22307e+02    1.88340e+01    1.74161e+02
     Coulomb-14        LJ (SR)  Disper. corr.   Coulomb (SR)   Coul. recip.
    2.37643e+03    2.27246e+04   -1.40738e+03   -1.87436e+05    1.34294e+03
      Potential    Kinetic En.   Total Energy  Conserved En.    Temperature
   -1.61294e+05    3.47970e+04   -1.26497e+05   -1.49680e+05    3.43746e+02
 Pres. DC (bar) Pressure (bar)   Constr. rmsd
   -1.87192e+02    3.79302e+01    1.85727e-06


DD  step 62999 load imb.: force 23.3%
           Step           Time
          63000      126.00000

   Energies (kJ/mol)
           Bond          Angle    Proper Dih. Per. Imp. Dih.          LJ-14
    1.47447e+02    3.40229e+02    3.95899e+02    3.76214e+01    1.74084e+02
     Coulomb-14        LJ (SR)  Disper. corr.   Coulomb (SR)   Coul. recip.
    2.34665e+03    2.32010e+04   -1.40738e+03   -1.87331e+05    1.27535e+03
      Potential    Kinetic En.   Total Energy  Conserved En.    Temperature
   -1.60820e+05    3.50496e+04   -1.25771e+05   -1.49674e+05    3.46242e+02
 Pres. DC (bar) Pressure (bar)   Constr. rmsd
   -1.87192e+02    4.62374e+02    2.02595e-06


DD  step 63999 load imb.: force 23.8%
           Step           Time
          64000      128.00000

   Energies (kJ/mol)
           Bond          Angle    Proper Dih. Per. Imp. Dih.          LJ-14
    1.43323e+02    3.20862e+02    4.06783e+02    2.54290e+01    1.86778e+02
     Coulomb-14        LJ (SR)  Disper. corr.   Coulomb (SR)   Coul. recip.
    2.36665e+03    2.27796e+04   -1.40738e+03   -1.86746e+05    1.34604e+03
      Potential    Kinetic En.   Total Energy  Conserved En.    Temperature
   -1.60577e+05    3.45739e+04   -1.26004e+05   -1.49670e+05    3.41542e+02
 Pres. DC (bar) Pressure (bar)   Constr. rmsd
   -1.87192e+02    2.70952e+02    3.51665e-06


DD  step 64999 load imb.: force 22.6%
           Step           Time
          65000      130.00000

   Energies (kJ/mol)
           Bond          Angle    Proper Dih. Per. Imp. Dih.          LJ-14
    1.84424e+02    3.63000e+02    3.86456e+02    2.23917e+01    1.61613e+02
     Coulomb-14        LJ (SR)  Disper. corr.   Coulomb (SR)   Coul. recip.
    2.31538e+03    2.39830e+04   -1.40738e+03   -1.89044e+05    1.36656e+03
      Potential    Kinetic En.   Total Energy  Conserved En.    Temperature
   -1.61668e+05    3.46518e+04   -1.27016e+05   -1.49666e+05    3.42312e+02
 Pres. DC (bar) Pressure (bar)   Constr. rmsd
   -1.87192e+02    3.68706e+02    3.16278e-06


DD  step 65999 load imb.: force 15.5%
           Step           Time
          66000      132.00000

   Energies (kJ/mol)
           Bond          Angle    Proper Dih. Per. Imp. Dih.          LJ-14
    1.37110e+02    3.68681e+02    3.71677e+02    2.79730e+01    1.86552e+02
     Coulomb-14        LJ (SR)  Disper. corr.   Coulomb (SR)   Coul. recip.
    2.38206e+03    2.32715e+04   -1.40738e+03   -1.87543e+05    1.36263e+03
      Potential    Kinetic En.   Total Energy  Conserved En.    Temperature
   -1.60842e+05    3.47608e+04   -1.26081e+05   -1.49673e+05    3.43390e+02
 Pres. DC (bar) Pressure (bar)   Constr. rmsd
   -1.87192e+02    3.39166e+02    2.48489e-06


DD  step 66999 load imb.: force 27.2%
           Step           Time
          67000      134.00000

   Energies (kJ/mol)
           Bond          Angle    Proper Dih. Per. Imp. Dih.          LJ-14
    1.70169e+02    3.35864e+02    3.64656e+02    1.77725e+01    1.85488e+02
     Coulomb-14        LJ (SR)  Disper. corr.   Coulomb (SR)   Coul. recip.
    2.29984e+03    2.35389e+04   -1.40738e+03   -1.87929e+05    1.33488e+03
      Potential    Kinetic En.   Total Energy  Conserved En.    Temperature
   -1.61089e+05    3.38975e+04   -1.27191e+05   -1.49664e+05    3.34861e+02
 Pres. DC (bar) Pressure (bar)   Constr. rmsd
   -1.87192e+02    2.44771e+02    4.10126e-06


DD  step 67999 load imb.: force 22.2%
           Step           Time
          68000      136.00000

   Energies (kJ/mol)
           Bond          Angle    Proper Dih. Per. Imp. Dih.          LJ-14
    1.35070e+02    3.49315e+02    3.84733e+02    2.82989e+01    1.66679e+02
     Coulomb-14        LJ (SR)  Disper. corr.   Coulomb (SR)   Coul. recip.
    2.31707e+03    2.35795e+04   -1.40738e+03   -1.87781e+05    1.29135e+03
      Potential    Kinetic En.   Total Energy  Conserved En.    Temperature
   -1.60936e+05    3.43243e+04   -1.26612e+05   -1.49665e+05    3.39077e+02
 Pres. DC (bar) Pressure (bar)   Constr. rmsd
   -1.87192e+02    4.52799e+02    2.04250e-06


DD  step 68999 load imb.: force 23.6%
           Step           Time
          69000      138.00000

   Energies (kJ/mol)
           Bond          Angle    Proper Dih. Per. Imp. Dih.          LJ-14
    1.32101e+02    3.31770e+02    3.58841e+02    2.21072e+01    1.68233e+02
     Coulomb-14        LJ (SR)  Disper. corr.   Coulomb (SR)   Coul. recip.
    2.32341e+03    2.40978e+04   -1.40738e+03   -1.88729e+05    1.34516e+03
      Potential    Kinetic En.   Total Energy  Conserved En.    Temperature
   -1.61357e+05    3.41258e+04   -1.27231e+05   -1.49662e+05    3.37116e+02
 Pres. DC (bar) Pressure (bar)   Constr. rmsd
   -1.87192e+02    5.84071e+02    2.23968e-06


DD  step 69999 load imb.: force 22.1%
           Step           Time
          70000      140.00000

   Energies (kJ/mol)
           Bond          Angle    Proper Dih. Per. Imp. Dih.          LJ-14
    1.34419e+02    2.72897e+02    3.69132e+02    1.63563e+01    1.89061e+02
     Coulomb-14        LJ (SR)  Disper. corr.   Coulomb (SR)   Coul. recip.
    2.39622e+03    2.29200e+04   -1.40738e+03   -1.88059e+05    1.27456e+03
      Potential    Kinetic En.   Total Energy  Conserved En.    Temperature
   -1.61894e+05    3.44710e+04   -1.27423e+05   -1.49676e+05    3.40526e+02
 Pres. DC (bar) Pressure (bar)   Constr. rmsd
   -1.87192e+02    1.01927e+02    2.26779e-06


DD  step 70999 load imb.: force 22.1%
           Step           Time
          71000      142.00000

   Energies (kJ/mol)
           Bond          Angle    Proper Dih. Per. Imp. Dih.          LJ-14
    1.55697e+02    3.05562e+02    3.66010e+02    1.98584e+01    1.72618e+02
     Coulomb-14        LJ (SR)  Disper. corr.   Coulomb (SR)   Coul. recip.
    2.31693e+03    2.39167e+04   -1.40738e+03   -1.88628e+05    1.30839e+03
      Potential    Kinetic En.   Total Energy  Conserved En.    Temperature
   -1.61473e+05    3.46733e+04   -1.26800e+05   -1.49666e+05    3.42525e+02
 Pres. DC (bar) Pressure (bar)   Constr. rmsd
   -1.87192e+02    4.82744e+02    2.65306e-06


DD  step 71999 load imb.: force 20.6%
           Step           Time
          72000      144.00000

   Energies (kJ/mol)
           Bond          Angle    Proper Dih. Per. Imp. Dih.          LJ-14
    1.35985e+02    2.54498e+02    3.80555e+02    2.14750e+01    1.84995e+02
     Coulomb-14        LJ (SR)  Disper. corr.   Coulomb (SR)   Coul. recip.
    2.31570e+03    2.36999e+04   -1.40738e+03   -1.88536e+05    1.33328e+03
      Potential    Kinetic En.   Total Energy  Conserved En.    Temperature
   -1.61618e+05    3.40478e+04   -1.27570e+05   -1.49671e+05    3.36345e+02
 Pres. DC (bar) Pressure (bar)   Constr. rmsd
   -1.87192e+02    4.03072e+02    3.88402e-06


DD  step 72999 load imb.: force 13.7%
           Step           Time
          73000      146.00000

   Energies (kJ/mol)
           Bond          Angle    Proper Dih. Per. Imp. Dih.          LJ-14
    1.25268e+02    3.54926e+02    3.85055e+02    2.34192e+01    1.87362e+02
     Coulomb-14        LJ (SR)  Disper. corr.   Coulomb (SR)   Coul. recip.
    2.35000e+03    2.38006e+04   -1.40738e+03   -1.89031e+05    1.28440e+03
      Potential    Kinetic En.   Total Energy  Conserved En.    Temperature
   -1.61928e+05    3.37461e+04   -1.28182e+05   -1.49656e+05    3.33365e+02
 Pres. DC (bar) Pressure (bar)   Constr. rmsd
   -1.87192e+02    4.69212e+02    2.43122e-06


DD  step 73999 load imb.: force 19.3%
           Step           Time
          74000      148.00000

   Energies (kJ/mol)
           Bond          Angle    Proper Dih. Per. Imp. Dih.          LJ-14
    1.56988e+02    3.37268e+02    3.81126e+02    2.16233e+01    1.61606e+02
     Coulomb-14        LJ (SR)  Disper. corr.   Coulomb (SR)   Coul. recip.
    2.34176e+03    2.35536e+04   -1.40738e+03   -1.88328e+05    1.34256e+03
      Potential    Kinetic En.   Total Energy  Conserved En.    Temperature
   -1.61439e+05    3.40146e+04   -1.27424e+05   -1.49660e+05    3.36017e+02
 Pres. DC (bar) Pressure (bar)   Constr. rmsd
   -1.87192e+02    3.76427e+02    2.69128e-06


DD  step 74999 load imb.: force 16.8%
           Step           Time
          75000      150.00000

   Energies (kJ/mol)
           Bond          Angle    Proper Dih. Per. Imp. Dih.          LJ-14
    1.21407e+02    3.48549e+02    3.61743e+02    1.67366e+01    1.67850e+02
     Coulomb-14        LJ (SR)  Disper. corr.   Coulomb (SR)   Coul. recip.
    2.35506e+03    2.41007e+04   -1.40738e+03   -1.88954e+05    1.30291e+03
      Potential    Kinetic En.   Total Energy  Conserved En.    Temperature
   -1.61586e+05    3.43243e+04   -1.27262e+05   -1.49665e+05    3.39077e+02
 Pres. DC (bar) Pressure (bar)   Constr. rmsd
   -1.87192e+02    6.43901e+02    3.07213e-06


DD  step 75999 load imb.: force 15.3%
           Step           Time
          76000      152.00000

   Energies (kJ/mol)
           Bond          Angle    Proper Dih. Per. Imp. Dih.          LJ-14
    1.23744e+02    2.94405e+02    3.70000e+02    2.93039e+01    1.86902e+02
     Coulomb-14        LJ (SR)  Disper. corr.   Coulomb (SR)   Coul. recip.
    2.33496e+03    2.30023e+04   -1.40738e+03   -1.87155e+05    1.33178e+03
      Potential    Kinetic En.   Total Energy  Conserved En.    Temperature
   -1.60889e+05    3.36569e+04   -1.27232e+05   -1.49658e+05    3.32484e+02
 Pres. DC (bar) Pressure (bar)   Constr. rmsd
   -1.87192e+02    2.10276e+02    3.22453e-06


DD  step 76999 load imb.: force 17.1%
           Step           Time
          77000      154.00000

   Energies (kJ/mol)
           Bond          Angle    Proper Dih. Per. Imp. Dih.          LJ-14
    1.35990e+02    2.92247e+02    3.77317e+02    1.29910e+01    1.60390e+02
     Coulomb-14        LJ (SR)  Disper. corr.   Coulomb (SR)   Coul. recip.
    2.33842e+03    2.32080e+04   -1.40738e+03   -1.87964e+05    1.30319e+03
      Potential    Kinetic En.   Total Energy  Conserved En.    Temperature
   -1.61543e+05    3.40428e+04   -1.27500e+05   -1.49662e+05    3.36296e+02
 Pres. DC (bar) Pressure (bar)   Constr. rmsd
   -1.87192e+02    1.06804e+02    2.41373e-06


DD  step 77999 load imb.: force 15.3%
           Step           Time
          78000      156.00000

   Energies (kJ/mol)
           Bond          Angle    Proper Dih. Per. Imp. Dih.          LJ-14
    1.30879e+02    3.12938e+02    3.64739e+02    3.39926e+01    1.79129e+02
     Coulomb-14        LJ (SR)  Disper. corr.   Coulomb (SR)   Coul. recip.
    2.35364e+03    2.32752e+04   -1.40738e+03   -1.88537e+05    1.31935e+03
      Potential    Kinetic En.   Total Energy  Conserved En.    Temperature
   -1.61975e+05    3.43854e+04   -1.27589e+05   -1.49662e+05    3.39681e+02
 Pres. DC (bar) Pressure (bar)   Constr. rmsd
   -1.87192e+02    2.53819e+02    1.75807e-06


DD  step 78999 load imb.: force 16.4%
           Step           Time
          79000      158.00000

   Energies (kJ/mol)
           Bond          Angle    Proper Dih. Per. Imp. Dih.          LJ-14
    1.45485e+02    3.75960e+02    3.87856e+02    2.78687e+01    1.55999e+02
     Coulomb-14        LJ (SR)  Disper. corr.   Coulomb (SR)   Coul. recip.
    2.35194e+03    2.35156e+04   -1.40738e+03   -1.88357e+05    1.32026e+03
      Potential    Kinetic En.   Total Energy  Conserved En.    Temperature
   -1.61484e+05    3.41265e+04   -1.27357e+05   -1.49644e+05    3.37123e+02
 Pres. DC (bar) Pressure (bar)   Constr. rmsd
   -1.87192e+02    2.89889e+02    2.13894e-06


DD  step 79999 load imb.: force 16.5%
           Step           Time
          80000      160.00000

   Energies (kJ/mol)
           Bond          Angle    Proper Dih. Per. Imp. Dih.          LJ-14
    1.32175e+02    2.93467e+02    3.96689e+02    2.10096e+01    1.80147e+02
     Coulomb-14        LJ (SR)  Disper. corr.   Coulomb (SR)   Coul. recip.
    2.33102e+03    2.31456e+04   -1.40738e+03   -1.87656e+05    1.20806e+03
      Potential    Kinetic En.   Total Energy  Conserved En.    Temperature
   -1.61355e+05    3.43325e+04   -1.27023e+05   -1.49654e+05    3.39158e+02
 Pres. DC (bar) Pressure (bar)   Constr. rmsd
   -1.87192e+02    2.60144e+02    2.78309e-06


DD  step 80999 load imb.: force 23.4%
           Step           Time
          81000      162.00000

   Energies (kJ/mol)
           Bond          Angle    Proper Dih. Per. Imp. Dih.          LJ-14
    1.28890e+02    3.09883e+02    3.75079e+02    2.22528e+01    1.89080e+02
     Coulomb-14        LJ (SR)  Disper. corr.   Coulomb (SR)   Coul. recip.
    2.35696e+03    2.36645e+04   -1.40738e+03   -1.88251e+05    1.37040e+03
      Potential    Kinetic En.   Total Energy  Conserved En.    Temperature
   -1.61242e+05    3.45293e+04   -1.26712e+05   -1.49646e+05    3.41102e+02
 Pres. DC (bar) Pressure (bar)   Constr. rmsd
   -1.87192e+02    5.33141e+02    2.85305e-06


DD  step 81999 load imb.: force 21.3%
           Step           Time
          82000      164.00000

   Energies (kJ/mol)
           Bond          Angle    Proper Dih. Per. Imp. Dih.          LJ-14
    1.62993e+02    2.93532e+02    3.53229e+02    1.89113e+01    1.76903e+02
     Coulomb-14        LJ (SR)  Disper. corr.   Coulomb (SR)   Coul. recip.
    2.31756e+03    2.39159e+04   -1.40738e+03   -1.88038e+05    1.31114e+03
      Potential    Kinetic En.   Total Energy  Conserved En.    Temperature
   -1.60895e+05    3.47403e+04   -1.26155e+05   -1.49657e+05    3.43187e+02
 Pres. DC (bar) Pressure (bar)   Constr. rmsd
   -1.87192e+02    7.05198e+02    2.58332e-06


DD  step 82999 load imb.: force 23.4%
           Step           Time
          83000      166.00000

   Energies (kJ/mol)
           Bond          Angle    Proper Dih. Per. Imp. Dih.          LJ-14
    1.52693e+02    2.96348e+02    3.54777e+02    1.75547e+01    1.80161e+02
     Coulomb-14        LJ (SR)  Disper. corr.   Coulomb (SR)   Coul. recip.
    2.34693e+03    2.29018e+04   -1.40738e+03   -1.87087e+05    1.32768e+03
      Potential    Kinetic En.   Total Energy  Conserved En.    Temperature
   -1.60916e+05    3.42426e+04   -1.26673e+05   -1.49649e+05    3.38270e+02
 Pres. DC (bar) Pressure (bar)   Constr. rmsd
   -1.87192e+02    2.10774e+02    2.15448e-06


DD  step 83999 load imb.: force 24.9%
           Step           Time
          84000      168.00000

   Energies (kJ/mol)
           Bond          Angle    Proper Dih. Per. Imp. Dih.          LJ-14
    1.48616e+02    2.90231e+02    3.75500e+02    3.08821e+01    1.64112e+02
     Coulomb-14        LJ (SR)  Disper. corr.   Coulomb (SR)   Coul. recip.
    2.29700e+03    2.29588e+04   -1.40738e+03   -1.87533e+05    1.32379e+03
      Potential    Kinetic En.   Total Energy  Conserved En.    Temperature
   -1.61352e+05    3.44110e+04   -1.26940e+05   -1.49643e+05    3.39934e+02
 Pres. DC (bar) Pressure (bar)   Constr. rmsd
   -1.87192e+02    8.65500e+01    2.49136e-06


DD  step 84999 load imb.: force 21.4%
           Step           Time
          85000      170.00000

   Energies (kJ/mol)
           Bond          Angle    Proper Dih. Per. Imp. Dih.          LJ-14
    1.09268e+02    2.65090e+02    3.67319e+02    2.10989e+01    1.77104e+02
     Coulomb-14        LJ (SR)  Disper. corr.   Coulomb (SR)   Coul. recip.
    2.32854e+03    2.37817e+04   -1.40738e+03   -1.89597e+05    1.34453e+03
      Potential    Kinetic En.   Total Energy  Conserved En.    Temperature
   -1.62610e+05    3.43787e+04   -1.28231e+05   -1.49653e+05    3.39615e+02
 Pres. DC (bar) Pressure (bar)   Constr. rmsd
   -1.87192e+02    2.54144e+02    1.94213e-06


DD  step 85999 load imb.: force 21.6%
           Step           Time
          86000      172.00000

   Energies (kJ/mol)
           Bond          Angle    Proper Dih. Per. Imp. Dih.          LJ-14
    1.48156e+02    3.33326e+02    3.65642e+02    1.77503e+01    1.60901e+02
     Coulomb-14        LJ (SR)  Disper. corr.   Coulomb (SR)   Coul. recip.
    2.23799e+03    2.40136e+04   -1.40738e+03   -1.88763e+05    1.35518e+03
      Potential    Kinetic En.   Total Energy  Conserved En.    Temperature
   -1.61538e+05    3.42126e+04   -1.27326e+05   -1.49642e+05    3.37973e+02
 Pres. DC (bar) Pressure (bar)   Constr. rmsd
   -1.87192e+02    5.01755e+02    2.50092e-06


DD  step 86999 load imb.: force 24.2%
           Step           Time
          87000      174.00000

   Energies (kJ/mol)
           Bond          Angle    Proper Dih. Per. Imp. Dih.          LJ-14
    1.70275e+02    3.49568e+02    3.50846e+02    1.88171e+01    1.58947e+02
     Coulomb-14        LJ (SR)  Disper. corr.   Coulomb (SR)   Coul. recip.
    2.31383e+03    2.37041e+04   -1.40738e+03   -1.89001e+05    1.33803e+03
      Potential    Kinetic En.   Total Energy  Conserved En.    Temperature
   -1.62003e+05    3.47522e+04   -1.27251e+05   -1.49642e+05    3.43304e+02
 Pres. DC (bar) Pressure (bar)   Constr. rmsd
   -1.87192e+02    2.01350e+02    2.34396e-06


DD  step 87999 load imb.: force 23.8%
           Step           Time
          88000      176.00000

   Energies (kJ/mol)
           Bond          Angle    Proper Dih. Per. Imp. Dih.          LJ-14
    1.44845e+02    3.23129e+02    3.80263e+02    1.99664e+01    1.72003e+02
     Coulomb-14        LJ (SR)  Disper. corr.   Coulomb (SR)   Coul. recip.
    2.31694e+03    2.32422e+04   -1.40738e+03   -1.87827e+05    1.37981e+03
      Potential    Kinetic En.   Total Energy  Conserved En.    Temperature
   -1.61256e+05    3.40185e+04   -1.27237e+05   -1.49639e+05    3.36057e+02
 Pres. DC (bar) Pressure (bar)   Constr. rmsd
   -1.87192e+02    1.55522e+02    3.17784e-06


DD  step 88999 load imb.: force 23.9%
           Step           Time
          89000      178.00000

   Energies (kJ/mol)
           Bond          Angle    Proper Dih. Per. Imp. Dih.          LJ-14
    1.53668e+02    2.88913e+02    3.77734e+02    1.98829e+01    1.89961e+02
     Coulomb-14        LJ (SR)  Disper. corr.   Coulomb (SR)   Coul. recip.
    2.36760e+03    2.33474e+04   -1.40738e+03   -1.87691e+05    1.37602e+03
      Potential    Kinetic En.   Total Energy  Conserved En.    Temperature
   -1.60977e+05    3.41502e+04   -1.26827e+05   -1.49637e+05    3.37357e+02
 Pres. DC (bar) Pressure (bar)   Constr. rmsd
   -1.87192e+02    3.57102e+02    2.88577e-06


DD  step 89999 load imb.: force 24.1%
           Step           Time
          90000      180.00000

   Energies (kJ/mol)
           Bond          Angle    Proper Dih. Per. Imp. Dih.          LJ-14
    1.40533e+02    2.73743e+02    4.02241e+02    3.26628e+01    1.78677e+02
     Coulomb-14        LJ (SR)  Disper. corr.   Coulomb (SR)   Coul. recip.
    2.36351e+03    2.38960e+04   -1.40738e+03   -1.88591e+05    1.37980e+03
      Potential    Kinetic En.   Total Energy  Conserved En.    Temperature
   -1.61332e+05    3.45060e+04   -1.26826e+05   -1.49639e+05    3.40872e+02
 Pres. DC (bar) Pressure (bar)   Constr. rmsd
   -1.87192e+02    4.29633e+02    2.60806e-06


DD  step 90999 load imb.: force 17.8%
           Step           Time
          91000      182.00000

   Energies (kJ/mol)
           Bond          Angle    Proper Dih. Per. Imp. Dih.          LJ-14
    1.73179e+02    2.90253e+02    3.55955e+02    2.38558e+01    1.66754e+02
     Coulomb-14        LJ (SR)  Disper. corr.   Coulomb (SR)   Coul. recip.
    2.33889e+03    2.32821e+04   -1.40738e+03   -1.87972e+05    1.32723e+03
      Potential    Kinetic En.   Total Energy  Conserved En.    Temperature
   -1.61421e+05    3.46422e+04   -1.26779e+05   -1.49646e+05    3.42218e+02
 Pres. DC (bar) Pressure (bar)   Constr. rmsd
   -1.87192e+02    2.86207e+02    1.31214e-06


DD  step 91999 load imb.: force 19.1%
           Step           Time
          92000      184.00000

   Energies (kJ/mol)
           Bond          Angle    Proper Dih. Per. Imp. Dih.          LJ-14
    1.33153e+02    3.39238e+02    4.13310e+02    2.74051e+01    1.75774e+02
     Coulomb-14        LJ (SR)  Disper. corr.   Coulomb (SR)   Coul. recip.
    2.36685e+03    2.27172e+04   -1.40738e+03   -1.87114e+05    1.35280e+03
      Potential    Kinetic En.   Total Energy  Conserved En.    Temperature
   -1.60995e+05    3.47916e+04   -1.26204e+05   -1.49640e+05    3.43694e+02
 Pres. DC (bar) Pressure (bar)   Constr. rmsd
   -1.87192e+02    9.98482e+01    3.55433e-06


DD  step 92999 load imb.: force 18.8%
           Step           Time
          93000      186.00000

   Energies (kJ/mol)
           Bond          Angle    Proper Dih. Per. Imp. Dih.          LJ-14
    1.53071e+02    3.09056e+02    3.54434e+02    1.91595e+01    1.80145e+02
     Coulomb-14        LJ (SR)  Disper. corr.   Coulomb (SR)   Coul. recip.
    2.34097e+03    2.34299e+04   -1.40738e+03   -1.87993e+05    1.34613e+03
      Potential    Kinetic En.   Total Energy  Conserved En.    Temperature
   -1.61267e+05    3.51163e+04   -1.26151e+05   -1.49634e+05    3.46901e+02
 Pres. DC (bar) Pressure (bar)   Constr. rmsd
   -1.87192e+02    4.37284e+02    3.97757e-06


DD  step 93999 load imb.: force 18.2%
           Step           Time
          94000      188.00000

   Energies (kJ/mol)
           Bond          Angle    Proper Dih. Per. Imp. Dih.          LJ-14
    1.53225e+02    3.27507e+02    3.76422e+02    2.33723e+01    1.82914e+02
     Coulomb-14        LJ (SR)  Disper. corr.   Coulomb (SR)   Coul. recip.
    2.34329e+03    2.31072e+04   -1.40738e+03   -1.87135e+05    1.34333e+03
      Potential    Kinetic En.   Total Energy  Conserved En.    Temperature
   -1.60685e+05    3.43659e+04   -1.26319e+05   -1.49638e+05    3.39488e+02
 Pres. DC (bar) Pressure (bar)   Constr. rmsd
   -1.87192e+02    3.48993e+02    2.49086e-06


DD  step 94999 load imb.: force 20.1%
           Step           Time
          95000      190.00000

   Energies (kJ/mol)
           Bond          Angle    Proper Dih. Per. Imp. Dih.          LJ-14
    1.35195e+02    3.42933e+02    3.92590e+02    1.23061e+01    1.81027e+02
     Coulomb-14        LJ (SR)  Disper. corr.   Coulomb (SR)   Coul. recip.
    2.31383e+03    2.35905e+04   -1.40738e+03   -1.87730e+05    1.37452e+03
      Potential    Kinetic En.   Total Energy  Conserved En.    Temperature
   -1.60794e+05    3.38516e+04   -1.26943e+05   -1.49629e+05    3.34408e+02
 Pres. DC (bar) Pressure (bar)   Constr. rmsd
   -1.87192e+02    4.92768e+02    3.24710e-06


DD  step 95999 load imb.: force 25.2%
           Step           Time
          96000      192.00000

   Energies (kJ/mol)
           Bond          Angle    Proper Dih. Per. Imp. Dih.          LJ-14
    2.04157e+02    3.59903e+02    4.12221e+02    2.74656e+01    1.75251e+02
     Coulomb-14        LJ (SR)  Disper. corr.   Coulomb (SR)   Coul. recip.
    2.33932e+03    2.36012e+04   -1.40738e+03   -1.88210e+05    1.26039e+03
      Potential    Kinetic En.   Total Energy  Conserved En.    Temperature
   -1.61237e+05    3.50647e+04   -1.26173e+05   -1.49624e+05    3.46391e+02
 Pres. DC (bar) Pressure (bar)   Constr. rmsd
   -1.87192e+02    3.71014e+02    2.60967e-06


DD  step 96999 load imb.: force 23.6%
           Step           Time
          97000      194.00000

   Energies (kJ/mol)
           Bond          Angle    Proper Dih. Per. Imp. Dih.          LJ-14
    1.89778e+02    2.91671e+02    3.74648e+02    2.34425e+01    1.77820e+02
     Coulomb-14        LJ (SR)  Disper. corr.   Coulomb (SR)   Coul. recip.
    2.36564e+03    2.30555e+04   -1.40738e+03   -1.87453e+05    1.32981e+03
      Potential    Kinetic En.   Total Energy  Conserved En.    Temperature
   -1.61052e+05    3.42663e+04   -1.26785e+05   -1.49626e+05    3.38505e+02
 Pres. DC (bar) Pressure (bar)   Constr. rmsd
   -1.87192e+02    1.65303e+02    2.82142e-06


DD  step 97999 load imb.: force 25.2%
           Step           Time
          98000      196.00000

   Energies (kJ/mol)
           Bond          Angle    Proper Dih. Per. Imp. Dih.          LJ-14
    1.16951e+02    2.87603e+02    4.17686e+02    2.16534e+01    1.99386e+02
     Coulomb-14        LJ (SR)  Disper. corr.   Coulomb (SR)   Coul. recip.
    2.35486e+03    2.36983e+04   -1.40738e+03   -1.88659e+05    1.30995e+03
      Potential    Kinetic En.   Total Energy  Conserved En.    Temperature
   -1.61660e+05    3.43169e+04   -1.27344e+05   -1.49631e+05    3.39004e+02
 Pres. DC (bar) Pressure (bar)   Constr. rmsd
   -1.87192e+02    4.81453e+02    2.07860e-06


DD  step 98999 load imb.: force 17.7%
           Step           Time
          99000      198.00000

   Energies (kJ/mol)
           Bond          Angle    Proper Dih. Per. Imp. Dih.          LJ-14
    1.38651e+02    3.25296e+02    4.09147e+02    3.25587e+01    1.73966e+02
     Coulomb-14        LJ (SR)  Disper. corr.   Coulomb (SR)   Coul. recip.
    2.33596e+03    2.32477e+04   -1.40738e+03   -1.88128e+05    1.31453e+03
      Potential    Kinetic En.   Total Energy  Conserved En.    Temperature
   -1.61558e+05    3.46306e+04   -1.26927e+05   -1.49630e+05    3.42103e+02
 Pres. DC (bar) Pressure (bar)   Constr. rmsd
   -1.87192e+02    1.86758e+02    6.19462e-06


DD  step 99999 load imb.: force 17.3%
           Step           Time
         100000      200.00000

   Energies (kJ/mol)
           Bond          Angle    Proper Dih. Per. Imp. Dih.          LJ-14
    1.26071e+02    3.42589e+02    3.72332e+02    5.00937e+01    1.96869e+02
     Coulomb-14        LJ (SR)  Disper. corr.   Coulomb (SR)   Coul. recip.
    2.32966e+03    2.28870e+04   -1.40738e+03   -1.87474e+05    1.28726e+03
      Potential    Kinetic En.   Total Energy  Conserved En.    Temperature
   -1.61289e+05    3.46216e+04   -1.26668e+05   -1.49631e+05    3.42014e+02
 Pres. DC (bar) Pressure (bar)   Constr. rmsd
   -1.87192e+02    8.08702e+01    2.97654e-06


DD  step 100999 load imb.: force 17.8%
           Step           Time
         101000      202.00000

   Energies (kJ/mol)
           Bond          Angle    Proper Dih. Per. Imp. Dih.          LJ-14
    1.35599e+02    3.49694e+02    3.54084e+02    1.68440e+01    1.93751e+02
     Coulomb-14        LJ (SR)  Disper. corr.   Coulomb (SR)   Coul. recip.
    2.34458e+03    2.43244e+04   -1.40738e+03   -1.88495e+05    1.33693e+03
      Potential    Kinetic En.   Total Energy  Conserved En.    Temperature
   -1.60847e+05    3.41811e+04   -1.26666e+05   -1.49628e+05    3.37663e+02
 Pres. DC (bar) Pressure (bar)   Constr. rmsd
   -1.87192e+02    8.06872e+02    2.33043e-06


DD  step 101999 load imb.: force 19.3%
           Step           Time
         102000      204.00000

   Energies (kJ/mol)
           Bond          Angle    Proper Dih. Per. Imp. Dih.          LJ-14
    1.13029e+02    3.31886e+02    3.78812e+02    2.39855e+01    1.80364e+02
     Coulomb-14        LJ (SR)  Disper. corr.   Coulomb (SR)   Coul. recip.
    2.33248e+03    2.40391e+04   -1.40738e+03   -1.88902e+05    1.33641e+03
      Potential    Kinetic En.   Total Energy  Conserved En.    Temperature
   -1.61573e+05    3.47964e+04   -1.26777e+05   -1.49626e+05    3.43741e+02
 Pres. DC (bar) Pressure (bar)   Constr. rmsd
   -1.87192e+02    5.36973e+02    3.09056e-06


DD  step 102999 load imb.: force 19.8%
           Step           Time
         103000      206.00000

   Energies (kJ/mol)
           Bond          Angle    Proper Dih. Per. Imp. Dih.          LJ-14
    1.50706e+02    3.66544e+02    3.86833e+02    2.48341e+01    1.82231e+02
     Coulomb-14        LJ (SR)  Disper. corr.   Coulomb (SR)   Coul. recip.
    2.32373e+03    2.33556e+04   -1.40738e+03   -1.87357e+05    1.38023e+03
      Potential    Kinetic En.   Total Energy  Conserved En.    Temperature
   -1.60593e+05    3.43352e+04   -1.26258e+05   -1.49619e+05    3.39184e+02
 Pres. DC (bar) Pressure (bar)   Constr. rmsd
   -1.87192e+02    3.73129e+02    2.48722e-06


DD  step 103999 load imb.: force 19.5%
           Step           Time
         104000      208.00000

   Energies (kJ/mol)
           Bond          Angle    Proper Dih. Per. Imp. Dih.          LJ-14
    1.43179e+02    3.69450e+02    3.88942e+02    1.70591e+01    1.86319e+02
     Coulomb-14        LJ (SR)  Disper. corr.   Coulomb (SR)   Coul. recip.
    2.38920e+03    2.35636e+04   -1.40738e+03   -1.88001e+05    1.28707e+03
      Potential    Kinetic En.   Total Energy  Conserved En.    Temperature
   -1.61064e+05    3.46139e+04   -1.26450e+05   -1.49612e+05    3.41938e+02
 Pres. DC (bar) Pressure (bar)   Constr. rmsd
   -1.87192e+02    4.77919e+02    2.51021e-06


DD  step 104999 load imb.: force 19.8%
           Step           Time
         105000      210.00000

   Energies (kJ/mol)
           Bond          Angle    Proper Dih. Per. Imp. Dih.          LJ-14
    1.19544e+02    3.33866e+02    3.72049e+02    2.71163e+01    1.91937e+02
     Coulomb-14        LJ (SR)  Disper. corr.   Coulomb (SR)   Coul. recip.
    2.30969e+03    2.28745e+04   -1.40738e+03   -1.87028e+05    1.32353e+03
      Potential    Kinetic En.   Total Energy  Conserved En.    Temperature
   -1.60884e+05    3.41535e+04   -1.26730e+05   -1.49617e+05    3.37390e+02
 Pres. DC (bar) Pressure (bar)   Constr. rmsd
   -1.87192e+02    1.16728e+02    2.01509e-06


DD  step 105999 load imb.: force 19.2%
           Step           Time
         106000      212.00000

   Energies (kJ/mol)
           Bond          Angle    Proper Dih. Per. Imp. Dih.          LJ-14
    1.50830e+02    2.60204e+02    3.96830e+02    2.92002e+01    2.05451e+02
     Coulomb-14        LJ (SR)  Disper. corr.   Coulomb (SR)   Coul. recip.
    2.34022e+03    2.30559e+04   -1.40738e+03   -1.87682e+05    1.27905e+03
      Potential    Kinetic En.   Total Energy  Conserved En.    Temperature
   -1.61372e+05    3.43831e+04   -1.26989e+05   -1.49615e+05    3.39658e+02
 Pres. DC (bar) Pressure (bar)   Constr. rmsd
   -1.87192e+02    3.46971e+02    1.63581e-06


DD  step 106999 load imb.: force 18.2%
           Step           Time
         107000      214.00000

   Energies (kJ/mol)
           Bond          Angle    Proper Dih. Per. Imp. Dih.          LJ-14
    1.62831e+02    3.55632e+02    3.84047e+02    2.10467e+01    1.88941e+02
     Coulomb-14        LJ (SR)  Disper. corr.   Coulomb (SR)   Coul. recip.
    2.35182e+03    2.33976e+04   -1.40738e+03   -1.87885e+05    1.29525e+03
      Potential    Kinetic En.   Total Energy  Conserved En.    Temperature
   -1.61135e+05    3.38881e+04   -1.27247e+05   -1.49610e+05    3.34768e+02
 Pres. DC (bar) Pressure (bar)   Constr. rmsd
   -1.87192e+02    3.32239e+02    3.86814e-06


DD  step 107999 load imb.: force 18.7%
           Step           Time
         108000      216.00000

   Energies (kJ/mol)
           Bond          Angle    Proper Dih. Per. Imp. Dih.          LJ-14
    1.40668e+02    3.54144e+02    3.96210e+02    2.16916e+01    1.81913e+02
     Coulomb-14        LJ (SR)  Disper. corr.   Coulomb (SR)   Coul. recip.
    2.35535e+03    2.36398e+04   -1.40738e+03   -1.88052e+05    1.34567e+03
      Potential    Kinetic En.   Total Energy  Conserved En.    Temperature
   -1.61024e+05    3.37491e+04   -1.27274e+05   -1.49614e+05    3.33395e+02
 Pres. DC (bar) Pressure (bar)   Constr. rmsd
   -1.87192e+02    4.25841e+02    3.49311e-06


DD  step 108999 load imb.: force 18.8%
           Step           Time
         109000      218.00000

   Energies (kJ/mol)
           Bond          Angle    Proper Dih. Per. Imp. Dih.          LJ-14
    9.77085e+01    3.15453e+02    3.59620e+02    9.67025e+00    1.75213e+02
     Coulomb-14        LJ (SR)  Disper. corr.   Coulomb (SR)   Coul. recip.
    2.29849e+03    2.45062e+04   -1.40738e+03   -1.89764e+05    1.29752e+03
      Potential    Kinetic En.   Total Energy  Conserved En.    Temperature
   -1.62111e+05    3.37579e+04   -1.28353e+05   -1.49609e+05    3.33482e+02
 Pres. DC (bar) Pressure (bar)   Constr. rmsd
   -1.87192e+02    6.94888e+02    2.65428e-06


DD  step 109999 load imb.: force 19.0%
           Step           Time
         110000      220.00000

   Energies (kJ/mol)
           Bond          Angle    Proper Dih. Per. Imp. Dih.          LJ-14
    1.17131e+02    2.82428e+02    3.64666e+02    4.02700e+01    1.73009e+02
     Coulomb-14        LJ (SR)  Disper. corr.   Coulomb (SR)   Coul. recip.
    2.35214e+03    2.34699e+04   -1.40738e+03   -1.88040e+05    1.31218e+03
      Potential    Kinetic En.   Total Energy  Conserved En.    Temperature
   -1.61336e+05    3.41403e+04   -1.27196e+05   -1.49614e+05    3.37259e+02
 Pres. DC (bar) Pressure (bar)   Constr. rmsd
   -1.87192e+02    3.72969e+02    2.97819e-06


DD  step 110999 load imb.: force 20.9%
           Step           Time
         111000      222.00000

   Energies (kJ/mol)
           Bond          Angle    Proper Dih. Per. Imp. Dih.          LJ-14
    1.38897e+02    2.98419e+02    3.59605e+02    2.18237e+01    1.86992e+02
     Coulomb-14        LJ (SR)  Disper. corr.   Coulomb (SR)   Coul. recip.
    2.33957e+03    2.41626e+04   -1.40738e+03   -1.88654e+05    1.33422e+03
      Potential    Kinetic En.   Total Energy  Conserved En.    Temperature
   -1.61219e+05    3.40764e+04   -1.27142e+05   -1.49604e+05    3.36628e+02
 Pres. DC (bar) Pressure (bar)   Constr. rmsd
   -1.87192e+02    7.34526e+02    1.69742e-06


DD  step 111999 load imb.: force 25.7%
           Step           Time
         112000      224.00000

   Energies (kJ/mol)
           Bond          Angle    Proper Dih. Per. Imp. Dih.          LJ-14
    1.38432e+02    2.90544e+02    3.98090e+02    3.08421e+01    1.98594e+02
     Coulomb-14        LJ (SR)  Disper. corr.   Coulomb (SR)   Coul. recip.
    2.35933e+03    2.41517e+04   -1.40738e+03   -1.88803e+05    1.35535e+03
      Potential    Kinetic En.   Total Energy  Conserved En.    Temperature
   -1.61288e+05    3.41619e+04   -1.27126e+05   -1.49605e+05    3.37473e+02
 Pres. DC (bar) Pressure (bar)   Constr. rmsd
   -1.87192e+02    7.98965e+02    2.28163e-06


DD  step 112999 load imb.: force 26.6%
           Step           Time
         113000      226.00000

   Energies (kJ/mol)
           Bond          Angle    Proper Dih. Per. Imp. Dih.          LJ-14
    1.55773e+02    3.78179e+02    3.83203e+02    2.14687e+01    1.67300e+02
     Coulomb-14        LJ (SR)  Disper. corr.   Coulomb (SR)   Coul. recip.
    2.37298e+03    2.42719e+04   -1.40738e+03   -1.88729e+05    1.32384e+03
      Potential    Kinetic En.   Total Energy  Conserved En.    Temperature
   -1.61062e+05    3.44816e+04   -1.26580e+05   -1.49600e+05    3.40631e+02
 Pres. DC (bar) Pressure (bar)   Constr. rmsd
   -1.87192e+02    6.84827e+02    3.51283e-06


DD  step 113999 load imb.: force 25.6%
           Step           Time
         114000      228.00000

   Energies (kJ/mol)
           Bond          Angle    Proper Dih. Per. Imp. Dih.          LJ-14
    1.48203e+02    3.40463e+02    4.05740e+02    2.41159e+01    1.68425e+02
     Coulomb-14        LJ (SR)  Disper. corr.   Coulomb (SR)   Coul. recip.
    2.31606e+03    2.29630e+04   -1.40738e+03   -1.87402e+05    1.30595e+03
      Potential    Kinetic En.   Total Energy  Conserved En.    Temperature
   -1.61137e+05    3.45571e+04   -1.26580e+05   -1.49610e+05    3.41377e+02
 Pres. DC (bar) Pressure (bar)   Constr. rmsd
   -1.87192e+02    7.06523e+01    2.60782e-06


DD  step 114999 load imb.: force 24.5%
           Step           Time
         115000      230.00000

   Energies (kJ/mol)
           Bond          Angle    Proper Dih. Per. Imp. Dih.          LJ-14
    1.63816e+02    3.89090e+02    3.92226e+02    2.64232e+01    1.68448e+02
     Coulomb-14        LJ (SR)  Disper. corr.   Coulomb (SR)   Coul. recip.
    2.27593e+03    2.33810e+04   -1.40738e+03   -1.87331e+05    1.32061e+03
      Potential    Kinetic En.   Total Energy  Conserved En.    Temperature
   -1.60621e+05    3.45219e+04   -1.26099e+05   -1.49601e+05    3.41029e+02
 Pres. DC (bar) Pressure (bar)   Constr. rmsd
   -1.87192e+02    5.50905e+02    3.12782e-06


DD  step 115999 load imb.: force 24.0%
           Step           Time
         116000      232.00000

   Energies (kJ/mol)
           Bond          Angle    Proper Dih. Per. Imp. Dih.          LJ-14
    1.67555e+02    3.01964e+02    3.55525e+02    2.01317e+01    1.99095e+02
     Coulomb-14        LJ (SR)  Disper. corr.   Coulomb (SR)   Coul. recip.
    2.33141e+03    2.35227e+04   -1.40738e+03   -1.88099e+05    1.32499e+03
      Potential    Kinetic En.   Total Energy  Conserved En.    Temperature
   -1.61283e+05    3.44536e+04   -1.26829e+05   -1.49600e+05    3.40354e+02
 Pres. DC (bar) Pressure (bar)   Constr. rmsd
   -1.87192e+02    4.61578e+02    4.23963e-06


DD  step 116999 load imb.: force 21.8%
           Step           Time
         117000      234.00000

   Energies (kJ/mol)
           Bond          Angle    Proper Dih. Per. Imp. Dih.          LJ-14
    1.67328e+02    3.39084e+02    3.72850e+02    2.39706e+01    1.81817e+02
     Coulomb-14        LJ (SR)  Disper. corr.   Coulomb (SR)   Coul. recip.
    2.35203e+03    2.34083e+04   -1.40738e+03   -1.87795e+05    1.37242e+03
      Potential    Kinetic En.   Total Energy  Conserved En.    Temperature
   -1.60985e+05    3.38081e+04   -1.27177e+05   -1.49587e+05    3.33978e+02
 Pres. DC (bar) Pressure (bar)   Constr. rmsd
   -1.87192e+02    2.88081e+02    1.51383e-06


DD  step 117999 load imb.: force 23.5%
           Step           Time
         118000      236.00000

   Energies (kJ/mol)
           Bond          Angle    Proper Dih. Per. Imp. Dih.          LJ-14
    1.55086e+02    3.28694e+02    3.64386e+02    2.64739e+01    1.64552e+02
     Coulomb-14        LJ (SR)  Disper. corr.   Coulomb (SR)   Coul. recip.
    2.32204e+03    2.39597e+04   -1.40738e+03   -1.89094e+05    1.35735e+03
      Potential    Kinetic En.   Total Energy  Conserved En.    Temperature
   -1.61823e+05    3.44017e+04   -1.27421e+05   -1.49593e+05    3.39842e+02
 Pres. DC (bar) Pressure (bar)   Constr. rmsd
   -1.87192e+02    4.41069e+02    2.64298e-06


DD  step 118999 load imb.: force 17.9%
           Step           Time
         119000      238.00000

   Energies (kJ/mol)
           Bond          Angle    Proper Dih. Per. Imp. Dih.          LJ-14
    1.62847e+02    3.66472e+02    3.64500e+02    1.96519e+01    1.95120e+02
     Coulomb-14        LJ (SR)  Disper. corr.   Coulomb (SR)   Coul. recip.
    2.37110e+03    2.26541e+04   -1.40738e+03   -1.87487e+05    1.36792e+03
      Potential    Kinetic En.   Total Energy  Conserved En.    Temperature
   -1.61392e+05    3.42307e+04   -1.27162e+05   -1.49599e+05    3.38152e+02
 Pres. DC (bar) Pressure (bar)   Constr. rmsd
   -1.87192e+02    7.58613e+01    2.16721e-06


DD  step 119999 load imb.: force 20.6%
           Step           Time
         120000      240.00000

   Energies (kJ/mol)
           Bond          Angle    Proper Dih. Per. Imp. Dih.          LJ-14
    1.56767e+02    3.48718e+02    3.56646e+02    1.46101e+01    1.77609e+02
     Coulomb-14        LJ (SR)  Disper. corr.   Coulomb (SR)   Coul. recip.
    2.34501e+03    2.37548e+04   -1.40738e+03   -1.88711e+05    1.32288e+03
      Potential    Kinetic En.   Total Energy  Conserved En.    Temperature
   -1.61641e+05    3.44390e+04   -1.27202e+05   -1.49598e+05    3.40210e+02
 Pres. DC (bar) Pressure (bar)   Constr. rmsd
   -1.87192e+02    3.64590e+02    1.62460e-06


DD  step 120999 load imb.: force 14.5%
           Step           Time
         121000      242.00000

   Energies (kJ/mol)
           Bond          Angle    Proper Dih. Per. Imp. Dih.          LJ-14
    1.63881e+02    3.42330e+02    3.52179e+02    1.47010e+01    1.64210e+02
     Coulomb-14        LJ (SR)  Disper. corr.   Coulomb (SR)   Coul. recip.
    2.39057e+03    2.39007e+04   -1.40738e+03   -1.88191e+05    1.32617e+03
      Potential    Kinetic En.   Total Energy  Conserved En.    Temperature
   -1.60944e+05    3.48740e+04   -1.26070e+05   -1.49598e+05    3.44507e+02
 Pres. DC (bar) Pressure (bar)   Constr. rmsd
   -1.87192e+02    5.01051e+02    2.30677e-06


DD  step 121999 load imb.: force 16.4%
           Step           Time
         122000      244.00000

   Energies (kJ/mol)
           Bond          Angle    Proper Dih. Per. Imp. Dih.          LJ-14
    1.65725e+02    3.12833e+02    3.72266e+02    3.45713e+01    1.79274e+02
     Coulomb-14        LJ (SR)  Disper. corr.   Coulomb (SR)   Coul. recip.
    2.37291e+03    2.33167e+04   -1.40738e+03   -1.88313e+05    1.32947e+03
      Potential    Kinetic En.   Total Energy  Conserved En.    Temperature
   -1.61636e+05    3.42136e+04   -1.27423e+05   -1.49589e+05    3.37984e+02
 Pres. DC (bar) Pressure (bar)   Constr. rmsd
   -1.87192e+02    2.44142e+02    2.22454e-06


DD  step 122999 load imb.: force 23.0%
           Step           Time
         123000      246.00000

   Energies (kJ/mol)
           Bond          Angle    Proper Dih. Per. Imp. Dih.          LJ-14
    1.41835e+02    2.95418e+02    3.47808e+02    1.70964e+01    1.79154e+02
     Coulomb-14        LJ (SR)  Disper. corr.   Coulomb (SR)   Coul. recip.
    2.36776e+03    2.34889e+04   -1.40738e+03   -1.88111e+05    1.26139e+03
      Potential    Kinetic En.   Total Energy  Conserved En.    Temperature
   -1.61419e+05    3.44170e+04   -1.27002e+05   -1.49597e+05    3.39993e+02
 Pres. DC (bar) Pressure (bar)   Constr. rmsd
   -1.87192e+02    3.71912e+02    2.49713e-06


DD  step 123999 load imb.: force 25.5%
           Step           Time
         124000      248.00000

   Energies (kJ/mol)
           Bond          Angle    Proper Dih. Per. Imp. Dih.          LJ-14
    1.21638e+02    3.52646e+02    3.92417e+02    2.33603e+01    1.81405e+02
     Coulomb-14        LJ (SR)  Disper. corr.   Coulomb (SR)   Coul. recip.
    2.36215e+03    2.27987e+04   -1.40738e+03   -1.87187e+05    1.32394e+03
      Potential    Kinetic En.   Total Energy  Conserved En.    Temperature
   -1.61038e+05    3.39392e+04   -1.27099e+05   -1.49582e+05    3.35273e+02
 Pres. DC (bar) Pressure (bar)   Constr. rmsd
   -1.87192e+02    1.85143e+02    2.69530e-06


DD  step 124999 load imb.: force 26.4%
           Step           Time
         125000      250.00000

   Energies (kJ/mol)
           Bond          Angle    Proper Dih. Per. Imp. Dih.          LJ-14
    1.37241e+02    3.53560e+02    3.87311e+02    1.96219e+01    1.69450e+02
     Coulomb-14        LJ (SR)  Disper. corr.   Coulomb (SR)   Coul. recip.
    2.34670e+03    2.38427e+04   -1.40738e+03   -1.88790e+05    1.30394e+03
      Potential    Kinetic En.   Total Energy  Conserved En.    Temperature
   -1.61637e+05    3.41780e+04   -1.27459e+05   -1.49586e+05    3.37632e+02
 Pres. DC (bar) Pressure (bar)   Constr. rmsd
   -1.87192e+02    5.27518e+02    2.39029e-06


DD  step 125999 load imb.: force 23.7%
           Step           Time
         126000      252.00000

   Energies (kJ/mol)
           Bond          Angle    Proper Dih. Per. Imp. Dih.          LJ-14
    1.73341e+02    3.22555e+02    3.93420e+02    1.58044e+01    1.70416e+02
     Coulomb-14        LJ (SR)  Disper. corr.   Coulomb (SR)   Coul. recip.
    2.29901e+03    2.33043e+04   -1.40738e+03   -1.87983e+05    1.29109e+03
      Potential    Kinetic En.   Total Energy  Conserved En.    Temperature
   -1.61420e+05    3.37355e+04   -1.27685e+05   -1.49581e+05    3.33260e+02
 Pres. DC (bar) Pressure (bar)   Constr. rmsd
   -1.87192e+02    2.77196e+02    2.73914e-06


DD  step 126999 load imb.: force 19.6%
           Step           Time
         127000      254.00000

   Energies (kJ/mol)
           Bond          Angle    Proper Dih. Per. Imp. Dih.          LJ-14
    1.77528e+02    2.51100e+02    4.13095e+02    1.30015e+01    1.70615e+02
     Coulomb-14        LJ (SR)  Disper. corr.   Coulomb (SR)   Coul. recip.
    2.35301e+03    2.32050e+04   -1.40738e+03   -1.87526e+05    1.31914e+03
      Potential    Kinetic En.   Total Energy  Conserved En.    Temperature
   -1.61031e+05    3.45034e+04   -1.26528e+05   -1.49589e+05    3.40846e+02
 Pres. DC (bar) Pressure (bar)   Constr. rmsd
   -1.87192e+02    2.03573e+02    2.40015e-06


DD  step 127999 load imb.: force 26.3%
           Step           Time
         128000      256.00000

   Energies (kJ/mol)
           Bond          Angle    Proper Dih. Per. Imp. Dih.          LJ-14
    2.07149e+02    3.68161e+02    3.73506e+02    1.60542e+01    1.62842e+02
     Coulomb-14        LJ (SR)  Disper. corr.   Coulomb (SR)   Coul. recip.
    2.32946e+03    2.32258e+04   -1.40738e+03   -1.87213e+05    1.27828e+03
      Potential    Kinetic En.   Total Energy  Conserved En.    Temperature
   -1.60659e+05    3.49960e+04   -1.25663e+05   -1.49587e+05    3.45713e+02
 Pres. DC (bar) Pressure (bar)   Constr. rmsd
   -1.87192e+02    1.90391e+02    3.72942e-06


DD  step 128999 load imb.: force 25.1%
           Step           Time
         129000      258.00000

   Energies (kJ/mol)
           Bond          Angle    Proper Dih. Per. Imp. Dih.          LJ-14
    1.56635e+02    3.27387e+02    4.39195e+02    1.97577e+01    1.91766e+02
     Coulomb-14        LJ (SR)  Disper. corr.   Coulomb (SR)   Coul. recip.
    2.33331e+03    2.36927e+04   -1.40738e+03   -1.88012e+05    1.32703e+03
      Potential    Kinetic En.   Total Energy  Conserved En.    Temperature
   -1.60932e+05    3.50828e+04   -1.25849e+05   -1.49582e+05    3.46571e+02
 Pres. DC (bar) Pressure (bar)   Constr. rmsd
   -1.87192e+02    5.90891e+02    3.61018e-06


DD  step 129999 load imb.: force 24.3%
           Step           Time
         130000      260.00000

   Energies (kJ/mol)
           Bond          Angle    Proper Dih. Per. Imp. Dih.          LJ-14
    1.41331e+02    3.80064e+02    3.82822e+02    1.71142e+01    2.11289e+02
     Coulomb-14        LJ (SR)  Disper. corr.   Coulomb (SR)   Coul. recip.
    2.37410e+03    2.37632e+04   -1.40738e+03   -1.88308e+05    1.32868e+03
      Potential    Kinetic En.   Total Energy  Conserved En.    Temperature
   -1.61116e+05    3.49875e+04   -1.26129e+05   -1.49585e+05    3.45629e+02
 Pres. DC (bar) Pressure (bar)   Constr. rmsd
   -1.87192e+02    5.94801e+02    3.08108e-06


DD  step 130999 load imb.: force 25.2%
           Step           Time
         131000      262.00000

   Energies (kJ/mol)
           Bond          Angle    Proper Dih. Per. Imp. Dih.          LJ-14
    1.23496e+02    2.92744e+02    3.70885e+02    1.30149e+01    1.81340e+02
     Coulomb-14        LJ (SR)  Disper. corr.   Coulomb (SR)   Coul. recip.
    2.38542e+03    2.38040e+04   -1.40738e+03   -1.88509e+05    1.34745e+03
      Potential    Kinetic En.   Total Energy  Conserved En.    Temperature
   -1.61398e+05    3.46295e+04   -1.26768e+05   -1.49594e+05    3.42092e+02
 Pres. DC (bar) Pressure (bar)   Constr. rmsd
   -1.87192e+02    3.75543e+02    2.33505e-06


DD  step 131999 load imb.: force 26.5%
           Step           Time
         132000      264.00000

   Energies (kJ/mol)
           Bond          Angle    Proper Dih. Per. Imp. Dih.          LJ-14
    1.40172e+02    3.13576e+02    3.89945e+02    3.87859e+01    1.83963e+02
     Coulomb-14        LJ (SR)  Disper. corr.   Coulomb (SR)   Coul. recip.
    2.37598e+03    2.36086e+04   -1.40738e+03   -1.87604e+05    1.30288e+03
      Potential    Kinetic En.   Total Energy  Conserved En.    Temperature
   -1.60657e+05    3.44947e+04   -1.26162e+05   -1.49591e+05    3.40761e+02
 Pres. DC (bar) Pressure (bar)   Constr. rmsd
   -1.87192e+02    6.30230e+02    2.51482e-06


DD  step 132999 load imb.: force 27.2%
           Step           Time
         133000      266.00000

   Energies (kJ/mol)
           Bond          Angle    Proper Dih. Per. Imp. Dih.          LJ-14
    1.55958e+02    3.94840e+02    3.66781e+02    2.48174e+01    1.64551e+02
     Coulomb-14        LJ (SR)  Disper. corr.   Coulomb (SR)   Coul. recip.
    2.33824e+03    2.31905e+04   -1.40738e+03   -1.87902e+05    1.31370e+03
      Potential    Kinetic En.   Total Energy  Conserved En.    Temperature
   -1.61360e+05    3.47855e+04   -1.26574e+05   -1.49583e+05    3.43633e+02
 Pres. DC (bar) Pressure (bar)   Constr. rmsd
   -1.87192e+02    2.37854e+02    2.36632e-06


DD  step 133999 load imb.: force 18.7%
           Step           Time
         134000      268.00000

   Energies (kJ/mol)
           Bond          Angle    Proper Dih. Per. Imp. Dih.          LJ-14
    1.39852e+02    3.28360e+02    3.69004e+02    2.78741e+01    1.79544e+02
     Coulomb-14        LJ (SR)  Disper. corr.   Coulomb (SR)   Coul. recip.
    2.33327e+03    2.42543e+04   -1.40738e+03   -1.88384e+05    1.33302e+03
      Potential    Kinetic En.   Total Energy  Conserved En.    Temperature
   -1.60826e+05    3.43287e+04   -1.26498e+05   -1.49581e+05    3.39121e+02
 Pres. DC (bar) Pressure (bar)   Constr. rmsd
   -1.87192e+02    7.99551e+02    2.18446e-06


DD  step 134999 load imb.: force 18.7%
           Step           Time
         135000      270.00000

   Energies (kJ/mol)
           Bond          Angle    Proper Dih. Per. Imp. Dih.          LJ-14
    1.79543e+02    2.99257e+02    3.67977e+02    2.09577e+01    1.91744e+02
     Coulomb-14        LJ (SR)  Disper. corr.   Coulomb (SR)   Coul. recip.
    2.33211e+03    2.38485e+04   -1.40738e+03   -1.87501e+05    1.30638e+03
      Potential    Kinetic En.   Total Energy  Conserved En.    Temperature
   -1.60362e+05    3.49385e+04   -1.25423e+05   -1.49577e+05    3.45145e+02
 Pres. DC (bar) Pressure (bar)   Constr. rmsd
   -1.87192e+02    7.07580e+02    3.25749e-06


DD  step 135999 load imb.: force 18.7%
           Step           Time
         136000      272.00000

   Energies (kJ/mol)
           Bond          Angle    Proper Dih. Per. Imp. Dih.          LJ-14
    1.73169e+02    3.34636e+02    3.70237e+02    2.79377e+01    1.82592e+02
     Coulomb-14        LJ (SR)  Disper. corr.   Coulomb (SR)   Coul. recip.
    2.33206e+03    2.28519e+04   -1.40738e+03   -1.87075e+05    1.30557e+03
      Potential    Kinetic En.   Total Energy  Conserved En.    Temperature
   -1.60904e+05    3.50018e+04   -1.25903e+05   -1.49584e+05    3.45770e+02
 Pres. DC (bar) Pressure (bar)   Constr. rmsd
   -1.87192e+02    3.54037e+01    2.77614e-06


DD  step 136999 load imb.: force 18.8%
           Step           Time
         137000      274.00000

   Energies (kJ/mol)
           Bond          Angle    Proper Dih. Per. Imp. Dih.          LJ-14
    1.51707e+02    3.37175e+02    3.64292e+02    2.00856e+01    1.70483e+02
     Coulomb-14        LJ (SR)  Disper. corr.   Coulomb (SR)   Coul. recip.
    2.34091e+03    2.32175e+04   -1.40738e+03   -1.87738e+05    1.36660e+03
      Potential    Kinetic En.   Total Energy  Conserved En.    Temperature
   -1.61177e+05    3.39328e+04   -1.27244e+05   -1.49573e+05    3.35210e+02
 Pres. DC (bar) Pressure (bar)   Constr. rmsd
   -1.87192e+02    2.13918e+02    2.73227e-06


DD  step 137999 load imb.: force 23.2%
           Step           Time
         138000      276.00000

   Energies (kJ/mol)
           Bond          Angle    Proper Dih. Per. Imp. Dih.          LJ-14
    1.80232e+02    3.47309e+02    3.87286e+02    3.85974e+01    1.55576e+02
     Coulomb-14        LJ (SR)  Disper. corr.   Coulomb (SR)   Coul. recip.
    2.30669e+03    2.28942e+04   -1.40738e+03   -1.87231e+05    1.33262e+03
      Potential    Kinetic En.   Total Energy  Conserved En.    Temperature
   -1.60996e+05    3.46219e+04   -1.26374e+05   -1.49577e+05    3.42017e+02
 Pres. DC (bar) Pressure (bar)   Constr. rmsd
   -1.87192e+02    5.15566e+01    1.74617e-06


DD  step 138999 load imb.: force 19.6%
           Step           Time
         139000      278.00000

   Energies (kJ/mol)
           Bond          Angle    Proper Dih. Per. Imp. Dih.          LJ-14
    1.10415e+02    3.28605e+02    3.99324e+02    3.77295e+01    1.83629e+02
     Coulomb-14        LJ (SR)  Disper. corr.   Coulomb (SR)   Coul. recip.
    2.38523e+03    2.35359e+04   -1.40738e+03   -1.88020e+05    1.30983e+03
      Potential    Kinetic En.   Total Energy  Conserved En.    Temperature
   -1.61136e+05    3.47249e+04   -1.26411e+05   -1.49578e+05    3.43034e+02
 Pres. DC (bar) Pressure (bar)   Constr. rmsd
   -1.87192e+02    4.04584e+02    2.61391e-06


DD  step 139999 load imb.: force 21.6%
           Step           Time
         140000      280.00000

   Energies (kJ/mol)
           Bond          Angle    Proper Dih. Per. Imp. Dih.          LJ-14
    1.40549e+02    3.51969e+02    3.80107e+02    2.54979e+01    1.85376e+02
     Coulomb-14        LJ (SR)  Disper. corr.   Coulomb (SR)   Coul. recip.
    2.31556e+03    2.33216e+04   -1.40738e+03   -1.87042e+05    1.34028e+03
      Potential    Kinetic En.   Total Energy  Conserved En.    Temperature
   -1.60389e+05    3.42284e+04   -1.26160e+05   -1.49570e+05    3.38130e+02
 Pres. DC (bar) Pressure (bar)   Constr. rmsd
   -1.87192e+02    4.89297e+02    1.92212e-06


DD  step 140999 load imb.: force 20.2%
           Step           Time
         141000      282.00000

   Energies (kJ/mol)
           Bond          Angle    Proper Dih. Per. Imp. Dih.          LJ-14
    1.54901e+02    3.49502e+02    3.90852e+02    2.10539e+01    1.91979e+02
     Coulomb-14        LJ (SR)  Disper. corr.   Coulomb (SR)   Coul. recip.
    2.38308e+03    2.30654e+04   -1.40738e+03   -1.87182e+05    1.28205e+03
      Potential    Kinetic En.   Total Energy  Conserved En.    Temperature
   -1.60750e+05    3.40850e+04   -1.26665e+05   -1.49565e+05    3.36713e+02
 Pres. DC (bar) Pressure (bar)   Constr. rmsd
   -1.87192e+02    2.75748e+02    2.73409e-06


DD  step 141999 load imb.: force 13.9%
           Step           Time
         142000      284.00000

   Energies (kJ/mol)
           Bond          Angle    Proper Dih. Per. Imp. Dih.          LJ-14
    1.32354e+02    3.04126e+02    3.89629e+02    1.48985e+01    1.70000e+02
     Coulomb-14        LJ (SR)  Disper. corr.   Coulomb (SR)   Coul. recip.
    2.36570e+03    2.38594e+04   -1.40738e+03   -1.88147e+05    1.32303e+03
      Potential    Kinetic En.   Total Energy  Conserved En.    Temperature
   -1.60995e+05    3.44116e+04   -1.26584e+05   -1.49570e+05    3.39939e+02
 Pres. DC (bar) Pressure (bar)   Constr. rmsd
   -1.87192e+02    5.77826e+02    2.73115e-06


DD  step 142999 load imb.: force 20.0%
           Step           Time
         143000      286.00000

   Energies (kJ/mol)
           Bond          Angle    Proper Dih. Per. Imp. Dih.          LJ-14
    1.39620e+02    2.79270e+02    3.84842e+02    2.87664e+01    1.86642e+02
     Coulomb-14        LJ (SR)  Disper. corr.   Coulomb (SR)   Coul. recip.
    2.35566e+03    2.36779e+04   -1.40738e+03   -1.88486e+05    1.36163e+03
      Potential    Kinetic En.   Total Energy  Conserved En.    Temperature
   -1.61480e+05    3.42548e+04   -1.27225e+05   -1.49574e+05    3.38390e+02
 Pres. DC (bar) Pressure (bar)   Constr. rmsd
   -1.87192e+02    3.69196e+02    2.34704e-06


DD  step 143999 load imb.: force 20.0%
           Step           Time
         144000      288.00000

   Energies (kJ/mol)
           Bond          Angle    Proper Dih. Per. Imp. Dih.          LJ-14
    1.36167e+02    3.10955e+02    4.00225e+02    2.99712e+01    1.76658e+02
     Coulomb-14        LJ (SR)  Disper. corr.   Coulomb (SR)   Coul. recip.
    2.37481e+03    2.34597e+04   -1.40738e+03   -1.88019e+05    1.33895e+03
      Potential    Kinetic En.   Total Energy  Conserved En.    Temperature
   -1.61199e+05    3.41006e+04   -1.27098e+05   -1.49570e+05    3.36868e+02
 Pres. DC (bar) Pressure (bar)   Constr. rmsd
   -1.87192e+02    2.85326e+02    2.76166e-06


DD  step 144999 load imb.: force 20.1%
           Step           Time
         145000      290.00000

   Energies (kJ/mol)
           Bond          Angle    Proper Dih. Per. Imp. Dih.          LJ-14
    9.09854e+01    3.60132e+02    3.66289e+02    1.96512e+01    1.72305e+02
     Coulomb-14        LJ (SR)  Disper. corr.   Coulomb (SR)   Coul. recip.
    2.36408e+03    2.38754e+04   -1.40738e+03   -1.89033e+05    1.34432e+03
      Potential    Kinetic En.   Total Energy  Conserved En.    Temperature
   -1.61848e+05    3.46342e+04   -1.27213e+05   -1.49566e+05    3.42139e+02
 Pres. DC (bar) Pressure (bar)   Constr. rmsd
   -1.87192e+02    4.86974e+02    2.00748e-06


DD  step 145999 load imb.: force 18.7%
           Step           Time
         146000      292.00000

   Energies (kJ/mol)
           Bond          Angle    Proper Dih. Per. Imp. Dih.          LJ-14
    1.77090e+02    4.04636e+02    3.64332e+02    1.69641e+01    1.74699e+02
     Coulomb-14        LJ (SR)  Disper. corr.   Coulomb (SR)   Coul. recip.
    2.32540e+03    2.35841e+04   -1.40738e+03   -1.87813e+05    1.37356e+03
      Potential    Kinetic En.   Total Energy  Conserved En.    Temperature
   -1.60800e+05    3.45815e+04   -1.26218e+05   -1.49552e+05    3.41618e+02
 Pres. DC (bar) Pressure (bar)   Constr. rmsd
   -1.87192e+02    3.68059e+02    1.83228e-06


DD  step 146999 load imb.: force 17.8%
           Step           Time
         147000      294.00000

   Energies (kJ/mol)
           Bond          Angle    Proper Dih. Per. Imp. Dih.          LJ-14
    1.66677e+02    3.12540e+02    3.98175e+02    2.24240e+01    1.72111e+02
     Coulomb-14        LJ (SR)  Disper. corr.   Coulomb (SR)   Coul. recip.
    2.35449e+03    2.35626e+04   -1.40738e+03   -1.87916e+05    1.33965e+03
      Potential    Kinetic En.   Total Energy  Conserved En.    Temperature
   -1.60995e+05    3.46204e+04   -1.26375e+05   -1.49571e+05    3.42002e+02
 Pres. DC (bar) Pressure (bar)   Constr. rmsd
   -1.87192e+02    3.42961e+02    2.83904e-06


DD  step 147999 load imb.: force 19.0%
           Step           Time
         148000      296.00000

   Energies (kJ/mol)
           Bond          Angle    Proper Dih. Per. Imp. Dih.          LJ-14
    1.60581e+02    2.91860e+02    4.04655e+02    3.34543e+01    1.69953e+02
     Coulomb-14        LJ (SR)  Disper. corr.   Coulomb (SR)   Coul. recip.
    2.37999e+03    2.31096e+04   -1.40738e+03   -1.86994e+05    1.35045e+03
      Potential    Kinetic En.   Total Energy  Conserved En.    Temperature
   -1.60501e+05    3.40017e+04   -1.26499e+05   -1.49563e+05    3.35890e+02
 Pres. DC (bar) Pressure (bar)   Constr. rmsd
   -1.87192e+02    1.49551e+02    3.82546e-06


DD  step 148999 load imb.: force 18.9%
           Step           Time
         149000      298.00000

   Energies (kJ/mol)
           Bond          Angle    Proper Dih. Per. Imp. Dih.          LJ-14
    1.51573e+02    3.82072e+02    3.92814e+02    2.15748e+01    1.85146e+02
     Coulomb-14        LJ (SR)  Disper. corr.   Coulomb (SR)   Coul. recip.
    2.33474e+03    2.37534e+04   -1.40738e+03   -1.87311e+05    1.27068e+03
      Potential    Kinetic En.   Total Energy  Conserved En.    Temperature
   -1.60226e+05    3.51448e+04   -1.25081e+05   -1.49563e+05    3.47182e+02
 Pres. DC (bar) Pressure (bar)   Constr. rmsd
   -1.87192e+02    7.73933e+02    2.47406e-06


DD  step 149999 load imb.: force 23.5%
           Step           Time
         150000      300.00000

   Energies (kJ/mol)
           Bond          Angle    Proper Dih. Per. Imp. Dih.          LJ-14
    1.57593e+02    3.52082e+02    3.43740e+02    1.98792e+01    1.72881e+02
     Coulomb-14        LJ (SR)  Disper. corr.   Coulomb (SR)   Coul. recip.
    2.31512e+03    2.32883e+04   -1.40738e+03   -1.87192e+05    1.33279e+03
      Potential    Kinetic En.   Total Energy  Conserved En.    Temperature
   -1.60617e+05    3.41533e+04   -1.26464e+05   -1.49560e+05    3.37388e+02
 Pres. DC (bar) Pressure (bar)   Constr. rmsd
   -1.87192e+02    3.52234e+02    3.04903e-06


DD  step 150999 load imb.: force 26.2%
           Step           Time
         151000      302.00000

   Energies (kJ/mol)
           Bond          Angle    Proper Dih. Per. Imp. Dih.          LJ-14
    1.38928e+02    3.28000e+02    3.64581e+02    1.65998e+01    1.89120e+02
     Coulomb-14        LJ (SR)  Disper. corr.   Coulomb (SR)   Coul. recip.
    2.36134e+03    2.41355e+04   -1.40738e+03   -1.88647e+05    1.37128e+03
      Potential    Kinetic En.   Total Energy  Conserved En.    Temperature
   -1.61149e+05    3.38993e+04   -1.27250e+05   -1.49548e+05    3.34879e+02
 Pres. DC (bar) Pressure (bar)   Constr. rmsd
   -1.87192e+02    7.53878e+02    2.65127e-06


DD  step 151999 load imb.: force 25.0%
           Step           Time
         152000      304.00000

   Energies (kJ/mol)
           Bond          Angle    Proper Dih. Per. Imp. Dih.          LJ-14
    1.77415e+02    3.41170e+02    3.99521e+02    2.10818e+01    1.75774e+02
     Coulomb-14        LJ (SR)  Disper. corr.   Coulomb (SR)   Coul. recip.
    2.33297e+03    2.25747e+04   -1.40738e+03   -1.86908e+05    1.30169e+03
      Potential    Kinetic En.   Total Energy  Conserved En.    Temperature
   -1.60991e+05    3.47834e+04   -1.26207e+05   -1.49550e+05    3.43613e+02
 Pres. DC (bar) Pressure (bar)   Constr. rmsd
   -1.87192e+02   -1.82398e+01    2.32314e-06


DD  step 152999 load imb.: force 20.7%
           Step           Time
         153000      306.00000

   Energies (kJ/mol)
           Bond          Angle    Proper Dih. Per. Imp. Dih.          LJ-14
    1.61333e+02    2.64073e+02    3.70737e+02    1.94588e+01    1.90012e+02
     Coulomb-14        LJ (SR)  Disper. corr.   Coulomb (SR)   Coul. recip.
    2.41922e+03    2.34252e+04   -1.40738e+03   -1.87585e+05    1.36504e+03
      Potential    Kinetic En.   Total Energy  Conserved En.    Temperature
   -1.60777e+05    3.50287e+04   -1.25748e+05   -1.49562e+05    3.46036e+02
 Pres. DC (bar) Pressure (bar)   Constr. rmsd
   -1.87192e+02    4.36144e+02    3.34966e-06


DD  step 153999 load imb.: force 17.2%
           Step           Time
         154000      308.00000

   Energies (kJ/mol)
           Bond          Angle    Proper Dih. Per. Imp. Dih.          LJ-14
    1.49277e+02    3.64750e+02    3.71906e+02    2.67400e+01    1.89044e+02
     Coulomb-14        LJ (SR)  Disper. corr.   Coulomb (SR)   Coul. recip.
    2.38991e+03    2.38286e+04   -1.40738e+03   -1.88253e+05    1.32510e+03
      Potential    Kinetic En.   Total Energy  Conserved En.    Temperature
   -1.61015e+05    3.47510e+04   -1.26264e+05   -1.49547e+05    3.43292e+02
 Pres. DC (bar) Pressure (bar)   Constr. rmsd
   -1.87192e+02    7.11636e+02    4.08586e-06


DD  step 154999 load imb.: force 19.4%
           Step           Time
         155000      310.00000

   Energies (kJ/mol)
           Bond          Angle    Proper Dih. Per. Imp. Dih.          LJ-14
    1.25478e+02    3.82487e+02    3.77210e+02    1.70497e+01    1.82371e+02
     Coulomb-14        LJ (SR)  Disper. corr.   Coulomb (SR)   Coul. recip.
    2.36214e+03    2.37672e+04   -1.40738e+03   -1.88366e+05    1.27964e+03
      Potential    Kinetic En.   Total Energy  Conserved En.    Temperature
   -1.61280e+05    3.45257e+04   -1.26754e+05   -1.49554e+05    3.41067e+02
 Pres. DC (bar) Pressure (bar)   Constr. rmsd
   -1.87192e+02    5.30386e+02    1.91050e-06


DD  step 155999 load imb.: force 19.7%
           Step           Time
         156000      312.00000

   Energies (kJ/mol)
           Bond          Angle    Proper Dih. Per. Imp. Dih.          LJ-14
    1.38862e+02    3.13194e+02    3.49622e+02    1.99171e+01    1.75695e+02
     Coulomb-14        LJ (SR)  Disper. corr.   Coulomb (SR)   Coul. recip.
    2.34476e+03    2.40148e+04   -1.40738e+03   -1.88926e+05    1.26815e+03
      Potential    Kinetic En.   Total Energy  Conserved En.    Temperature
   -1.61708e+05    3.41362e+04   -1.27572e+05   -1.49541e+05    3.37219e+02
 Pres. DC (bar) Pressure (bar)   Constr. rmsd
   -1.87192e+02    4.95629e+02    2.60990e-06


DD  step 156999 load imb.: force 18.8%
           Step           Time
         157000      314.00000

   Energies (kJ/mol)
           Bond          Angle    Proper Dih. Per. Imp. Dih.          LJ-14
    1.42687e+02    3.26927e+02    3.70189e+02    2.51209e+01    1.73667e+02
     Coulomb-14        LJ (SR)  Disper. corr.   Coulomb (SR)   Coul. recip.
    2.31761e+03    2.34781e+04   -1.40738e+03   -1.88392e+05    1.34556e+03
      Potential    Kinetic En.   Total Energy  Conserved En.    Temperature
   -1.61619e+05    3.37865e+04   -1.27833e+05   -1.49544e+05    3.33765e+02
 Pres. DC (bar) Pressure (bar)   Constr. rmsd
   -1.87192e+02    2.40679e+02    1.90380e-06


DD  step 157999 load imb.: force 18.4%
           Step           Time
         158000      316.00000

   Energies (kJ/mol)
           Bond          Angle    Proper Dih. Per. Imp. Dih.          LJ-14
    1.31117e+02    3.00142e+02    3.58603e+02    1.57033e+01    2.16514e+02
     Coulomb-14        LJ (SR)  Disper. corr.   Coulomb (SR)   Coul. recip.
    2.40637e+03    2.27537e+04   -1.40738e+03   -1.87597e+05    1.31503e+03
      Potential    Kinetic En.   Total Energy  Conserved En.    Temperature
   -1.61507e+05    3.40673e+04   -1.27440e+05   -1.49552e+05    3.36538e+02
 Pres. DC (bar) Pressure (bar)   Constr. rmsd
   -1.87192e+02    2.81292e+01    2.60801e-06


DD  step 158999 load imb.: force 18.7%
           Step           Time
         159000      318.00000

   Energies (kJ/mol)
           Bond          Angle    Proper Dih. Per. Imp. Dih.          LJ-14
    1.70368e+02    3.31707e+02    3.63493e+02    2.47533e+01    1.67058e+02
     Coulomb-14        LJ (SR)  Disper. corr.   Coulomb (SR)   Coul. recip.
    2.32031e+03    2.36117e+04   -1.40738e+03   -1.88559e+05    1.39339e+03
      Potential    Kinetic En.   Total Energy  Conserved En.    Temperature
   -1.61583e+05    3.44125e+04   -1.27171e+05   -1.49548e+05    3.39948e+02
 Pres. DC (bar) Pressure (bar)   Constr. rmsd
   -1.87192e+02    3.15828e+02    2.59886e-06


DD  step 159999 load imb.: force 22.9%
           Step           Time
         160000      320.00000

   Energies (kJ/mol)
           Bond          Angle    Proper Dih. Per. Imp. Dih.          LJ-14
    1.70767e+02    3.78692e+02    4.18428e+02    3.09296e+01    1.80545e+02
     Coulomb-14        LJ (SR)  Disper. corr.   Coulomb (SR)   Coul. recip.
    2.32146e+03    2.35012e+04   -1.40738e+03   -1.88094e+05    1.26698e+03
      Potential    Kinetic En.   Total Energy  Conserved En.    Temperature
   -1.61232e+05    3.47961e+04   -1.26436e+05   -1.49560e+05    3.43738e+02
 Pres. DC (bar) Pressure (bar)   Constr. rmsd
   -1.87192e+02    4.51985e+02    2.20975e-06


DD  step 160999 load imb.: force 25.8%
           Step           Time
         161000      322.00000

   Energies (kJ/mol)
           Bond          Angle    Proper Dih. Per. Imp. Dih.          LJ-14
    2.00789e+02    3.39062e+02    4.04987e+02    2.67819e+01    1.69056e+02
     Coulomb-14        LJ (SR)  Disper. corr.   Coulomb (SR)   Coul. recip.
    2.36008e+03    2.32720e+04   -1.40738e+03   -1.87502e+05    1.32603e+03
      Potential    Kinetic En.   Total Energy  Conserved En.    Temperature
   -1.60810e+05    3.46057e+04   -1.26205e+05   -1.49548e+05    3.41857e+02
 Pres. DC (bar) Pressure (bar)   Constr. rmsd
   -1.87192e+02    4.03735e+02    4.51589e-06


DD  step 161999 load imb.: force 25.2%
           Step           Time
         162000      324.00000

   Energies (kJ/mol)
           Bond          Angle    Proper Dih. Per. Imp. Dih.          LJ-14
    1.71889e+02    3.10418e+02    3.63222e+02    2.57904e+01    1.78297e+02
     Coulomb-14        LJ (SR)  Disper. corr.   Coulomb (SR)   Coul. recip.
    2.36336e+03    2.31620e+04   -1.40738e+03   -1.87957e+05    1.29190e+03
      Potential    Kinetic En.   Total Energy  Conserved En.    Temperature
   -1.61498e+05    3.46102e+04   -1.26887e+05   -1.49539e+05    3.41901e+02
 Pres. DC (bar) Pressure (bar)   Constr. rmsd
   -1.87192e+02    1.41413e+02    2.59805e-06


DD  step 162999 load imb.: force 23.9%
           Step           Time
         163000      326.00000

   Energies (kJ/mol)
           Bond          Angle    Proper Dih. Per. Imp. Dih.          LJ-14
    1.64792e+02    3.19753e+02    3.66823e+02    2.48232e+01    1.79392e+02
     Coulomb-14        LJ (SR)  Disper. corr.   Coulomb (SR)   Coul. recip.
    2.33194e+03    2.31797e+04   -1.40738e+03   -1.87331e+05    1.31364e+03
      Potential    Kinetic En.   Total Energy  Conserved En.    Temperature
   -1.60858e+05    3.39101e+04   -1.26948e+05   -1.49540e+05    3.34986e+02
 Pres. DC (bar) Pressure (bar)   Constr. rmsd
   -1.87192e+02    2.84218e+02    3.13092e-06


DD  step 163999 load imb.: force 26.8%
           Step           Time
         164000      328.00000

   Energies (kJ/mol)
           Bond          Angle    Proper Dih. Per. Imp. Dih.          LJ-14
    1.51196e+02    3.19015e+02    4.04224e+02    2.58378e+01    1.69640e+02
     Coulomb-14        LJ (SR)  Disper. corr.   Coulomb (SR)   Coul. recip.
    2.39564e+03    2.38764e+04   -1.40738e+03   -1.88590e+05    1.36955e+03
      Potential    Kinetic En.   Total Energy  Conserved En.    Temperature
   -1.61286e+05    3.43742e+04   -1.26912e+05   -1.49538e+05    3.39570e+02
 Pres. DC (bar) Pressure (bar)   Constr. rmsd
   -1.87192e+02    4.86958e+02    2.69508e-06


DD  step 164999 load imb.: force 25.5%
           Step           Time
         165000      330.00000

   Energies (kJ/mol)
           Bond          Angle    Proper Dih. Per. Imp. Dih.          LJ-14
    1.59893e+02    2.76328e+02    4.00385e+02    2.60944e+01    1.87597e+02
     Coulomb-14        LJ (SR)  Disper. corr.   Coulomb (SR)   Coul. recip.
    2.38901e+03    2.29480e+04   -1.40738e+03   -1.87275e+05    1.27603e+03
      Potential    Kinetic En.   Total Energy  Conserved En.    Temperature
   -1.61019e+05    3.43836e+04   -1.26636e+05   -1.49546e+05    3.39663e+02
 Pres. DC (bar) Pressure (bar)   Constr. rmsd
   -1.87192e+02    1.57419e+02    1.85148e-06


DD  step 165999 load imb.: force 24.8%
           Step           Time
         166000      332.00000

   Energies (kJ/mol)
           Bond          Angle    Proper Dih. Per. Imp. Dih.          LJ-14
    1.84101e+02    3.11135e+02    3.73591e+02    2.76456e+01    1.72881e+02
     Coulomb-14        LJ (SR)  Disper. corr.   Coulomb (SR)   Coul. recip.
    2.40160e+03    2.33176e+04   -1.40738e+03   -1.88018e+05    1.28558e+03
      Potential    Kinetic En.   Total Energy  Conserved En.    Temperature
   -1.61351e+05    3.47659e+04   -1.26585e+05   -1.49546e+05    3.43440e+02
 Pres. DC (bar) Pressure (bar)   Constr. rmsd
   -1.87192e+02    1.19494e+02    1.99995e-06


DD  step 166999 load imb.: force 23.6%
           Step           Time
         167000      334.00000

   Energies (kJ/mol)
           Bond          Angle    Proper Dih. Per. Imp. Dih.          LJ-14
    1.46383e+02    2.81760e+02    3.84604e+02    1.42693e+01    1.89179e+02
     Coulomb-14        LJ (SR)  Disper. corr.   Coulomb (SR)   Coul. recip.
    2.33806e+03    2.30647e+04   -1.40738e+03   -1.87098e+05    1.32876e+03
      Potential    Kinetic En.   Total Energy  Conserved En.    Temperature
   -1.60757e+05    3.41505e+04   -1.26607e+05   -1.49542e+05    3.37361e+02
 Pres. DC (bar) Pressure (bar)   Constr. rmsd
   -1.87192e+02    3.48559e+02    2.22200e-06


DD  step 167999 load imb.: force 26.0%
           Step           Time
         168000      336.00000

   Energies (kJ/mol)
           Bond          Angle    Proper Dih. Per. Imp. Dih.          LJ-14
    1.42023e+02    3.67485e+02    3.69233e+02    2.42693e+01    1.75959e+02
     Coulomb-14        LJ (SR)  Disper. corr.   Coulomb (SR)   Coul. recip.
    2.32767e+03    2.33121e+04   -1.40738e+03   -1.87593e+05    1.30914e+03
      Potential    Kinetic En.   Total Energy  Conserved En.    Temperature
   -1.60972e+05    3.42158e+04   -1.26757e+05   -1.49536e+05    3.38005e+02
 Pres. DC (bar) Pressure (bar)   Constr. rmsd
   -1.87192e+02    3.36626e+02    2.52036e-06


DD  step 168999 load imb.: force 22.2%
           Step           Time
         169000      338.00000

   Energies (kJ/mol)
           Bond          Angle    Proper Dih. Per. Imp. Dih.          LJ-14
    1.36430e+02    2.93515e+02    3.51964e+02    1.37265e+01    1.86020e+02
     Coulomb-14        LJ (SR)  Disper. corr.   Coulomb (SR)   Coul. recip.
    2.37279e+03    2.33752e+04   -1.40738e+03   -1.87144e+05    1.37559e+03
      Potential    Kinetic En.   Total Energy  Conserved En.    Temperature
   -1.60447e+05    3.42055e+04   -1.26241e+05   -1.49533e+05    3.37903e+02
 Pres. DC (bar) Pressure (bar)   Constr. rmsd
   -1.87192e+02    4.35562e+02    2.75140e-06


DD  step 169999 load imb.: force 19.5%
           Step           Time
         170000      340.00000

   Energies (kJ/mol)
           Bond          Angle    Proper Dih. Per. Imp. Dih.          LJ-14
    1.25266e+02    3.40647e+02    4.07519e+02    2.52341e+01    1.71179e+02
     Coulomb-14        LJ (SR)  Disper. corr.   Coulomb (SR)   Coul. recip.
    2.31051e+03    2.31695e+04   -1.40738e+03   -1.87252e+05    1.33236e+03
      Potential    Kinetic En.   Total Energy  Conserved En.    Temperature
   -1.60778e+05    3.45715e+04   -1.26206e+05   -1.49531e+05    3.41520e+02
 Pres. DC (bar) Pressure (bar)   Constr. rmsd
   -1.87192e+02    2.53431e+02    3.18010e-06


DD  step 170999 load imb.: force 24.6%
           Step           Time
         171000      342.00000

   Energies (kJ/mol)
           Bond          Angle    Proper Dih. Per. Imp. Dih.          LJ-14
    1.42361e+02    3.55064e+02    4.04946e+02    2.18383e+01    1.72099e+02
     Coulomb-14        LJ (SR)  Disper. corr.   Coulomb (SR)   Coul. recip.
    2.34715e+03    2.35135e+04   -1.40738e+03   -1.87531e+05    1.30577e+03
      Potential    Kinetic En.   Total Energy  Conserved En.    Temperature
   -1.60675e+05    3.40307e+04   -1.26645e+05   -1.49533e+05    3.36176e+02
 Pres. DC (bar) Pressure (bar)   Constr. rmsd
   -1.87192e+02    5.07311e+02    1.59871e-06


DD  step 171999 load imb.: force 19.2%
           Step           Time
         172000      344.00000

   Energies (kJ/mol)
           Bond          Angle    Proper Dih. Per. Imp. Dih.          LJ-14
    1.45080e+02    3.46795e+02    3.73586e+02    1.33056e+01    1.71623e+02
     Coulomb-14        LJ (SR)  Disper. corr.   Coulomb (SR)   Coul. recip.
    2.38619e+03    2.33786e+04   -1.40738e+03   -1.88198e+05    1.28047e+03
      Potential    Kinetic En.   Total Energy  Conserved En.    Temperature
   -1.61510e+05    3.43916e+04   -1.27118e+05   -1.49535e+05    3.39742e+02
 Pres. DC (bar) Pressure (bar)   Constr. rmsd
   -1.87192e+02    2.64810e+02    2.17306e-06


DD  step 172999 load imb.: force 20.4%
           Step           Time
         173000      346.00000

   Energies (kJ/mol)
           Bond          Angle    Proper Dih. Per. Imp. Dih.          LJ-14
    1.40951e+02    2.91556e+02    3.97007e+02    2.47645e+01    1.83710e+02
     Coulomb-14        LJ (SR)  Disper. corr.   Coulomb (SR)   Coul. recip.
    2.36854e+03    2.36072e+04   -1.40738e+03   -1.87977e+05    1.38305e+03
      Potential    Kinetic En.   Total Energy  Conserved En.    Temperature
   -1.60988e+05    3.50495e+04   -1.25938e+05   -1.49534e+05    3.46241e+02
 Pres. DC (bar) Pressure (bar)   Constr. rmsd
   -1.87192e+02    5.39445e+02    4.76083e-06


DD  step 173999 load imb.: force 21.6%
           Step           Time
         174000      348.00000

   Energies (kJ/mol)
           Bond          Angle    Proper Dih. Per. Imp. Dih.          LJ-14
    1.38986e+02    2.94174e+02    3.58597e+02    2.07457e+01    1.91655e+02
     Coulomb-14        LJ (SR)  Disper. corr.   Coulomb (SR)   Coul. recip.
    2.39705e+03    2.27650e+04   -1.40738e+03   -1.87724e+05    1.32603e+03
      Potential    Kinetic En.   Total Energy  Conserved En.    Temperature
   -1.61639e+05    3.45686e+04   -1.27070e+05   -1.49530e+05    3.41490e+02
 Pres. DC (bar) Pressure (bar)   Constr. rmsd
   -1.87192e+02    6.24138e+00    2.14225e-06


DD  step 174999 load imb.: force 20.5%
           Step           Time
         175000      350.00000

   Energies (kJ/mol)
           Bond          Angle    Proper Dih. Per. Imp. Dih.          LJ-14
    1.23036e+02    3.29687e+02    3.93052e+02    1.73652e+01    1.69706e+02
     Coulomb-14        LJ (SR)  Disper. corr.   Coulomb (SR)   Coul. recip.
    2.34813e+03    2.34230e+04   -1.40738e+03   -1.88014e+05    1.28662e+03
      Potential    Kinetic En.   Total Energy  Conserved En.    Temperature
   -1.61331e+05    3.42812e+04   -1.27050e+05   -1.49525e+05    3.38652e+02
 Pres. DC (bar) Pressure (bar)   Constr. rmsd
   -1.87192e+02    3.13705e+02    2.49760e-06


DD  step 175999 load imb.: force 17.8%
           Step           Time
         176000      352.00000

   Energies (kJ/mol)
           Bond          Angle    Proper Dih. Per. Imp. Dih.          LJ-14
    1.52955e+02    3.68397e+02    3.73837e+02    1.23144e+01    1.68116e+02
     Coulomb-14        LJ (SR)  Disper. corr.   Coulomb (SR)   Coul. recip.
    2.32167e+03    2.27139e+04   -1.40738e+03   -1.86750e+05    1.27136e+03
      Potential    Kinetic En.   Total Energy  Conserved En.    Temperature
   -1.60775e+05    3.42491e+04   -1.26526e+05   -1.49531e+05    3.38334e+02
 Pres. DC (bar) Pressure (bar)   Constr. rmsd
   -1.87192e+02    9.86734e+01    2.52569e-06


DD  step 176999 load imb.: force 15.4%
           Step           Time
         177000      354.00000

   Energies (kJ/mol)
           Bond          Angle    Proper Dih. Per. Imp. Dih.          LJ-14
    1.49806e+02    3.34146e+02    3.89548e+02    3.25495e+01    2.02444e+02
     Coulomb-14        LJ (SR)  Disper. corr.   Coulomb (SR)   Coul. recip.
    2.37473e+03    2.36132e+04   -1.40738e+03   -1.87546e+05    1.32799e+03
      Potential    Kinetic En.   Total Energy  Conserved En.    Temperature
   -1.60529e+05    3.42967e+04   -1.26232e+05   -1.49521e+05    3.38804e+02
 Pres. DC (bar) Pressure (bar)   Constr. rmsd
   -1.87192e+02    5.48456e+02    2.32048e-06


DD  step 177999 load imb.: force 18.9%
           Step           Time
         178000      356.00000

   Energies (kJ/mol)
           Bond          Angle    Proper Dih. Per. Imp. Dih.          LJ-14
    1.85238e+02    3.77903e+02    3.87370e+02    2.11300e+01    1.85306e+02
     Coulomb-14        LJ (SR)  Disper. corr.   Coulomb (SR)   Coul. recip.
    2.33414e+03    2.38776e+04   -1.40738e+03   -1.87412e+05    1.34624e+03
      Potential    Kinetic En.   Total Energy  Conserved En.    Temperature
   -1.60104e+05    3.46114e+04   -1.25493e+05   -1.49510e+05    3.41913e+02
 Pres. DC (bar) Pressure (bar)   Constr. rmsd
   -1.87192e+02    6.36947e+02    3.22448e-06


DD  step 178999 load imb.: force 19.7%
           Step           Time
         179000      358.00000

   Energies (kJ/mol)
           Bond          Angle    Proper Dih. Per. Imp. Dih.          LJ-14
    1.55057e+02    3.10240e+02    3.90268e+02    1.51887e+01    1.96268e+02
     Coulomb-14        LJ (SR)  Disper. corr.   Coulomb (SR)   Coul. recip.
    2.38752e+03    2.31870e+04   -1.40738e+03   -1.86768e+05    1.28504e+03
      Potential    Kinetic En.   Total Energy  Conserved En.    Temperature
   -1.60249e+05    3.53142e+04   -1.24934e+05   -1.49524e+05    3.48856e+02
 Pres. DC (bar) Pressure (bar)   Constr. rmsd
   -1.87192e+02    4.94529e+02    5.48177e-06


DD  step 179999 load imb.: force 19.9%
           Step           Time
         180000      360.00000

   Energies (kJ/mol)
           Bond          Angle    Proper Dih. Per. Imp. Dih.          LJ-14
    1.46446e+02    2.91497e+02    3.66178e+02    2.06891e+01    1.75243e+02
     Coulomb-14        LJ (SR)  Disper. corr.   Coulomb (SR)   Coul. recip.
    2.33652e+03    2.41750e+04   -1.40738e+03   -1.87976e+05    1.32592e+03
      Potential    Kinetic En.   Total Energy  Conserved En.    Temperature
   -1.60546e+05    3.38529e+04   -1.26693e+05   -1.49515e+05    3.34421e+02
 Pres. DC (bar) Pressure (bar)   Constr. rmsd
   -1.87192e+02    7.14810e+02    3.97161e-06


DD  step 180999 load imb.: force 21.7%
           Step           Time
         181000      362.00000

   Energies (kJ/mol)
           Bond          Angle    Proper Dih. Per. Imp. Dih.          LJ-14
    1.79386e+02    3.76156e+02    3.51148e+02    2.49175e+01    1.70003e+02
     Coulomb-14        LJ (SR)  Disper. corr.   Coulomb (SR)   Coul. recip.
    2.31228e+03    2.33530e+04   -1.40738e+03   -1.87227e+05    1.31670e+03
      Potential    Kinetic En.   Total Energy  Conserved En.    Temperature
   -1.60551e+05    3.44707e+04   -1.26080e+05   -1.49518e+05    3.40523e+02
 Pres. DC (bar) Pressure (bar)   Constr. rmsd
   -1.87192e+02    3.01003e+02    3.56857e-06


DD  step 181999 load imb.: force 19.4%
           Step           Time
         182000      364.00000

   Energies (kJ/mol)
           Bond          Angle    Proper Dih. Per. Imp. Dih.          LJ-14
    1.46459e+02    4.17452e+02    3.54595e+02    2.06984e+01    1.77133e+02
     Coulomb-14        LJ (SR)  Disper. corr.   Coulomb (SR)   Coul. recip.
    2.28797e+03    2.33676e+04   -1.40738e+03   -1.87319e+05    1.33479e+03
      Potential    Kinetic En.   Total Energy  Conserved En.    Temperature
   -1.60620e+05    3.48490e+04   -1.25771e+05   -1.49515e+05    3.44261e+02
 Pres. DC (bar) Pressure (bar)   Constr. rmsd
   -1.87192e+02    4.66672e+02    2.85778e-06


DD  step 182999 load imb.: force 19.6%
           Step           Time
         183000      366.00000

   Energies (kJ/mol)
           Bond          Angle    Proper Dih. Per. Imp. Dih.          LJ-14
    1.41952e+02    3.24188e+02    3.90514e+02    2.26464e+01    1.76373e+02
     Coulomb-14        LJ (SR)  Disper. corr.   Coulomb (SR)   Coul. recip.
    2.38128e+03    2.31670e+04   -1.40738e+03   -1.87492e+05    1.33417e+03
      Potential    Kinetic En.   Total Energy  Conserved En.    Temperature
   -1.60961e+05    3.48660e+04   -1.26095e+05   -1.49524e+05    3.44428e+02
 Pres. DC (bar) Pressure (bar)   Constr. rmsd
   -1.87192e+02    3.36725e+02    2.88056e-06


DD  step 183999 load imb.: force 24.8%
           Step           Time
         184000      368.00000

   Energies (kJ/mol)
           Bond          Angle    Proper Dih. Per. Imp. Dih.          LJ-14
    1.69878e+02    3.55273e+02    3.77725e+02    2.21622e+01    2.08127e+02
     Coulomb-14        LJ (SR)  Disper. corr.   Coulomb (SR)   Coul. recip.
    2.31421e+03    2.33193e+04   -1.40738e+03   -1.87708e+05    1.29424e+03
      Potential    Kinetic En.   Total Energy  Conserved En.    Temperature
   -1.61054e+05    3.45654e+04   -1.26489e+05   -1.49508e+05    3.41458e+02
 Pres. DC (bar) Pressure (bar)   Constr. rmsd
   -1.87192e+02    4.82526e+02    2.31826e-06


DD  step 184999 load imb.: force 24.6%
           Step           Time
         185000      370.00000

   Energies (kJ/mol)
           Bond          Angle    Proper Dih. Per. Imp. Dih.          LJ-14
    1.87948e+02    3.70694e+02    3.83614e+02    2.08056e+01    1.86700e+02
     Coulomb-14        LJ (SR)  Disper. corr.   Coulomb (SR)   Coul. recip.
    2.33002e+03    2.36297e+04   -1.40738e+03   -1.87553e+05    1.37119e+03
      Potential    Kinetic En.   Total Energy  Conserved En.    Temperature
   -1.60480e+05    3.50244e+04   -1.25455e+05   -1.49506e+05    3.45993e+02
 Pres. DC (bar) Pressure (bar)   Constr. rmsd
   -1.87192e+02    7.03934e+02    3.01664e-06


DD  step 185999 load imb.: force 23.7%
           Step           Time
         186000      372.00000

   Energies (kJ/mol)
           Bond          Angle    Proper Dih. Per. Imp. Dih.          LJ-14
    1.53488e+02    3.17060e+02    3.97396e+02    2.62160e+01    1.85001e+02
     Coulomb-14        LJ (SR)  Disper. corr.   Coulomb (SR)   Coul. recip.
    2.36896e+03    2.31557e+04   -1.40738e+03   -1.87641e+05    1.37327e+03
      Potential    Kinetic En.   Total Energy  Conserved En.    Temperature
   -1.61072e+05    3.43423e+04   -1.26729e+05   -1.49509e+05    3.39255e+02
 Pres. DC (bar) Pressure (bar)   Constr. rmsd
   -1.87192e+02    3.00231e+02    1.61019e-06


DD  step 186999 load imb.: force 24.9%
           Step           Time
         187000      374.00000

   Energies (kJ/mol)
           Bond          Angle    Proper Dih. Per. Imp. Dih.          LJ-14
    1.47942e+02    3.04587e+02    3.99636e+02    1.49333e+01    1.72823e+02
     Coulomb-14        LJ (SR)  Disper. corr.   Coulomb (SR)   Coul. recip.
    2.37308e+03    2.29538e+04   -1.40738e+03   -1.87606e+05    1.36030e+03
      Potential    Kinetic En.   Total Energy  Conserved En.    Temperature
   -1.61287e+05    3.49382e+04   -1.26349e+05   -1.49518e+05    3.45142e+02
 Pres. DC (bar) Pressure (bar)   Constr. rmsd
   -1.87192e+02    1.58411e+02    9.69222e-06


DD  step 187999 load imb.: force 25.7%
           Step           Time
         188000      376.00000

   Energies (kJ/mol)
           Bond          Angle    Proper Dih. Per. Imp. Dih.          LJ-14
    1.25593e+02    3.56988e+02    3.91392e+02    2.54463e+01    1.81042e+02
     Coulomb-14        LJ (SR)  Disper. corr.   Coulomb (SR)   Coul. recip.
    2.35462e+03    2.35134e+04   -1.40738e+03   -1.88185e+05    1.32312e+03
      Potential    Kinetic En.   Total Energy  Conserved En.    Temperature
   -1.61321e+05    3.48092e+04   -1.26512e+05   -1.49502e+05    3.43867e+02
 Pres. DC (bar) Pressure (bar)   Constr. rmsd
   -1.87192e+02    4.56500e+02    2.30772e-06


DD  step 188999 load imb.: force 24.7%
           Step           Time
         189000      378.00000

   Energies (kJ/mol)
           Bond          Angle    Proper Dih. Per. Imp. Dih.          LJ-14
    1.69588e+02    3.15330e+02    4.12845e+02    2.29767e+01    1.84087e+02
     Coulomb-14        LJ (SR)  Disper. corr.   Coulomb (SR)   Coul. recip.
    2.34413e+03    2.32476e+04   -1.40738e+03   -1.86866e+05    1.39615e+03
      Potential    Kinetic En.   Total Energy  Conserved En.    Temperature
   -1.60181e+05    3.41929e+04   -1.25988e+05   -1.49505e+05    3.37780e+02
 Pres. DC (bar) Pressure (bar)   Constr. rmsd
   -1.87192e+02    4.65637e+02    2.31003e-06


DD  step 189999 load imb.: force 29.6%
           Step           Time
         190000      380.00000

   Energies (kJ/mol)
           Bond          Angle    Proper Dih. Per. Imp. Dih.          LJ-14
    1.54308e+02    4.20154e+02    4.04933e+02    3.04606e+01    1.61910e+02
     Coulomb-14        LJ (SR)  Disper. corr.   Coulomb (SR)   Coul. recip.
    2.35364e+03    2.39316e+04   -1.40738e+03   -1.87840e+05    1.30710e+03
      Potential    Kinetic En.   Total Energy  Conserved En.    Temperature
   -1.60484e+05    3.49334e+04   -1.25550e+05   -1.49502e+05    3.45094e+02
 Pres. DC (bar) Pressure (bar)   Constr. rmsd
   -1.87192e+02    6.92652e+02    2.64292e-06


DD  step 190999 load imb.: force 25.4%
           Step           Time
         191000      382.00000

   Energies (kJ/mol)
           Bond          Angle    Proper Dih. Per. Imp. Dih.          LJ-14
    1.40741e+02    3.68585e+02    3.67699e+02    4.16288e+01    1.77637e+02
     Coulomb-14        LJ (SR)  Disper. corr.   Coulomb (SR)   Coul. recip.
    2.35252e+03    2.38845e+04   -1.40738e+03   -1.88296e+05    1.36355e+03
      Potential    Kinetic En.   Total Energy  Conserved En.    Temperature
   -1.61006e+05    3.46447e+04   -1.26362e+05   -1.49494e+05    3.42242e+02
 Pres. DC (bar) Pressure (bar)   Constr. rmsd
   -1.87192e+02    6.81259e+02    3.96506e-06


DD  step 191999 load imb.: force 32.3%
           Step           Time
         192000      384.00000

   Energies (kJ/mol)
           Bond          Angle    Proper Dih. Per. Imp. Dih.          LJ-14
    1.35530e+02    3.26250e+02    3.88760e+02    2.80534e+01    1.68315e+02
     Coulomb-14        LJ (SR)  Disper. corr.   Coulomb (SR)   Coul. recip.
    2.36570e+03    2.36477e+04   -1.40738e+03   -1.88166e+05    1.27599e+03
      Potential    Kinetic En.   Total Energy  Conserved En.    Temperature
   -1.61237e+05    3.43736e+04   -1.26863e+05   -1.49505e+05    3.39564e+02
 Pres. DC (bar) Pressure (bar)   Constr. rmsd
   -1.87192e+02    3.84151e+02    2.19248e-06


DD  step 192999 load imb.: force 15.4%
           Step           Time
         193000      386.00000

   Energies (kJ/mol)
           Bond          Angle    Proper Dih. Per. Imp. Dih.          LJ-14
    1.22584e+02    3.17544e+02    3.52420e+02    1.40230e+01    2.10433e+02
     Coulomb-14        LJ (SR)  Disper. corr.   Coulomb (SR)   Coul. recip.
    2.37661e+03    2.38062e+04   -1.40738e+03   -1.87934e+05    1.30809e+03
      Potential    Kinetic En.   Total Energy  Conserved En.    Temperature
   -1.60834e+05    3.47799e+04   -1.26054e+05   -1.49502e+05    3.43578e+02
 Pres. DC (bar) Pressure (bar)   Constr. rmsd
   -1.87192e+02    6.57904e+02    3.28328e-06


DD  step 193999 load imb.: force 15.1%
           Step           Time
         194000      388.00000

   Energies (kJ/mol)
           Bond          Angle    Proper Dih. Per. Imp. Dih.          LJ-14
    1.41981e+02    3.17083e+02    3.42467e+02    2.04207e+01    1.73529e+02
     Coulomb-14        LJ (SR)  Disper. corr.   Coulomb (SR)   Coul. recip.
    2.36648e+03    2.34587e+04   -1.40738e+03   -1.88340e+05    1.35149e+03
      Potential    Kinetic En.   Total Energy  Conserved En.    Temperature
   -1.61576e+05    3.39314e+04   -1.27644e+05   -1.49501e+05    3.35196e+02
 Pres. DC (bar) Pressure (bar)   Constr. rmsd
   -1.87192e+02    3.45101e+02    2.34310e-06


DD  step 194999 load imb.: force 13.0%
           Step           Time
         195000      390.00000

   Energies (kJ/mol)
           Bond          Angle    Proper Dih. Per. Imp. Dih.          LJ-14
    1.36291e+02    3.53187e+02    3.94432e+02    2.80080e+01    1.56516e+02
     Coulomb-14        LJ (SR)  Disper. corr.   Coulomb (SR)   Coul. recip.
    2.32922e+03    2.35192e+04   -1.40738e+03   -1.88563e+05    1.29769e+03
      Potential    Kinetic En.   Total Energy  Conserved En.    Temperature
   -1.61756e+05    3.40215e+04   -1.27735e+05   -1.49500e+05    3.36086e+02
 Pres. DC (bar) Pressure (bar)   Constr. rmsd
   -1.87192e+02    2.90249e+02    1.64600e-06


DD  step 195999 load imb.: force 36.1%
           Step           Time
         196000      392.00000

   Energies (kJ/mol)
           Bond          Angle    Proper Dih. Per. Imp. Dih.          LJ-14
    1.40776e+02    3.17338e+02    3.84570e+02    3.02869e+01    1.89809e+02
     Coulomb-14        LJ (SR)  Disper. corr.   Coulomb (SR)   Coul. recip.
    2.32015e+03    2.35224e+04   -1.40738e+03   -1.88278e+05    1.31508e+03
      Potential    Kinetic En.   Total Energy  Conserved En.    Temperature
   -1.61465e+05    3.39887e+04   -1.27476e+05   -1.49497e+05    3.35762e+02
 Pres. DC (bar) Pressure (bar)   Constr. rmsd
   -1.87192e+02    3.94628e+02    3.06086e-06


DD  step 196999 load imb.: force 26.7%
           Step           Time
         197000      394.00000

   Energies (kJ/mol)
           Bond          Angle    Proper Dih. Per. Imp. Dih.          LJ-14
    1.40500e+02    3.43636e+02    3.70365e+02    2.22658e+01    1.66139e+02
     Coulomb-14        LJ (SR)  Disper. corr.   Coulomb (SR)   Coul. recip.
    2.33582e+03    2.36960e+04   -1.40738e+03   -1.88306e+05    1.35371e+03
      Potential    Kinetic En.   Total Energy  Conserved En.    Temperature
   -1.61285e+05    3.39382e+04   -1.27347e+05   -1.49494e+05    3.35263e+02
 Pres. DC (bar) Pressure (bar)   Constr. rmsd
   -1.87192e+02    3.75497e+02    2.97558e-06


DD  step 197999 load imb.: force 25.9%
           Step           Time
         198000      396.00000

   Energies (kJ/mol)
           Bond          Angle    Proper Dih. Per. Imp. Dih.          LJ-14
    1.50146e+02    3.25675e+02    3.95651e+02    1.82666e+01    1.69465e+02
     Coulomb-14        LJ (SR)  Disper. corr.   Coulomb (SR)   Coul. recip.
    2.38084e+03    2.31966e+04   -1.40738e+03   -1.87743e+05    1.34762e+03
      Potential    Kinetic En.   Total Energy  Conserved En.    Temperature
   -1.61166e+05    3.47917e+04   -1.26375e+05   -1.49495e+05    3.43694e+02
 Pres. DC (bar) Pressure (bar)   Constr. rmsd
   -1.87192e+02    2.95993e+02    2.68058e-06


DD  step 198999 load imb.: force 26.0%
           Step           Time
         199000      398.00000

   Energies (kJ/mol)
           Bond          Angle    Proper Dih. Per. Imp. Dih.          LJ-14
    1.32941e+02    3.00683e+02    3.60011e+02    1.56324e+01    1.81574e+02
     Coulomb-14        LJ (SR)  Disper. corr.   Coulomb (SR)   Coul. recip.
    2.34876e+03    2.30195e+04   -1.40738e+03   -1.87683e+05    1.32421e+03
      Potential    Kinetic En.   Total Energy  Conserved En.    Temperature
   -1.61407e+05    3.45773e+04   -1.26829e+05   -1.49510e+05    3.41576e+02
 Pres. DC (bar) Pressure (bar)   Constr. rmsd
   -1.87192e+02    1.53237e+02    2.04146e-06


DD  step 199999 load imb.: force 23.4%
           Step           Time
         200000      400.00000

   Energies (kJ/mol)
           Bond          Angle    Proper Dih. Per. Imp. Dih.          LJ-14
    1.28091e+02    3.19239e+02    3.79281e+02    3.60686e+01    1.98062e+02
     Coulomb-14        LJ (SR)  Disper. corr.   Coulomb (SR)   Coul. recip.
    2.39294e+03    2.31274e+04   -1.40738e+03   -1.86696e+05    1.28868e+03
      Potential    Kinetic En.   Total Energy  Conserved En.    Temperature
   -1.60233e+05    3.44458e+04   -1.25787e+05   -1.49498e+05    3.40277e+02
 Pres. DC (bar) Pressure (bar)   Constr. rmsd
   -1.87192e+02    4.61656e+02    2.06889e-06


DD  step 200999 load imb.: force 24.5%
           Step           Time
         201000      402.00000

   Energies (kJ/mol)
           Bond          Angle    Proper Dih. Per. Imp. Dih.          LJ-14
    1.71544e+02    3.26098e+02    4.21971e+02    3.19929e+01    1.78156e+02
     Coulomb-14        LJ (SR)  Disper. corr.   Coulomb (SR)   Coul. recip.
    2.41326e+03    2.30071e+04   -1.40738e+03   -1.87566e+05    1.36475e+03
      Potential    Kinetic En.   Total Energy  Conserved En.    Temperature
   -1.61059e+05    3.53508e+04   -1.25708e+05   -1.49498e+05    3.49218e+02
 Pres. DC (bar) Pressure (bar)   Constr. rmsd
   -1.87192e+02    1.48238e+02    3.09948e-06


DD  step 201999 load imb.: force 24.1%
           Step           Time
         202000      404.00000

   Energies (kJ/mol)
           Bond          Angle    Proper Dih. Per. Imp. Dih.          LJ-14
    1.61295e+02    2.94358e+02    3.91726e+02    1.57476e+01    1.91380e+02
     Coulomb-14        LJ (SR)  Disper. corr.   Coulomb (SR)   Coul. recip.
    2.38794e+03    2.39641e+04   -1.40738e+03   -1.87962e+05    1.29217e+03
      Potential    Kinetic En.   Total Energy  Conserved En.    Temperature
   -1.60670e+05    3.51524e+04   -1.25518e+05   -1.49493e+05    3.47258e+02
 Pres. DC (bar) Pressure (bar)   Constr. rmsd
   -1.87192e+02    7.53420e+02    2.67406e-06


DD  step 202999 load imb.: force 29.7%
           Step           Time
         203000      406.00000

   Energies (kJ/mol)
           Bond          Angle    Proper Dih. Per. Imp. Dih.          LJ-14
    1.41232e+02    3.42700e+02    3.93146e+02    2.09263e+01    2.01522e+02
     Coulomb-14        LJ (SR)  Disper. corr.   Coulomb (SR)   Coul. recip.
    2.36643e+03    2.32750e+04   -1.40738e+03   -1.87387e+05    1.36552e+03
      Potential    Kinetic En.   Total Energy  Conserved En.    Temperature
   -1.60688e+05    3.43869e+04   -1.26301e+05   -1.49500e+05    3.39695e+02
 Pres. DC (bar) Pressure (bar)   Constr. rmsd
   -1.87192e+02    4.26654e+02    2.94983e-06


DD  step 203999 load imb.: force 25.1%
           Step           Time
         204000      408.00000

   Energies (kJ/mol)
           Bond          Angle    Proper Dih. Per. Imp. Dih.          LJ-14
    1.36047e+02    3.88680e+02    3.99009e+02    2.30862e+01    1.68915e+02
     Coulomb-14        LJ (SR)  Disper. corr.   Coulomb (SR)   Coul. recip.
    2.34775e+03    2.29586e+04   -1.40738e+03   -1.87152e+05    1.36622e+03
      Potential    Kinetic En.   Total Energy  Conserved En.    Temperature
   -1.60771e+05    3.43068e+04   -1.26464e+05   -1.49488e+05    3.38904e+02
 Pres. DC (bar) Pressure (bar)   Constr. rmsd
   -1.87192e+02    3.22784e+02    2.73370e-06


DD  step 204999 load imb.: force 26.6%
           Step           Time
         205000      410.00000

   Energies (kJ/mol)
           Bond          Angle    Proper Dih. Per. Imp. Dih.          LJ-14
    1.59500e+02    3.39116e+02    3.69874e+02    1.43842e+01    1.86631e+02
     Coulomb-14        LJ (SR)  Disper. corr.   Coulomb (SR)   Coul. recip.
    2.40542e+03    2.36385e+04   -1.40738e+03   -1.88140e+05    1.26798e+03
      Potential    Kinetic En.   Total Energy  Conserved En.    Temperature
   -1.61166e+05    3.41386e+04   -1.27027e+05   -1.49488e+05    3.37243e+02
 Pres. DC (bar) Pressure (bar)   Constr. rmsd
   -1.87192e+02    4.64300e+02    2.73817e-06


DD  step 205999 load imb.: force 24.6%
           Step           Time
         206000      412.00000

   Energies (kJ/mol)
           Bond          Angle    Proper Dih. Per. Imp. Dih.          LJ-14
    1.50649e+02    3.54079e+02    3.73875e+02    1.64795e+01    1.80425e+02
     Coulomb-14        LJ (SR)  Disper. corr.   Coulomb (SR)   Coul. recip.
    2.33837e+03    2.27622e+04   -1.40738e+03   -1.87092e+05    1.33514e+03
      Potential    Kinetic En.   Total Energy  Conserved En.    Temperature
   -1.60988e+05    3.42843e+04   -1.26704e+05   -1.49497e+05    3.38682e+02
 Pres. DC (bar) Pressure (bar)   Constr. rmsd
   -1.87192e+02    1.24589e+02    2.07098e-06


DD  step 206999 load imb.: force 25.5%
           Step           Time
         207000      414.00000

   Energies (kJ/mol)
           Bond          Angle    Proper Dih. Per. Imp. Dih.          LJ-14
    1.51605e+02    3.52387e+02    3.85913e+02    2.42069e+01    1.73690e+02
     Coulomb-14        LJ (SR)  Disper. corr.   Coulomb (SR)   Coul. recip.
    2.29355e+03    2.31550e+04   -1.40738e+03   -1.87348e+05    1.24572e+03
      Potential    Kinetic En.   Total Energy  Conserved En.    Temperature
   -1.60973e+05    3.42586e+04   -1.26714e+05   -1.49484e+05    3.38428e+02
 Pres. DC (bar) Pressure (bar)   Constr. rmsd
   -1.87192e+02    2.85850e+02    2.65017e-06


DD  step 207999 load imb.: force 24.5%
           Step           Time
         208000      416.00000

   Energies (kJ/mol)
           Bond          Angle    Proper Dih. Per. Imp. Dih.          LJ-14
    1.52453e+02    3.63199e+02    4.06811e+02    1.91072e+01    1.79535e+02
     Coulomb-14        LJ (SR)  Disper. corr.   Coulomb (SR)   Coul. recip.
    2.36442e+03    2.36464e+04   -1.40738e+03   -1.88562e+05    1.38913e+03
      Potential    Kinetic En.   Total Energy  Conserved En.    Temperature
   -1.61448e+05    3.40207e+04   -1.27428e+05   -1.49485e+05    3.36078e+02
 Pres. DC (bar) Pressure (bar)   Constr. rmsd
   -1.87192e+02    4.16474e+02    3.65445e-06


DD  step 208999 load imb.: force 21.4%
           Step           Time
         209000      418.00000

   Energies (kJ/mol)
           Bond          Angle    Proper Dih. Per. Imp. Dih.          LJ-14
    1.85925e+02    3.70749e+02    3.69971e+02    2.04357e+01    1.80987e+02
     Coulomb-14        LJ (SR)  Disper. corr.   Coulomb (SR)   Coul. recip.
    2.37582e+03    2.29437e+04   -1.40738e+03   -1.87604e+05    1.30301e+03
      Potential    Kinetic En.   Total Energy  Conserved En.    Temperature
   -1.61261e+05    3.47633e+04   -1.26498e+05   -1.49475e+05    3.43414e+02
 Pres. DC (bar) Pressure (bar)   Constr. rmsd
   -1.87192e+02    1.26655e+02    3.79729e-06


DD  step 209999 load imb.: force 24.4%
           Step           Time
         210000      420.00000

   Energies (kJ/mol)
           Bond          Angle    Proper Dih. Per. Imp. Dih.          LJ-14
    1.15780e+02    3.50452e+02    3.73984e+02    1.74764e+01    2.02215e+02
     Coulomb-14        LJ (SR)  Disper. corr.   Coulomb (SR)   Coul. recip.
    2.39726e+03    2.34352e+04   -1.40738e+03   -1.88019e+05    1.38212e+03
      Potential    Kinetic En.   Total Energy  Conserved En.    Temperature
   -1.61152e+05    3.38779e+04   -1.27274e+05   -1.49478e+05    3.34667e+02
 Pres. DC (bar) Pressure (bar)   Constr. rmsd
   -1.87192e+02    3.44247e+02    2.79622e-06


DD  step 210999 load imb.: force 27.7%
           Step           Time
         211000      422.00000

   Energies (kJ/mol)
           Bond          Angle    Proper Dih. Per. Imp. Dih.          LJ-14
    1.34017e+02    3.09125e+02    3.98270e+02    2.24926e+01    1.82658e+02
     Coulomb-14        LJ (SR)  Disper. corr.   Coulomb (SR)   Coul. recip.
    2.41614e+03    2.24853e+04   -1.40738e+03   -1.87168e+05    1.36498e+03
      Potential    Kinetic En.   Total Energy  Conserved En.    Temperature
   -1.61262e+05    3.41367e+04   -1.27125e+05   -1.49482e+05    3.37224e+02
 Pres. DC (bar) Pressure (bar)   Constr. rmsd
   -1.87192e+02   -7.93500e+01    2.36411e-06


DD  step 211999 load imb.: force 18.1%
           Step           Time
         212000      424.00000

   Energies (kJ/mol)
           Bond          Angle    Proper Dih. Per. Imp. Dih.          LJ-14
    1.35128e+02    3.03079e+02    4.23977e+02    2.27243e+01    1.92209e+02
     Coulomb-14        LJ (SR)  Disper. corr.   Coulomb (SR)   Coul. recip.
    2.38315e+03    2.36443e+04   -1.40738e+03   -1.88444e+05    1.35736e+03
      Potential    Kinetic En.   Total Energy  Conserved En.    Temperature
   -1.61389e+05    3.43388e+04   -1.27051e+05   -1.49472e+05    3.39220e+02
 Pres. DC (bar) Pressure (bar)   Constr. rmsd
   -1.87192e+02    4.92357e+02    2.32985e-06


DD  step 212999 load imb.: force 17.9%
           Step           Time
         213000      426.00000

   Energies (kJ/mol)
           Bond          Angle    Proper Dih. Per. Imp. Dih.          LJ-14
    1.46425e+02    3.41238e+02    4.09917e+02    1.16313e+01    1.68979e+02
     Coulomb-14        LJ (SR)  Disper. corr.   Coulomb (SR)   Coul. recip.
    2.38420e+03    2.36990e+04   -1.40738e+03   -1.88106e+05    1.30950e+03
      Potential    Kinetic En.   Total Energy  Conserved En.    Temperature
   -1.61043e+05    3.44803e+04   -1.26562e+05   -1.49475e+05    3.40618e+02
 Pres. DC (bar) Pressure (bar)   Constr. rmsd
   -1.87192e+02    4.72989e+02    2.21279e-06


DD  step 213999 load imb.: force 19.1%
           Step           Time
         214000      428.00000

   Energies (kJ/mol)
           Bond          Angle    Proper Dih. Per. Imp. Dih.          LJ-14
    1.31977e+02    2.93708e+02    4.08012e+02    2.34401e+01    2.00586e+02
     Coulomb-14        LJ (SR)  Disper. corr.   Coulomb (SR)   Coul. recip.
    2.40400e+03    2.30152e+04   -1.40738e+03   -1.87835e+05    1.32078e+03
      Potential    Kinetic En.   Total Energy  Conserved En.    Temperature
   -1.61444e+05    3.44777e+04   -1.26967e+05   -1.49476e+05    3.40593e+02
 Pres. DC (bar) Pressure (bar)   Constr. rmsd
   -1.87192e+02    2.04020e+02    2.16888e-06


DD  step 214999 load imb.: force 14.7%
           Step           Time
         215000      430.00000

   Energies (kJ/mol)
           Bond          Angle    Proper Dih. Per. Imp. Dih.          LJ-14
    1.47011e+02    3.76709e+02    3.70806e+02    2.99913e+01    1.68589e+02
     Coulomb-14        LJ (SR)  Disper. corr.   Coulomb (SR)   Coul. recip.
    2.38565e+03    2.39907e+04   -1.40738e+03   -1.88622e+05    1.30170e+03
      Potential    Kinetic En.   Total Energy  Conserved En.    Temperature
   -1.61258e+05    3.44298e+04   -1.26828e+05   -1.49470e+05    3.40119e+02
 Pres. DC (bar) Pressure (bar)   Constr. rmsd
   -1.87192e+02    5.03228e+02    4.01735e-06


DD  step 215999 load imb.: force 18.2%
           Step           Time
         216000      432.00000

   Energies (kJ/mol)
           Bond          Angle    Proper Dih. Per. Imp. Dih.          LJ-14
    1.72713e+02    3.32550e+02    3.92693e+02    2.31141e+01    1.73381e+02
     Coulomb-14        LJ (SR)  Disper. corr.   Coulomb (SR)   Coul. recip.
    2.35688e+03    2.36596e+04   -1.40738e+03   -1.87760e+05    1.31436e+03
      Potential    Kinetic En.   Total Energy  Conserved En.    Temperature
   -1.60742e+05    3.45368e+04   -1.26205e+05   -1.49479e+05    3.41176e+02
 Pres. DC (bar) Pressure (bar)   Constr. rmsd
   -1.87192e+02    4.11321e+02    2.17657e-06


DD  step 216999 load imb.: force 19.7%
           Step           Time
         217000      434.00000

   Energies (kJ/mol)
           Bond          Angle    Proper Dih. Per. Imp. Dih.          LJ-14
    1.09866e+02    3.16669e+02    3.77086e+02    3.06427e+01    1.87852e+02
     Coulomb-14        LJ (SR)  Disper. corr.   Coulomb (SR)   Coul. recip.
    2.36562e+03    2.32783e+04   -1.40738e+03   -1.87523e+05    1.31219e+03
      Potential    Kinetic En.   Total Energy  Conserved En.    Temperature
   -1.60953e+05    3.42689e+04   -1.26684e+05   -1.49473e+05    3.38530e+02
 Pres. DC (bar) Pressure (bar)   Constr. rmsd
   -1.87192e+02    4.59252e+02    2.14513e-06


DD  step 217999 load imb.: force 15.9%
           Step           Time
         218000      436.00000

   Energies (kJ/mol)
           Bond          Angle    Proper Dih. Per. Imp. Dih.          LJ-14
    1.48670e+02    2.71809e+02    4.08978e+02    2.35543e+01    1.82099e+02
     Coulomb-14        LJ (SR)  Disper. corr.   Coulomb (SR)   Coul. recip.
    2.38679e+03    2.32560e+04   -1.40738e+03   -1.88166e+05    1.31275e+03
      Potential    Kinetic En.   Total Energy  Conserved En.    Temperature
   -1.61582e+05    3.50127e+04   -1.26570e+05   -1.49479e+05    3.45877e+02
 Pres. DC (bar) Pressure (bar)   Constr. rmsd
   -1.87192e+02    2.95885e+02    2.58618e-06


DD  step 218999 load imb.: force 22.6%
           Step           Time
         219000      438.00000

   Energies (kJ/mol)
           Bond          Angle    Proper Dih. Per. Imp. Dih.          LJ-14
    1.33487e+02    3.31381e+02    3.78234e+02    3.61670e+01    1.93606e+02
     Coulomb-14        LJ (SR)  Disper. corr.   Coulomb (SR)   Coul. recip.
    2.39136e+03    2.34511e+04   -1.40738e+03   -1.88217e+05    1.39377e+03
      Potential    Kinetic En.   Total Energy  Conserved En.    Temperature
   -1.61315e+05    3.45694e+04   -1.26746e+05   -1.49474e+05    3.41498e+02
 Pres. DC (bar) Pressure (bar)   Constr. rmsd
   -1.87192e+02    3.67029e+02    2.93175e-06


DD  step 219999 load imb.: force 16.5%
           Step           Time
         220000      440.00000

   Energies (kJ/mol)
           Bond          Angle    Proper Dih. Per. Imp. Dih.          LJ-14
    1.74994e+02    3.48603e+02    3.82536e+02    2.14830e+01    1.58398e+02
     Coulomb-14        LJ (SR)  Disper. corr.   Coulomb (SR)   Coul. recip.
    2.35143e+03    2.31884e+04   -1.40738e+03   -1.87696e+05    1.28740e+03
      Potential    Kinetic En.   Total Energy  Conserved En.    Temperature
   -1.61190e+05    3.43886e+04   -1.26801e+05   -1.49469e+05    3.39712e+02
 Pres. DC (bar) Pressure (bar)   Constr. rmsd
   -1.87192e+02    1.78200e+02    2.78806e-06


DD  step 220999 load imb.: force 19.7%
           Step           Time
         221000      442.00000

   Energies (kJ/mol)
           Bond          Angle    Proper Dih. Per. Imp. Dih.          LJ-14
    1.50402e+02    3.05924e+02    3.84778e+02    2.60725e+01    1.68817e+02
     Coulomb-14        LJ (SR)  Disper. corr.   Coulomb (SR)   Coul. recip.
    2.35957e+03    2.40392e+04   -1.40738e+03   -1.88831e+05    1.29555e+03
      Potential    Kinetic En.   Total Energy  Conserved En.    Temperature
   -1.61508e+05    3.38160e+04   -1.27692e+05   -1.49469e+05    3.34055e+02
 Pres. DC (bar) Pressure (bar)   Constr. rmsd
   -1.87192e+02    4.29976e+02    3.36839e-06


DD  step 221999 load imb.: force 16.1%
           Step           Time
         222000      444.00000

   Energies (kJ/mol)
           Bond          Angle    Proper Dih. Per. Imp. Dih.          LJ-14
    1.48027e+02    3.19686e+02    4.08557e+02    1.65741e+01    1.78920e+02
     Coulomb-14        LJ (SR)  Disper. corr.   Coulomb (SR)   Coul. recip.
    2.36703e+03    2.33527e+04   -1.40738e+03   -1.87771e+05    1.31851e+03
      Potential    Kinetic En.   Total Energy  Conserved En.    Temperature
   -1.61068e+05    3.43681e+04   -1.26700e+05   -1.49470e+05    3.39510e+02
 Pres. DC (bar) Pressure (bar)   Constr. rmsd
   -1.87192e+02    3.10710e+02    2.08859e-06


DD  step 222999 load imb.: force 21.7%
           Step           Time
         223000      446.00000

   Energies (kJ/mol)
           Bond          Angle    Proper Dih. Per. Imp. Dih.          LJ-14
    1.56206e+02    3.11299e+02    3.84519e+02    2.11451e+01    1.93035e+02
     Coulomb-14        LJ (SR)  Disper. corr.   Coulomb (SR)   Coul. recip.
    2.38978e+03    2.39024e+04   -1.40738e+03   -1.88439e+05    1.41774e+03
      Potential    Kinetic En.   Total Energy  Conserved En.    Temperature
   -1.61070e+05    3.48915e+04   -1.26179e+05   -1.49465e+05    3.44680e+02
 Pres. DC (bar) Pressure (bar)   Constr. rmsd
   -1.87192e+02    7.27670e+02    2.93751e-06


DD  step 223999 load imb.: force 23.2%
           Step           Time
         224000      448.00000

   Energies (kJ/mol)
           Bond          Angle    Proper Dih. Per. Imp. Dih.          LJ-14
    1.62420e+02    3.12559e+02    3.80470e+02    1.63708e+01    1.53079e+02
     Coulomb-14        LJ (SR)  Disper. corr.   Coulomb (SR)   Coul. recip.
    2.35368e+03    2.36894e+04   -1.40738e+03   -1.88319e+05    1.35495e+03
      Potential    Kinetic En.   Total Energy  Conserved En.    Temperature
   -1.61304e+05    3.41088e+04   -1.27195e+05   -1.49465e+05    3.36949e+02
 Pres. DC (bar) Pressure (bar)   Constr. rmsd
   -1.87192e+02    3.28554e+02    2.11523e-06


DD  step 224999 load imb.: force 22.6%
           Step           Time
         225000      450.00000

   Energies (kJ/mol)
           Bond          Angle    Proper Dih. Per. Imp. Dih.          LJ-14
    1.59918e+02    3.37286e+02    4.12870e+02    2.07935e+01    1.70695e+02
     Coulomb-14        LJ (SR)  Disper. corr.   Coulomb (SR)   Coul. recip.
    2.36177e+03    2.44555e+04   -1.40738e+03   -1.88082e+05    1.33484e+03
      Potential    Kinetic En.   Total Energy  Conserved En.    Temperature
   -1.60236e+05    3.37992e+04   -1.26437e+05   -1.49456e+05    3.33890e+02
 Pres. DC (bar) Pressure (bar)   Constr. rmsd
   -1.87192e+02    9.45843e+02    2.70773e-06


DD  step 225999 load imb.: force 22.4%
           Step           Time
         226000      452.00000

   Energies (kJ/mol)
           Bond          Angle    Proper Dih. Per. Imp. Dih.          LJ-14
    1.79300e+02    2.76618e+02    3.69591e+02    2.45098e+01    1.85895e+02
     Coulomb-14        LJ (SR)  Disper. corr.   Coulomb (SR)   Coul. recip.
    2.38418e+03    2.34371e+04   -1.40738e+03   -1.88014e+05    1.36382e+03
      Potential    Kinetic En.   Total Energy  Conserved En.    Temperature
   -1.61200e+05    3.41447e+04   -1.27055e+05   -1.49459e+05    3.37303e+02
 Pres. DC (bar) Pressure (bar)   Constr. rmsd
   -1.87192e+02    3.55779e+02    2.40230e-06


DD  step 226999 load imb.: force 28.2%
           Step           Time
         227000      454.00000

   Energies (kJ/mol)
           Bond          Angle    Proper Dih. Per. Imp. Dih.          LJ-14
    1.45055e+02    3.30119e+02    3.65426e+02    2.19035e+01    1.81976e+02
     Coulomb-14        LJ (SR)  Disper. corr.   Coulomb (SR)   Coul. recip.
    2.34828e+03    2.28978e+04   -1.40738e+03   -1.87370e+05    1.35961e+03
      Potential    Kinetic En.   Total Energy  Conserved En.    Temperature
   -1.61127e+05    3.40121e+04   -1.27115e+05   -1.49460e+05    3.35993e+02
 Pres. DC (bar) Pressure (bar)   Constr. rmsd
   -1.87192e+02    1.85298e+02    2.27195e-06


DD  step 227999 load imb.: force 25.8%
           Step           Time
         228000      456.00000

   Energies (kJ/mol)
           Bond          Angle    Proper Dih. Per. Imp. Dih.          LJ-14
    1.33825e+02    3.21247e+02    3.83804e+02    2.07934e+01    1.63754e+02
     Coulomb-14        LJ (SR)  Disper. corr.   Coulomb (SR)   Coul. recip.
    2.31746e+03    2.38048e+04   -1.40738e+03   -1.88676e+05    1.38522e+03
      Potential    Kinetic En.   Total Energy  Conserved En.    Temperature
   -1.61553e+05    3.39936e+04   -1.27559e+05   -1.49453e+05    3.35810e+02
 Pres. DC (bar) Pressure (bar)   Constr. rmsd
   -1.87192e+02    4.48598e+02    2.10272e-06


DD  step 228999 load imb.: force 23.4%
           Step           Time
         229000      458.00000

   Energies (kJ/mol)
           Bond          Angle    Proper Dih. Per. Imp. Dih.          LJ-14
    1.29476e+02    3.51791e+02    3.77595e+02    1.88828e+01    1.87251e+02
     Coulomb-14        LJ (SR)  Disper. corr.   Coulomb (SR)   Coul. recip.
    2.32752e+03    2.42391e+04   -1.40738e+03   -1.89226e+05    1.36076e+03
      Potential    Kinetic En.   Total Energy  Conserved En.    Temperature
   -1.61641e+05    3.43818e+04   -1.27260e+05   -1.49459e+05    3.39646e+02
 Pres. DC (bar) Pressure (bar)   Constr. rmsd
   -1.87192e+02    6.56804e+02    2.57313e-06


DD  step 229999 load imb.: force 21.2%
           Step           Time
         230000      460.00000

   Energies (kJ/mol)
           Bond          Angle    Proper Dih. Per. Imp. Dih.          LJ-14
    1.22648e+02    3.01107e+02    3.67997e+02    2.65524e+01    1.90060e+02
     Coulomb-14        LJ (SR)  Disper. corr.   Coulomb (SR)   Coul. recip.
    2.37571e+03    2.34538e+04   -1.40738e+03   -1.88394e+05    1.34963e+03
      Potential    Kinetic En.   Total Energy  Conserved En.    Temperature
   -1.61614e+05    3.43675e+04   -1.27246e+05   -1.49463e+05    3.39504e+02
 Pres. DC (bar) Pressure (bar)   Constr. rmsd
   -1.87192e+02    3.14605e+02    3.71978e-06


DD  step 230999 load imb.: force 25.7%
           Step           Time
         231000      462.00000

   Energies (kJ/mol)
           Bond          Angle    Proper Dih. Per. Imp. Dih.          LJ-14
    1.83606e+02    2.72587e+02    3.60870e+02    1.88083e+01    1.96089e+02
     Coulomb-14        LJ (SR)  Disper. corr.   Coulomb (SR)   Coul. recip.
    2.39008e+03    2.38533e+04   -1.40738e+03   -1.88400e+05    1.27285e+03
      Potential    Kinetic En.   Total Energy  Conserved En.    Temperature
   -1.61259e+05    3.44384e+04   -1.26821e+05   -1.49452e+05    3.40204e+02
 Pres. DC (bar) Pressure (bar)   Constr. rmsd
   -1.87192e+02    7.00927e+02    3.47026e-06


DD  step 231999 load imb.: force 25.8%
           Step           Time
         232000      464.00000

   Energies (kJ/mol)
           Bond          Angle    Proper Dih. Per. Imp. Dih.          LJ-14
    1.62252e+02    2.99756e+02    3.84197e+02    1.70905e+01    1.75513e+02
     Coulomb-14        LJ (SR)  Disper. corr.   Coulomb (SR)   Coul. recip.
    2.35664e+03    2.29771e+04   -1.40738e+03   -1.87500e+05    1.36748e+03
      Potential    Kinetic En.   Total Energy  Conserved En.    Temperature
   -1.61168e+05    3.46725e+04   -1.26495e+05   -1.49464e+05    3.42517e+02
 Pres. DC (bar) Pressure (bar)   Constr. rmsd
   -1.87192e+02    3.01913e+02    3.53012e-06


DD  step 232999 load imb.: force 23.4%
           Step           Time
         233000      466.00000

   Energies (kJ/mol)
           Bond          Angle    Proper Dih. Per. Imp. Dih.          LJ-14
    2.25702e+02    3.72827e+02    3.93021e+02    2.58199e+01    1.60001e+02
     Coulomb-14        LJ (SR)  Disper. corr.   Coulomb (SR)   Coul. recip.
    2.32801e+03    2.34981e+04   -1.40738e+03   -1.87477e+05    1.36743e+03
      Potential    Kinetic En.   Total Energy  Conserved En.    Temperature
   -1.60513e+05    3.42289e+04   -1.26285e+05   -1.49448e+05    3.38135e+02
 Pres. DC (bar) Pressure (bar)   Constr. rmsd
   -1.87192e+02    4.02855e+02    2.93481e-06


DD  step 233999 load imb.: force 25.2%
           Step           Time
         234000      468.00000

   Energies (kJ/mol)
           Bond          Angle    Proper Dih. Per. Imp. Dih.          LJ-14
    1.49982e+02    3.97262e+02    3.68561e+02    3.07333e+01    1.74546e+02
     Coulomb-14        LJ (SR)  Disper. corr.   Coulomb (SR)   Coul. recip.
    2.31428e+03    2.33184e+04   -1.40738e+03   -1.87090e+05    1.25550e+03
      Potential    Kinetic En.   Total Energy  Conserved En.    Temperature
   -1.60488e+05    3.46814e+04   -1.25807e+05   -1.49452e+05    3.42605e+02
 Pres. DC (bar) Pressure (bar)   Constr. rmsd
   -1.87192e+02    4.36935e+02    4.41073e-06


DD  step 234999 load imb.: force 25.4%
           Step           Time
         235000      470.00000

   Energies (kJ/mol)
           Bond          Angle    Proper Dih. Per. Imp. Dih.          LJ-14
    1.66670e+02    3.45040e+02    3.84258e+02    1.91081e+01    1.66222e+02
     Coulomb-14        LJ (SR)  Disper. corr.   Coulomb (SR)   Coul. recip.
    2.30723e+03    2.41506e+04   -1.40738e+03   -1.88461e+05    1.27619e+03
      Potential    Kinetic En.   Total Energy  Conserved En.    Temperature
   -1.61053e+05    3.50629e+04   -1.25990e+05   -1.49450e+05    3.46373e+02
 Pres. DC (bar) Pressure (bar)   Constr. rmsd
   -1.87192e+02    5.88713e+02    2.69569e-06


DD  step 235999 load imb.: force 26.7%
           Step           Time
         236000      472.00000

   Energies (kJ/mol)
           Bond          Angle    Proper Dih. Per. Imp. Dih.          LJ-14
    1.89470e+02    3.37042e+02    3.88550e+02    2.20450e+01    1.72653e+02
     Coulomb-14        LJ (SR)  Disper. corr.   Coulomb (SR)   Coul. recip.
    2.34566e+03    2.36988e+04   -1.40738e+03   -1.87176e+05    1.36968e+03
      Potential    Kinetic En.   Total Energy  Conserved En.    Temperature
   -1.60059e+05    3.44737e+04   -1.25585e+05   -1.49449e+05    3.40553e+02
 Pres. DC (bar) Pressure (bar)   Constr. rmsd
   -1.87192e+02    4.96448e+02    2.79242e-06


DD  step 236999 load imb.: force 20.5%
           Step           Time
         237000      474.00000

   Energies (kJ/mol)
           Bond          Angle    Proper Dih. Per. Imp. Dih.          LJ-14
    1.71864e+02    2.90242e+02    4.25322e+02    3.50631e+01    1.90268e+02
     Coulomb-14        LJ (SR)  Disper. corr.   Coulomb (SR)   Coul. recip.
    2.37337e+03    2.31866e+04   -1.40738e+03   -1.87040e+05    1.32624e+03
      Potential    Kinetic En.   Total Energy  Conserved En.    Temperature
   -1.60448e+05    3.49978e+04   -1.25450e+05   -1.49445e+05    3.45731e+02
 Pres. DC (bar) Pressure (bar)   Constr. rmsd
   -1.87192e+02    4.99196e+02    7.20391e-06


DD  step 237999 load imb.: force 13.7%
           Step           Time
         238000      476.00000

   Energies (kJ/mol)
           Bond          Angle    Proper Dih. Per. Imp. Dih.          LJ-14
    1.09609e+02    3.15806e+02    3.74371e+02    1.68778e+01    1.84821e+02
     Coulomb-14        LJ (SR)  Disper. corr.   Coulomb (SR)   Coul. recip.
    2.37969e+03    2.41447e+04   -1.40738e+03   -1.88871e+05    1.27710e+03
      Potential    Kinetic En.   Total Energy  Conserved En.    Temperature
   -1.61476e+05    3.44328e+04   -1.27043e+05   -1.49449e+05    3.40149e+02
 Pres. DC (bar) Pressure (bar)   Constr. rmsd
   -1.87192e+02    6.84058e+02    2.95354e-06


DD  step 238999 load imb.: force 12.8%
           Step           Time
         239000      478.00000

   Energies (kJ/mol)
           Bond          Angle    Proper Dih. Per. Imp. Dih.          LJ-14
    1.02873e+02    3.38615e+02    3.65934e+02    2.17315e+01    2.03522e+02
     Coulomb-14        LJ (SR)  Disper. corr.   Coulomb (SR)   Coul. recip.
    2.35652e+03    2.34411e+04   -1.40738e+03   -1.88045e+05    1.38966e+03
      Potential    Kinetic En.   Total Energy  Conserved En.    Temperature
   -1.61232e+05    3.46896e+04   -1.26543e+05   -1.49451e+05    3.42686e+02
 Pres. DC (bar) Pressure (bar)   Constr. rmsd
   -1.87192e+02    3.43925e+02    4.38223e-06


DD  step 239999 load imb.: force 12.2%
           Step           Time
         240000      480.00000

   Energies (kJ/mol)
           Bond          Angle    Proper Dih. Per. Imp. Dih.          LJ-14
    1.31148e+02    3.12710e+02    3.62429e+02    2.51892e+01    1.82650e+02
     Coulomb-14        LJ (SR)  Disper. corr.   Coulomb (SR)   Coul. recip.
    2.37831e+03    2.42026e+04   -1.40738e+03   -1.89474e+05    1.37117e+03
      Potential    Kinetic En.   Total Energy  Conserved En.    Temperature
   -1.61915e+05    3.47136e+04   -1.27201e+05   -1.49449e+05    3.42923e+02
 Pres. DC (bar) Pressure (bar)   Constr. rmsd
   -1.87192e+02    6.44941e+02    2.27558e-06


DD  step 240999 load imb.: force 18.1%
           Step           Time
         241000      482.00000

   Energies (kJ/mol)
           Bond          Angle    Proper Dih. Per. Imp. Dih.          LJ-14
    1.11376e+02    3.55627e+02    3.73604e+02    2.44266e+01    1.78632e+02
     Coulomb-14        LJ (SR)  Disper. corr.   Coulomb (SR)   Coul. recip.
    2.41183e+03    2.33928e+04   -1.40738e+03   -1.88032e+05    1.32357e+03
      Potential    Kinetic En.   Total Energy  Conserved En.    Temperature
   -1.61267e+05    3.47812e+04   -1.26486e+05   -1.49445e+05    3.43591e+02
 Pres. DC (bar) Pressure (bar)   Constr. rmsd
   -1.87192e+02    4.03257e+02    3.23468e-06


DD  step 241999 load imb.: force 18.3%
           Step           Time
         242000      484.00000

   Energies (kJ/mol)
           Bond          Angle    Proper Dih. Per. Imp. Dih.          LJ-14
    1.86607e+02    3.25047e+02    3.67342e+02    1.10800e+01    1.54093e+02
     Coulomb-14        LJ (SR)  Disper. corr.   Coulomb (SR)   Coul. recip.
    2.31385e+03    2.35230e+04   -1.40738e+03   -1.88364e+05    1.33737e+03
      Potential    Kinetic En.   Total Energy  Conserved En.    Temperature
   -1.61553e+05    3.41419e+04   -1.27411e+05   -1.49441e+05    3.37276e+02
 Pres. DC (bar) Pressure (bar)   Constr. rmsd
   -1.87192e+02    1.86361e+02    3.09496e-06


DD  step 242999 load imb.: force 16.8%
           Step           Time
         243000      486.00000

   Energies (kJ/mol)
           Bond          Angle    Proper Dih. Per. Imp. Dih.          LJ-14
    1.56282e+02    3.24674e+02    4.12084e+02    2.54385e+01    1.82243e+02
     Coulomb-14        LJ (SR)  Disper. corr.   Coulomb (SR)   Coul. recip.
    2.35485e+03    2.34942e+04   -1.40738e+03   -1.88344e+05    1.32978e+03
      Potential    Kinetic En.   Total Energy  Conserved En.    Temperature
   -1.61472e+05    3.44232e+04   -1.27049e+05   -1.49440e+05    3.40054e+02
 Pres. DC (bar) Pressure (bar)   Constr. rmsd
   -1.87192e+02    3.76641e+02    2.72765e-06


DD  step 243999 load imb.: force 16.5%
           Step           Time
         244000      488.00000

   Energies (kJ/mol)
           Bond          Angle    Proper Dih. Per. Imp. Dih.          LJ-14
    1.78294e+02    2.86452e+02    3.71171e+02    2.35953e+01    1.74264e+02
     Coulomb-14        LJ (SR)  Disper. corr.   Coulomb (SR)   Coul. recip.
    2.39144e+03    2.33865e+04   -1.40738e+03   -1.88036e+05    1.23533e+03
      Potential    Kinetic En.   Total Energy  Conserved En.    Temperature
   -1.61396e+05    3.43167e+04   -1.27080e+05   -1.49437e+05    3.39002e+02
 Pres. DC (bar) Pressure (bar)   Constr. rmsd
   -1.87192e+02    2.47371e+02    2.35718e-06


DD  step 244999 load imb.: force 17.3%
           Step           Time
         245000      490.00000

   Energies (kJ/mol)
           Bond          Angle    Proper Dih. Per. Imp. Dih.          LJ-14
    1.89409e+02    4.39169e+02    3.48616e+02    2.10550e+01    1.63535e+02
     Coulomb-14        LJ (SR)  Disper. corr.   Coulomb (SR)   Coul. recip.
    2.30589e+03    2.34718e+04   -1.40738e+03   -1.88331e+05    1.27701e+03
      Potential    Kinetic En.   Total Energy  Conserved En.    Temperature
   -1.61522e+05    3.49301e+04   -1.26592e+05   -1.49441e+05    3.45061e+02
 Pres. DC (bar) Pressure (bar)   Constr. rmsd
   -1.87192e+02    3.64724e+02    2.69586e-06


DD  step 245999 load imb.: force 17.9%
           Step           Time
         246000      492.00000

   Energies (kJ/mol)
           Bond          Angle    Proper Dih. Per. Imp. Dih.          LJ-14
    1.33687e+02    3.67186e+02    3.55796e+02    1.69435e+01    1.67463e+02
     Coulomb-14        LJ (SR)  Disper. corr.   Coulomb (SR)   Coul. recip.
    2.36758e+03    2.35345e+04   -1.40738e+03   -1.88104e+05    1.38480e+03
      Potential    Kinetic En.   Total Energy  Conserved En.    Temperature
   -1.61183e+05    3.42050e+04   -1.26978e+05   -1.49434e+05    3.37899e+02
 Pres. DC (bar) Pressure (bar)   Constr. rmsd
   -1.87192e+02    4.61676e+02    2.50019e-06


DD  step 246999 load imb.: force 18.1%
           Step           Time
         247000      494.00000

   Energies (kJ/mol)
           Bond          Angle    Proper Dih. Per. Imp. Dih.          LJ-14
    1.23342e+02    2.94212e+02    3.51465e+02    1.80318e+01    1.64918e+02
     Coulomb-14        LJ (SR)  Disper. corr.   Coulomb (SR)   Coul. recip.
    2.41093e+03    2.37091e+04   -1.40738e+03   -1.87948e+05    1.31654e+03
      Potential    Kinetic En.   Total Energy  Conserved En.    Temperature
   -1.60967e+05    3.39665e+04   -1.27001e+05   -1.49438e+05    3.35542e+02
 Pres. DC (bar) Pressure (bar)   Constr. rmsd
   -1.87192e+02    4.27362e+02    4.09656e-06


DD  step 247999 load imb.: force 19.7%
           Step           Time
         248000      496.00000

   Energies (kJ/mol)
           Bond          Angle    Proper Dih. Per. Imp. Dih.          LJ-14
    1.27055e+02    3.45790e+02    4.14750e+02    2.29943e+01    1.79378e+02
     Coulomb-14        LJ (SR)  Disper. corr.   Coulomb (SR)   Coul. recip.
    2.32789e+03    2.22540e+04   -1.40738e+03   -1.86678e+05    1.32542e+03
      Potential    Kinetic En.   Total Energy  Conserved En.    Temperature
   -1.61088e+05    3.38239e+04   -1.27264e+05   -1.49434e+05    3.34134e+02
 Pres. DC (bar) Pressure (bar)   Constr. rmsd
   -1.87192e+02   -8.74081e+01    2.96332e-06


DD  step 248999 load imb.: force 17.6%
           Step           Time
         249000      498.00000

   Energies (kJ/mol)
           Bond          Angle    Proper Dih. Per. Imp. Dih.          LJ-14
    1.54526e+02    3.19354e+02    3.82437e+02    9.95235e+00    1.53635e+02
     Coulomb-14        LJ (SR)  Disper. corr.   Coulomb (SR)   Coul. recip.
    2.33644e+03    2.38193e+04   -1.40738e+03   -1.88349e+05    1.27831e+03
      Potential    Kinetic En.   Total Energy  Conserved En.    Temperature
   -1.61303e+05    3.39334e+04   -1.27369e+05   -1.49434e+05    3.35215e+02
 Pres. DC (bar) Pressure (bar)   Constr. rmsd
   -1.87192e+02    3.99296e+02    2.17363e-06


DD  step 249999 load imb.: force 18.4%
           Step           Time
         250000      500.00000

   Energies (kJ/mol)
           Bond          Angle    Proper Dih. Per. Imp. Dih.          LJ-14
    1.21663e+02    3.50395e+02    3.78600e+02    3.08946e+01    1.71694e+02
     Coulomb-14        LJ (SR)  Disper. corr.   Coulomb (SR)   Coul. recip.
    2.37003e+03    2.28831e+04   -1.40738e+03   -1.87964e+05    1.32503e+03
      Potential    Kinetic En.   Total Energy  Conserved En.    Temperature
   -1.61740e+05    3.44058e+04   -1.27334e+05   -1.49434e+05    3.39882e+02
 Pres. DC (bar) Pressure (bar)   Constr. rmsd
   -1.87192e+02    8.80847e+00    1.87626e-06


DD  step 250999 load imb.: force 17.1%
           Step           Time
         251000      502.00000

   Energies (kJ/mol)
           Bond          Angle    Proper Dih. Per. Imp. Dih.          LJ-14
    1.47754e+02    3.07350e+02    3.69161e+02    2.47733e+01    1.87432e+02
     Coulomb-14        LJ (SR)  Disper. corr.   Coulomb (SR)   Coul. recip.
    2.38063e+03    2.32968e+04   -1.40738e+03   -1.87430e+05    1.35186e+03
      Potential    Kinetic En.   Total Energy  Conserved En.    Temperature
   -1.60772e+05    3.39830e+04   -1.26789e+05   -1.49428e+05    3.35706e+02
 Pres. DC (bar) Pressure (bar)   Constr. rmsd
   -1.87192e+02    4.43729e+02    2.10575e-06


DD  step 251999 load imb.: force 19.6%
           Step           Time
         252000      504.00000

   Energies (kJ/mol)
           Bond          Angle    Proper Dih. Per. Imp. Dih.          LJ-14
    1.41434e+02    2.87952e+02    4.00833e+02    3.14301e+01    1.92957e+02
     Coulomb-14        LJ (SR)  Disper. corr.   Coulomb (SR)   Coul. recip.
    2.39391e+03    2.35228e+04   -1.40738e+03   -1.87727e+05    1.33764e+03
      Potential    Kinetic En.   Total Energy  Conserved En.    Temperature
   -1.60826e+05    3.43300e+04   -1.26496e+05   -1.49424e+05    3.39133e+02
 Pres. DC (bar) Pressure (bar)   Constr. rmsd
   -1.87192e+02    5.29766e+02    3.00731e-06


DD  step 252999 load imb.: force 19.7%
           Step           Time
         253000      506.00000

   Energies (kJ/mol)
           Bond          Angle    Proper Dih. Per. Imp. Dih.          LJ-14
    1.53565e+02    3.84585e+02    3.86753e+02    1.44658e+01    1.74454e+02
     Coulomb-14        LJ (SR)  Disper. corr.   Coulomb (SR)   Coul. recip.
    2.38230e+03    2.31728e+04   -1.40738e+03   -1.87513e+05    1.29711e+03
      Potential    Kinetic En.   Total Energy  Conserved En.    Temperature
   -1.60955e+05    3.46908e+04   -1.26264e+05   -1.49418e+05    3.42697e+02
 Pres. DC (bar) Pressure (bar)   Constr. rmsd
   -1.87192e+02    2.95240e+02    2.75678e-06


DD  step 253999 load imb.: force 18.4%
           Step           Time
         254000      508.00000

   Energies (kJ/mol)
           Bond          Angle    Proper Dih. Per. Imp. Dih.          LJ-14
    1.48729e+02    3.02754e+02    4.30362e+02    3.41394e+01    1.83464e+02
     Coulomb-14        LJ (SR)  Disper. corr.   Coulomb (SR)   Coul. recip.
    2.36102e+03    2.32539e+04   -1.40738e+03   -1.87636e+05    1.33935e+03
      Potential    Kinetic En.   Total Energy  Conserved En.    Temperature
   -1.60990e+05    3.40126e+04   -1.26977e+05   -1.49427e+05    3.35998e+02
 Pres. DC (bar) Pressure (bar)   Constr. rmsd
   -1.87192e+02    2.01919e+02    2.08637e-06


DD  step 254999 load imb.: force 17.4%
           Step           Time
         255000      510.00000

   Energies (kJ/mol)
           Bond          Angle    Proper Dih. Per. Imp. Dih.          LJ-14
    1.64933e+02    3.30626e+02    3.82822e+02    2.28263e+01    1.99532e+02
     Coulomb-14        LJ (SR)  Disper. corr.   Coulomb (SR)   Coul. recip.
    2.37346e+03    2.29828e+04   -1.40738e+03   -1.87539e+05    1.33835e+03
      Potential    Kinetic En.   Total Energy  Conserved En.    Temperature
   -1.61151e+05    3.41808e+04   -1.26970e+05   -1.49427e+05    3.37659e+02
 Pres. DC (bar) Pressure (bar)   Constr. rmsd
   -1.87192e+02    2.27360e+02    2.41395e-06


DD  step 255999 load imb.: force 18.6%
           Step           Time
         256000      512.00000

   Energies (kJ/mol)
           Bond          Angle    Proper Dih. Per. Imp. Dih.          LJ-14
    1.58571e+02    3.16500e+02    4.30242e+02    2.70185e+01    1.97702e+02
     Coulomb-14        LJ (SR)  Disper. corr.   Coulomb (SR)   Coul. recip.
    2.44313e+03    2.34498e+04   -1.40738e+03   -1.88222e+05    1.35356e+03
      Potential    Kinetic En.   Total Energy  Conserved En.    Temperature
   -1.61253e+05    3.43972e+04   -1.26856e+05   -1.49417e+05    3.39797e+02
 Pres. DC (bar) Pressure (bar)   Constr. rmsd
   -1.87192e+02    4.20333e+02    2.96385e-06


DD  step 256999 load imb.: force 15.7%
           Step           Time
         257000      514.00000

   Energies (kJ/mol)
           Bond          Angle    Proper Dih. Per. Imp. Dih.          LJ-14
    1.52718e+02    3.32726e+02    4.06996e+02    1.79748e+01    1.75189e+02
     Coulomb-14        LJ (SR)  Disper. corr.   Coulomb (SR)   Coul. recip.
    2.31632e+03    2.35519e+04   -1.40738e+03   -1.88554e+05    1.31102e+03
      Potential    Kinetic En.   Total Energy  Conserved En.    Temperature
   -1.61696e+05    3.45937e+04   -1.27103e+05   -1.49415e+05    3.41738e+02
 Pres. DC (bar) Pressure (bar)   Constr. rmsd
   -1.87192e+02    3.43377e+02    1.87114e-06


DD  step 257999 load imb.: force 26.4%
           Step           Time
         258000      516.00000

   Energies (kJ/mol)
           Bond          Angle    Proper Dih. Per. Imp. Dih.          LJ-14
    1.55902e+02    2.71591e+02    3.53822e+02    1.75887e+01    1.81663e+02
     Coulomb-14        LJ (SR)  Disper. corr.   Coulomb (SR)   Coul. recip.
    2.38045e+03    2.28693e+04   -1.40738e+03   -1.87053e+05    1.30660e+03
      Potential    Kinetic En.   Total Energy  Conserved En.    Temperature
   -1.60923e+05    3.41882e+04   -1.26735e+05   -1.49425e+05    3.37732e+02
 Pres. DC (bar) Pressure (bar)   Constr. rmsd
   -1.87192e+02    2.38430e+02    4.81974e-06


DD  step 258999 load imb.: force 17.7%
           Step           Time
         259000      518.00000

   Energies (kJ/mol)
           Bond          Angle    Proper Dih. Per. Imp. Dih.          LJ-14
    1.56482e+02    3.67071e+02    4.01743e+02    2.13860e+01    1.71891e+02
     Coulomb-14        LJ (SR)  Disper. corr.   Coulomb (SR)   Coul. recip.
    2.33685e+03    2.36428e+04   -1.40738e+03   -1.88030e+05    1.32279e+03
      Potential    Kinetic En.   Total Energy  Conserved En.    Temperature
   -1.61016e+05    3.49279e+04   -1.26088e+05   -1.49417e+05    3.45039e+02
 Pres. DC (bar) Pressure (bar)   Constr. rmsd
   -1.87192e+02    4.25046e+02    2.83443e-06


DD  step 259999 load imb.: force 23.7%
           Step           Time
         260000      520.00000

   Energies (kJ/mol)
           Bond          Angle    Proper Dih. Per. Imp. Dih.          LJ-14
    1.51643e+02    3.44782e+02    3.94024e+02    2.23703e+01    1.90597e+02
     Coulomb-14        LJ (SR)  Disper. corr.   Coulomb (SR)   Coul. recip.
    2.35155e+03    2.34834e+04   -1.40738e+03   -1.87596e+05    1.34495e+03
      Potential    Kinetic En.   Total Energy  Conserved En.    Temperature
   -1.60720e+05    3.44700e+04   -1.26250e+05   -1.49417e+05    3.40516e+02
 Pres. DC (bar) Pressure (bar)   Constr. rmsd
   -1.87192e+02    4.25301e+02    2.57561e-06


DD  step 260999 load imb.: force 26.4%
           Step           Time
         261000      522.00000

   Energies (kJ/mol)
           Bond          Angle    Proper Dih. Per. Imp. Dih.          LJ-14
    1.17137e+02    3.08321e+02    3.78309e+02    1.68340e+01    1.93526e+02
     Coulomb-14        LJ (SR)  Disper. corr.   Coulomb (SR)   Coul. recip.
    2.36250e+03    2.32773e+04   -1.40738e+03   -1.87956e+05    1.30992e+03
      Potential    Kinetic En.   Total Energy  Conserved En.    Temperature
   -1.61400e+05    3.41264e+04   -1.27274e+05   -1.49420e+05    3.37122e+02
 Pres. DC (bar) Pressure (bar)   Constr. rmsd
   -1.87192e+02    2.84677e+02    2.12692e-06


DD  step 261999 load imb.: force 20.4%
           Step           Time
         262000      524.00000

   Energies (kJ/mol)
           Bond          Angle    Proper Dih. Per. Imp. Dih.          LJ-14
    1.33955e+02    2.97089e+02    3.50808e+02    1.86478e+01    1.79958e+02
     Coulomb-14        LJ (SR)  Disper. corr.   Coulomb (SR)   Coul. recip.
    2.33787e+03    2.35947e+04   -1.40738e+03   -1.88306e+05    1.30620e+03
      Potential    Kinetic En.   Total Energy  Conserved En.    Temperature
   -1.61494e+05    3.40557e+04   -1.27438e+05   -1.49419e+05    3.36424e+02
 Pres. DC (bar) Pressure (bar)   Constr. rmsd
   -1.87192e+02    4.54683e+02    3.56292e-06


DD  step 262999 load imb.: force 21.7%
           Step           Time
         263000      526.00000

   Energies (kJ/mol)
           Bond          Angle    Proper Dih. Per. Imp. Dih.          LJ-14
    1.73854e+02    2.84516e+02    3.78138e+02    1.99245e+01    1.65212e+02
     Coulomb-14        LJ (SR)  Disper. corr.   Coulomb (SR)   Coul. recip.
    2.36260e+03    2.31977e+04   -1.40738e+03   -1.88026e+05    1.34797e+03
      Potential    Kinetic En.   Total Energy  Conserved En.    Temperature
   -1.61503e+05    3.37251e+04   -1.27778e+05   -1.49413e+05    3.33158e+02
 Pres. DC (bar) Pressure (bar)   Constr. rmsd
   -1.87192e+02    1.18114e+02    2.97959e-06


DD  step 263999 load imb.: force 17.3%
           Step           Time
         264000      528.00000

   Energies (kJ/mol)
           Bond          Angle    Proper Dih. Per. Imp. Dih.          LJ-14
    1.38643e+02    3.50708e+02    3.59651e+02    2.56368e+01    1.78532e+02
     Coulomb-14        LJ (SR)  Disper. corr.   Coulomb (SR)   Coul. recip.
    2.36091e+03    2.36765e+04   -1.40738e+03   -1.89005e+05    1.33464e+03
      Potential    Kinetic En.   Total Energy  Conserved En.    Temperature
   -1.61987e+05    3.44051e+04   -1.27582e+05   -1.49406e+05    3.39875e+02
 Pres. DC (bar) Pressure (bar)   Constr. rmsd
   -1.87192e+02    4.28668e+02    1.93967e-06


DD  step 264999 load imb.: force 17.6%
           Step           Time
         265000      530.00000

   Energies (kJ/mol)
           Bond          Angle    Proper Dih. Per. Imp. Dih.          LJ-14
    1.43843e+02    2.84598e+02    3.99913e+02    3.02784e+01    1.87767e+02
     Coulomb-14        LJ (SR)  Disper. corr.   Coulomb (SR)   Coul. recip.
    2.33494e+03    2.33976e+04   -1.40738e+03   -1.87601e+05    1.31310e+03
      Potential    Kinetic En.   Total Energy  Conserved En.    Temperature
   -1.60916e+05    3.44803e+04   -1.26436e+05   -1.49417e+05    3.40618e+02
 Pres. DC (bar) Pressure (bar)   Constr. rmsd
   -1.87192e+02    4.87649e+02    2.88931e-06


DD  step 265999 load imb.: force 53.9%
           Step           Time
         266000      532.00000

   Energies (kJ/mol)
           Bond          Angle    Proper Dih. Per. Imp. Dih.          LJ-14
    1.30369e+02    2.92458e+02    3.78191e+02    2.17204e+01    2.01384e+02
     Coulomb-14        LJ (SR)  Disper. corr.   Coulomb (SR)   Coul. recip.
    2.34554e+03    2.34102e+04   -1.40738e+03   -1.88066e+05    1.31723e+03
      Potential    Kinetic En.   Total Energy  Conserved En.    Temperature
   -1.61376e+05    3.40946e+04   -1.27281e+05   -1.49414e+05    3.36808e+02
 Pres. DC (bar) Pressure (bar)   Constr. rmsd
   -1.87192e+02    4.76766e+02    2.49901e-06


DD  step 266999 load imb.: force 23.2%
           Step           Time
         267000      534.00000

   Energies (kJ/mol)
           Bond          Angle    Proper Dih. Per. Imp. Dih.          LJ-14
    1.48503e+02    3.02895e+02    3.79641e+02    2.74911e+01    1.78559e+02
     Coulomb-14        LJ (SR)  Disper. corr.   Coulomb (SR)   Coul. recip.
    2.38270e+03    2.40600e+04   -1.40738e+03   -1.88382e+05    1.36482e+03
      Potential    Kinetic En.   Total Energy  Conserved En.    Temperature
   -1.60945e+05    3.45433e+04   -1.26402e+05   -1.49418e+05    3.41241e+02
 Pres. DC (bar) Pressure (bar)   Constr. rmsd
   -1.87192e+02    6.29745e+02    4.20803e-06


DD  step 267999 load imb.: force 24.9%
           Step           Time
         268000      536.00000

   Energies (kJ/mol)
           Bond          Angle    Proper Dih. Per. Imp. Dih.          LJ-14
    1.59502e+02    3.39472e+02    4.19144e+02    2.99756e+01    1.81301e+02
     Coulomb-14        LJ (SR)  Disper. corr.   Coulomb (SR)   Coul. recip.
    2.33788e+03    2.30971e+04   -1.40738e+03   -1.87879e+05    1.37883e+03
      Potential    Kinetic En.   Total Energy  Conserved En.    Temperature
   -1.61343e+05    3.47712e+04   -1.26572e+05   -1.49402e+05    3.43492e+02
 Pres. DC (bar) Pressure (bar)   Constr. rmsd
   -1.87192e+02    1.82411e+02    2.04161e-06


DD  step 268999 load imb.: force 24.6%
           Step           Time
         269000      538.00000

   Energies (kJ/mol)
           Bond          Angle    Proper Dih. Per. Imp. Dih.          LJ-14
    1.41072e+02    3.42685e+02    3.82992e+02    2.11701e+01    1.69300e+02
     Coulomb-14        LJ (SR)  Disper. corr.   Coulomb (SR)   Coul. recip.
    2.37757e+03    2.29858e+04   -1.40738e+03   -1.87505e+05    1.37796e+03
      Potential    Kinetic En.   Total Energy  Conserved En.    Temperature
   -1.61114e+05    3.44693e+04   -1.26644e+05   -1.49416e+05    3.40510e+02
 Pres. DC (bar) Pressure (bar)   Constr. rmsd
   -1.87192e+02    8.93207e+01    4.04956e-06


DD  step 269999 load imb.: force 23.4%
           Step           Time
         270000      540.00000

   Energies (kJ/mol)
           Bond          Angle    Proper Dih. Per. Imp. Dih.          LJ-14
    1.51449e+02    3.09241e+02    3.78896e+02    1.75726e+01    1.91787e+02
     Coulomb-14        LJ (SR)  Disper. corr.   Coulomb (SR)   Coul. recip.
    2.36324e+03    2.33759e+04   -1.40738e+03   -1.88401e+05    1.32860e+03
      Potential    Kinetic En.   Total Energy  Conserved En.    Temperature
   -1.61692e+05    3.45331e+04   -1.27158e+05   -1.49409e+05    3.41139e+02
 Pres. DC (bar) Pressure (bar)   Constr. rmsd
   -1.87192e+02    2.29645e+02    2.98027e-06


DD  step 270999 load imb.: force 24.7%
           Step           Time
         271000      542.00000

   Energies (kJ/mol)
           Bond          Angle    Proper Dih. Per. Imp. Dih.          LJ-14
    1.57638e+02    3.31478e+02    3.69938e+02    2.07712e+01    1.66886e+02
     Coulomb-14        LJ (SR)  Disper. corr.   Coulomb (SR)   Coul. recip.
    2.40079e+03    2.36421e+04   -1.40738e+03   -1.87740e+05    1.31790e+03
      Potential    Kinetic En.   Total Energy  Conserved En.    Temperature
   -1.60740e+05    3.40599e+04   -1.26680e+05   -1.49404e+05    3.36465e+02
 Pres. DC (bar) Pressure (bar)   Constr. rmsd
   -1.87192e+02    5.14810e+02    2.68174e-06


DD  step 271999 load imb.: force 23.8%
           Step           Time
         272000      544.00000

   Energies (kJ/mol)
           Bond          Angle    Proper Dih. Per. Imp. Dih.          LJ-14
    2.13637e+02    2.88202e+02    3.78259e+02    4.09235e+01    1.76711e+02
     Coulomb-14        LJ (SR)  Disper. corr.   Coulomb (SR)   Coul. recip.
    2.33524e+03    2.33316e+04   -1.40738e+03   -1.87329e+05    1.27231e+03
      Potential    Kinetic En.   Total Energy  Conserved En.    Temperature
   -1.60699e+05    3.43348e+04   -1.26365e+05   -1.49396e+05    3.39181e+02
 Pres. DC (bar) Pressure (bar)   Constr. rmsd
   -1.87192e+02    3.93739e+02    1.86821e-06


DD  step 272999 load imb.: force 43.7%
           Step           Time
         273000      546.00000

   Energies (kJ/mol)
           Bond          Angle    Proper Dih. Per. Imp. Dih.          LJ-14
    1.46318e+02    2.89759e+02    3.71778e+02    2.46540e+01    2.06174e+02
     Coulomb-14        LJ (SR)  Disper. corr.   Coulomb (SR)   Coul. recip.
    2.41220e+03    2.38111e+04   -1.40738e+03   -1.88031e+05    1.37751e+03
      Potential    Kinetic En.   Total Energy  Conserved En.    Temperature
   -1.60799e+05    3.47670e+04   -1.26032e+05   -1.49401e+05    3.43450e+02
 Pres. DC (bar) Pressure (bar)   Constr. rmsd
   -1.87192e+02    5.74470e+02    2.55568e-06


DD  step 273999 load imb.: force 23.1%
           Step           Time
         274000      548.00000

   Energies (kJ/mol)
           Bond          Angle    Proper Dih. Per. Imp. Dih.          LJ-14
    1.92563e+02    2.96269e+02    3.61720e+02    1.91222e+01    1.78299e+02
     Coulomb-14        LJ (SR)  Disper. corr.   Coulomb (SR)   Coul. recip.
    2.35135e+03    2.34567e+04   -1.40738e+03   -1.87604e+05    1.37895e+03
      Potential    Kinetic En.   Total Energy  Conserved En.    Temperature
   -1.60776e+05    3.43854e+04   -1.26391e+05   -1.49398e+05    3.39681e+02
 Pres. DC (bar) Pressure (bar)   Constr. rmsd
   -1.87192e+02    4.39764e+02    2.86616e-06


DD  step 274999 load imb.: force 24.4%
           Step           Time
         275000      550.00000

   Energies (kJ/mol)
           Bond          Angle    Proper Dih. Per. Imp. Dih.          LJ-14
    1.48189e+02    2.85319e+02    3.72933e+02    2.28215e+01    1.71509e+02
     Coulomb-14        LJ (SR)  Disper. corr.   Coulomb (SR)   Coul. recip.
    2.34415e+03    2.39830e+04   -1.40738e+03   -1.89093e+05    1.34479e+03
      Potential    Kinetic En.   Total Energy  Conserved En.    Temperature
   -1.61827e+05    3.46284e+04   -1.27199e+05   -1.49405e+05    3.42081e+02
 Pres. DC (bar) Pressure (bar)   Constr. rmsd
   -1.87192e+02    4.37654e+02    3.07383e-06


DD  step 275999 load imb.: force  4.8%
           Step           Time
         276000      552.00000

   Energies (kJ/mol)
           Bond          Angle    Proper Dih. Per. Imp. Dih.          LJ-14
    1.78212e+02    3.87352e+02    3.67512e+02    1.47653e+01    1.71962e+02
     Coulomb-14        LJ (SR)  Disper. corr.   Coulomb (SR)   Coul. recip.
    2.28264e+03    2.33819e+04   -1.40738e+03   -1.87791e+05    1.30260e+03
      Potential    Kinetic En.   Total Energy  Conserved En.    Temperature
   -1.61112e+05    3.39962e+04   -1.27116e+05   -1.49384e+05    3.35836e+02
 Pres. DC (bar) Pressure (bar)   Constr. rmsd
   -1.87192e+02    2.65997e+02    2.59901e-06


DD  step 276999 load imb.: force 19.7%
           Step           Time
         277000      554.00000

   Energies (kJ/mol)
           Bond          Angle    Proper Dih. Per. Imp. Dih.          LJ-14
    1.33158e+02    3.26543e+02    3.56468e+02    2.54919e+01    1.66573e+02
     Coulomb-14        LJ (SR)  Disper. corr.   Coulomb (SR)   Coul. recip.
    2.34843e+03    2.26731e+04   -1.40738e+03   -1.87208e+05    1.33203e+03
      Potential    Kinetic En.   Total Energy  Conserved En.    Temperature
   -1.61254e+05    3.44862e+04   -1.26767e+05   -1.49404e+05    3.40677e+02
 Pres. DC (bar) Pressure (bar)   Constr. rmsd
   -1.87192e+02    2.01627e+01    4.27074e-06


DD  step 277999 load imb.: force 18.6%
           Step           Time
         278000      556.00000

   Energies (kJ/mol)
           Bond          Angle    Proper Dih. Per. Imp. Dih.          LJ-14
    1.26314e+02    2.91645e+02    3.91543e+02    2.28806e+01    1.66977e+02
     Coulomb-14        LJ (SR)  Disper. corr.   Coulomb (SR)   Coul. recip.
    2.33975e+03    2.33304e+04   -1.40738e+03   -1.88406e+05    1.28983e+03
      Potential    Kinetic En.   Total Energy  Conserved En.    Temperature
   -1.61854e+05    3.39288e+04   -1.27926e+05   -1.49402e+05    3.35170e+02
 Pres. DC (bar) Pressure (bar)   Constr. rmsd
   -1.87192e+02    1.33280e+02    2.25619e-06


DD  step 278999 load imb.: force 18.6%
           Step           Time
         279000      558.00000

   Energies (kJ/mol)
           Bond          Angle    Proper Dih. Per. Imp. Dih.          LJ-14
    1.42697e+02    3.02339e+02    3.91009e+02    3.43054e+01    1.82609e+02
     Coulomb-14        LJ (SR)  Disper. corr.   Coulomb (SR)   Coul. recip.
    2.37117e+03    2.29020e+04   -1.40738e+03   -1.87946e+05    1.28971e+03
      Potential    Kinetic En.   Total Energy  Conserved En.    Temperature
   -1.61737e+05    3.42382e+04   -1.27499e+05   -1.49390e+05    3.38227e+02
 Pres. DC (bar) Pressure (bar)   Constr. rmsd
   -1.87192e+02    3.04091e+01    2.62533e-06


DD  step 279999 load imb.: force 18.0%
           Step           Time
         280000      560.00000

   Energies (kJ/mol)
           Bond          Angle    Proper Dih. Per. Imp. Dih.          LJ-14
    1.61646e+02    3.13181e+02    3.78192e+02    1.60066e+01    1.92376e+02
     Coulomb-14        LJ (SR)  Disper. corr.   Coulomb (SR)   Coul. recip.
    2.37892e+03    2.32346e+04   -1.40738e+03   -1.87915e+05    1.29760e+03
      Potential    Kinetic En.   Total Energy  Conserved En.    Temperature
   -1.61350e+05    3.50461e+04   -1.26304e+05   -1.49398e+05    3.46207e+02
 Pres. DC (bar) Pressure (bar)   Constr. rmsd
   -1.87192e+02    3.27610e+02    2.88445e-06


DD  step 280999 load imb.: force 15.7%
           Step           Time
         281000      562.00000

   Energies (kJ/mol)
           Bond          Angle    Proper Dih. Per. Imp. Dih.          LJ-14
    1.43907e+02    3.41530e+02    3.85501e+02    3.35418e+01    1.89357e+02
     Coulomb-14        LJ (SR)  Disper. corr.   Coulomb (SR)   Coul. recip.
    2.33011e+03    2.27637e+04   -1.40738e+03   -1.87389e+05    1.24744e+03
      Potential    Kinetic En.   Total Energy  Conserved En.    Temperature
   -1.61361e+05    3.46772e+04   -1.26684e+05   -1.49397e+05    3.42563e+02
 Pres. DC (bar) Pressure (bar)   Constr. rmsd
   -1.87192e+02    1.50808e+02    3.19252e-06


DD  step 281999 load imb.: force 19.5%
           Step           Time
         282000      564.00000

   Energies (kJ/mol)
           Bond          Angle    Proper Dih. Per. Imp. Dih.          LJ-14
    1.19822e+02    3.67178e+02    4.08435e+02    3.54039e+01    1.70460e+02
     Coulomb-14        LJ (SR)  Disper. corr.   Coulomb (SR)   Coul. recip.
    2.34023e+03    2.37186e+04   -1.40738e+03   -1.88266e+05    1.26885e+03
      Potential    Kinetic En.   Total Energy  Conserved En.    Temperature
   -1.61244e+05    3.41310e+04   -1.27113e+05   -1.49387e+05    3.37167e+02
 Pres. DC (bar) Pressure (bar)   Constr. rmsd
   -1.87192e+02    4.15741e+02    2.93819e-06


DD  step 282999 load imb.: force 12.9%
           Step           Time
         283000      566.00000

   Energies (kJ/mol)
           Bond          Angle    Proper Dih. Per. Imp. Dih.          LJ-14
    1.64912e+02    4.07638e+02    3.81228e+02    3.14394e+01    1.88595e+02
     Coulomb-14        LJ (SR)  Disper. corr.   Coulomb (SR)   Coul. recip.
    2.34735e+03    2.24224e+04   -1.40738e+03   -1.86806e+05    1.33297e+03
      Potential    Kinetic En.   Total Energy  Conserved En.    Temperature
   -1.60936e+05    3.50435e+04   -1.25893e+05   -1.49391e+05    3.46182e+02
 Pres. DC (bar) Pressure (bar)   Constr. rmsd
   -1.87192e+02   -1.41662e+02    2.73324e-06


DD  step 283999 load imb.: force 14.4%
           Step           Time
         284000      568.00000

   Energies (kJ/mol)
           Bond          Angle    Proper Dih. Per. Imp. Dih.          LJ-14
    1.53934e+02    2.95917e+02    3.89731e+02    3.48584e+01    1.68322e+02
     Coulomb-14        LJ (SR)  Disper. corr.   Coulomb (SR)   Coul. recip.
    2.35923e+03    2.40753e+04   -1.40738e+03   -1.88105e+05    1.28218e+03
      Potential    Kinetic En.   Total Energy  Conserved En.    Temperature
   -1.60753e+05    3.47213e+04   -1.26032e+05   -1.49386e+05    3.42999e+02
 Pres. DC (bar) Pressure (bar)   Constr. rmsd
   -1.87192e+02    6.32762e+02    3.79753e-06


DD  step 284999 load imb.: force 17.6%
           Step           Time
         285000      570.00000

   Energies (kJ/mol)
           Bond          Angle    Proper Dih. Per. Imp. Dih.          LJ-14
    1.90990e+02    3.92150e+02    3.66418e+02    1.99982e+01    1.65960e+02
     Coulomb-14        LJ (SR)  Disper. corr.   Coulomb (SR)   Coul. recip.
    2.33608e+03    2.35399e+04   -1.40738e+03   -1.87502e+05    1.38244e+03
      Potential    Kinetic En.   Total Energy  Conserved En.    Temperature
   -1.60515e+05    3.48529e+04   -1.25662e+05   -1.49376e+05    3.44299e+02
 Pres. DC (bar) Pressure (bar)   Constr. rmsd
   -1.87192e+02    3.72310e+02    2.19313e-06


DD  step 285999 load imb.: force 15.4%
           Step           Time
         286000      572.00000

   Energies (kJ/mol)
           Bond          Angle    Proper Dih. Per. Imp. Dih.          LJ-14
    1.52846e+02    2.72979e+02    3.82024e+02    1.49370e+01    1.92178e+02
     Coulomb-14        LJ (SR)  Disper. corr.   Coulomb (SR)   Coul. recip.
    2.33400e+03    2.40575e+04   -1.40738e+03   -1.88645e+05    1.30841e+03
      Potential    Kinetic En.   Total Energy  Conserved En.    Temperature
   -1.61338e+05    3.45734e+04   -1.26764e+05   -1.49379e+05    3.41538e+02
 Pres. DC (bar) Pressure (bar)   Constr. rmsd
   -1.87192e+02    7.18670e+02    2.60744e-06


DD  step 286999 load imb.: force 25.0%
           Step           Time
         287000      574.00000

   Energies (kJ/mol)
           Bond          Angle    Proper Dih. Per. Imp. Dih.          LJ-14
    1.54288e+02    3.37011e+02    3.55947e+02    1.55749e+01    1.65605e+02
     Coulomb-14        LJ (SR)  Disper. corr.   Coulomb (SR)   Coul. recip.
    2.35963e+03    2.37268e+04   -1.40738e+03   -1.88912e+05    1.34645e+03
      Potential    Kinetic En.   Total Energy  Conserved En.    Temperature
   -1.61858e+05    3.50047e+04   -1.26853e+05   -1.49377e+05    3.45799e+02
 Pres. DC (bar) Pressure (bar)   Constr. rmsd
   -1.87192e+02    4.38152e+02    2.87770e-06


DD  step 287999 load imb.: force 27.7%
           Step           Time
         288000      576.00000

   Energies (kJ/mol)
           Bond          Angle    Proper Dih. Per. Imp. Dih.          LJ-14
    1.79997e+02    2.99516e+02    3.82074e+02    1.74148e+01    1.71664e+02
     Coulomb-14        LJ (SR)  Disper. corr.   Coulomb (SR)   Coul. recip.
    2.37408e+03    2.31470e+04   -1.40738e+03   -1.86642e+05    1.39790e+03
      Potential    Kinetic En.   Total Energy  Conserved En.    Temperature
   -1.60080e+05    3.37518e+04   -1.26328e+05   -1.49369e+05    3.33421e+02
 Pres. DC (bar) Pressure (bar)   Constr. rmsd
   -1.87192e+02    3.10488e+02    2.05933e-06


DD  step 288999 load imb.: force 21.5%
           Step           Time
         289000      578.00000

   Energies (kJ/mol)
           Bond          Angle    Proper Dih. Per. Imp. Dih.          LJ-14
    1.24244e+02    3.08021e+02    3.55007e+02    1.83443e+01    1.88355e+02
     Coulomb-14        LJ (SR)  Disper. corr.   Coulomb (SR)   Coul. recip.
    2.37326e+03    2.28985e+04   -1.40738e+03   -1.86931e+05    1.30835e+03
      Potential    Kinetic En.   Total Energy  Conserved En.    Temperature
   -1.60764e+05    3.46123e+04   -1.26152e+05   -1.49381e+05    3.41922e+02
 Pres. DC (bar) Pressure (bar)   Constr. rmsd
   -1.87192e+02    3.55652e+02    2.82184e-06


DD  step 289999 load imb.: force 17.5%
           Step           Time
         290000      580.00000

   Energies (kJ/mol)
           Bond          Angle    Proper Dih. Per. Imp. Dih.          LJ-14
    1.55411e+02    3.12842e+02    4.06057e+02    3.05893e+01    1.78563e+02
     Coulomb-14        LJ (SR)  Disper. corr.   Coulomb (SR)   Coul. recip.
    2.32725e+03    2.34983e+04   -1.40738e+03   -1.88062e+05    1.33845e+03
      Potential    Kinetic En.   Total Energy  Conserved En.    Temperature
   -1.61222e+05    3.42898e+04   -1.26932e+05   -1.49371e+05    3.38736e+02
 Pres. DC (bar) Pressure (bar)   Constr. rmsd
   -1.87192e+02    2.20284e+02    2.54554e-06


DD  step 290999 load imb.: force 14.7%
           Step           Time
         291000      582.00000

   Energies (kJ/mol)
           Bond          Angle    Proper Dih. Per. Imp. Dih.          LJ-14
    1.50771e+02    3.20729e+02    3.73641e+02    2.59899e+01    1.77234e+02
     Coulomb-14        LJ (SR)  Disper. corr.   Coulomb (SR)   Coul. recip.
    2.36177e+03    2.32958e+04   -1.40738e+03   -1.88174e+05    1.34980e+03
      Potential    Kinetic En.   Total Energy  Conserved En.    Temperature
   -1.61526e+05    3.41819e+04   -1.27344e+05   -1.49364e+05    3.37671e+02
 Pres. DC (bar) Pressure (bar)   Constr. rmsd
   -1.87192e+02    2.02706e+02    1.80963e-06


DD  step 291999 load imb.: force 14.9%
           Step           Time
         292000      584.00000

   Energies (kJ/mol)
           Bond          Angle    Proper Dih. Per. Imp. Dih.          LJ-14
    1.93403e+02    3.19655e+02    3.67201e+02    2.22770e+01    1.82736e+02
     Coulomb-14        LJ (SR)  Disper. corr.   Coulomb (SR)   Coul. recip.
    2.37446e+03    2.33602e+04   -1.40738e+03   -1.88529e+05    1.26604e+03
      Potential    Kinetic En.   Total Energy  Conserved En.    Temperature
   -1.61850e+05    3.42981e+04   -1.27552e+05   -1.49360e+05    3.38818e+02
 Pres. DC (bar) Pressure (bar)   Constr. rmsd
   -1.87192e+02    2.15748e+02    2.31729e-06


DD  step 292999 load imb.: force 13.2%
           Step           Time
         293000      586.00000

   Energies (kJ/mol)
           Bond          Angle    Proper Dih. Per. Imp. Dih.          LJ-14
    1.52255e+02    3.59353e+02    3.52250e+02    1.89708e+01    1.82343e+02
     Coulomb-14        LJ (SR)  Disper. corr.   Coulomb (SR)   Coul. recip.
    2.36153e+03    2.35119e+04   -1.40738e+03   -1.88180e+05    1.33967e+03
      Potential    Kinetic En.   Total Energy  Conserved En.    Temperature
   -1.61309e+05    3.43045e+04   -1.27004e+05   -1.49366e+05    3.38882e+02
 Pres. DC (bar) Pressure (bar)   Constr. rmsd
   -1.87192e+02    3.81531e+02    2.06361e-06


DD  step 293999 load imb.: force 13.1%
           Step           Time
         294000      588.00000

   Energies (kJ/mol)
           Bond          Angle    Proper Dih. Per. Imp. Dih.          LJ-14
    1.41044e+02    3.16464e+02    3.94222e+02    2.47556e+01    1.73105e+02
     Coulomb-14        LJ (SR)  Disper. corr.   Coulomb (SR)   Coul. recip.
    2.34605e+03    2.37798e+04   -1.40738e+03   -1.88645e+05    1.33052e+03
      Potential    Kinetic En.   Total Energy  Conserved En.    Temperature
   -1.61546e+05    3.44791e+04   -1.27067e+05   -1.49366e+05    3.40606e+02
 Pres. DC (bar) Pressure (bar)   Constr. rmsd
   -1.87192e+02    4.50627e+02    2.36338e-06


DD  step 294999 load imb.: force 16.2%
           Step           Time
         295000      590.00000

   Energies (kJ/mol)
           Bond          Angle    Proper Dih. Per. Imp. Dih.          LJ-14
    1.34268e+02    3.67985e+02    3.86247e+02    1.34907e+01    1.70671e+02
     Coulomb-14        LJ (SR)  Disper. corr.   Coulomb (SR)   Coul. recip.
    2.34976e+03    2.33230e+04   -1.40738e+03   -1.87870e+05    1.27272e+03
      Potential    Kinetic En.   Total Energy  Conserved En.    Temperature
   -1.61259e+05    3.39908e+04   -1.27268e+05   -1.49356e+05    3.35783e+02
 Pres. DC (bar) Pressure (bar)   Constr. rmsd
   -1.87192e+02    1.96730e+02    1.73739e-06


DD  step 295999 load imb.: force 11.8%
           Step           Time
         296000      592.00000

   Energies (kJ/mol)
           Bond          Angle    Proper Dih. Per. Imp. Dih.          LJ-14
    1.77367e+02    3.02765e+02    3.69518e+02    2.57662e+01    1.77680e+02
     Coulomb-14        LJ (SR)  Disper. corr.   Coulomb (SR)   Coul. recip.
    2.38816e+03    2.34563e+04   -1.40738e+03   -1.87784e+05    1.27404e+03
      Potential    Kinetic En.   Total Energy  Conserved En.    Temperature
   -1.61020e+05    3.41157e+04   -1.26904e+05   -1.49359e+05    3.37016e+02
 Pres. DC (bar) Pressure (bar)   Constr. rmsd
   -1.87192e+02    3.83185e+02    2.42253e-06


DD  step 296999 load imb.: force 54.6%
           Step           Time
         297000      594.00000

   Energies (kJ/mol)
           Bond          Angle    Proper Dih. Per. Imp. Dih.          LJ-14
    1.17588e+02    3.43207e+02    3.84441e+02    1.74093e+01    1.83940e+02
     Coulomb-14        LJ (SR)  Disper. corr.   Coulomb (SR)   Coul. recip.
    2.33245e+03    2.35321e+04   -1.40738e+03   -1.87861e+05    1.37199e+03
      Potential    Kinetic En.   Total Energy  Conserved En.    Temperature
   -1.60985e+05    3.49317e+04   -1.26054e+05   -1.49362e+05    3.45078e+02
 Pres. DC (bar) Pressure (bar)   Constr. rmsd
   -1.87192e+02    5.16496e+02    3.72849e-06


DD  step 297999 load imb.: force 25.6%
           Step           Time
         298000      596.00000

   Energies (kJ/mol)
           Bond          Angle    Proper Dih. Per. Imp. Dih.          LJ-14
    1.62905e+02    2.91650e+02    3.85148e+02    2.25943e+01    1.85161e+02
     Coulomb-14        LJ (SR)  Disper. corr.   Coulomb (SR)   Coul. recip.
    2.35003e+03    2.37794e+04   -1.40738e+03   -1.88580e+05    1.33633e+03
      Potential    Kinetic En.   Total Energy  Conserved En.    Temperature
   -1.61474e+05    3.47678e+04   -1.26706e+05   -1.49358e+05    3.43458e+02
 Pres. DC (bar) Pressure (bar)   Constr. rmsd
   -1.87192e+02    5.27880e+02    1.94480e-06


DD  step 298999 load imb.: force 23.4%
           Step           Time
         299000      598.00000

   Energies (kJ/mol)
           Bond          Angle    Proper Dih. Per. Imp. Dih.          LJ-14
    1.47271e+02    3.81128e+02    4.06522e+02    2.18290e+01    1.99482e+02
     Coulomb-14        LJ (SR)  Disper. corr.   Coulomb (SR)   Coul. recip.
    2.35058e+03    2.41788e+04   -1.40738e+03   -1.88217e+05    1.39447e+03
      Potential    Kinetic En.   Total Energy  Conserved En.    Temperature
   -1.60544e+05    3.46467e+04   -1.25897e+05   -1.49348e+05    3.42262e+02
 Pres. DC (bar) Pressure (bar)   Constr. rmsd
   -1.87192e+02    8.81137e+02    2.23752e-06


DD  step 299999 load imb.: force 17.3%
           Step           Time
         300000      600.00000

   Energies (kJ/mol)
           Bond          Angle    Proper Dih. Per. Imp. Dih.          LJ-14
    2.06173e+02    3.13685e+02    3.79690e+02    2.59295e+01    1.77801e+02
     Coulomb-14        LJ (SR)  Disper. corr.   Coulomb (SR)   Coul. recip.
    2.29876e+03    2.31711e+04   -1.40738e+03   -1.87601e+05    1.36012e+03
      Potential    Kinetic En.   Total Energy  Conserved En.    Temperature
   -1.61075e+05    3.50614e+04   -1.26014e+05   -1.49362e+05    3.46358e+02
 Pres. DC (bar) Pressure (bar)   Constr. rmsd
   -1.87192e+02    1.69703e+02    2.96900e-06


DD  step 300999 load imb.: force 13.1%
           Step           Time
         301000      602.00000

   Energies (kJ/mol)
           Bond          Angle    Proper Dih. Per. Imp. Dih.          LJ-14
    1.65929e+02    3.56747e+02    3.47746e+02    2.66398e+01    1.95745e+02
     Coulomb-14        LJ (SR)  Disper. corr.   Coulomb (SR)   Coul. recip.
    2.37457e+03    2.33197e+04   -1.40738e+03   -1.87035e+05    1.33878e+03
      Potential    Kinetic En.   Total Energy  Conserved En.    Temperature
   -1.60316e+05    3.44904e+04   -1.25826e+05   -1.49357e+05    3.40718e+02
 Pres. DC (bar) Pressure (bar)   Constr. rmsd
   -1.87192e+02    4.20960e+02    2.66754e-06


DD  step 301999 load imb.: force 14.7%
           Step           Time
         302000      604.00000

   Energies (kJ/mol)
           Bond          Angle    Proper Dih. Per. Imp. Dih.          LJ-14
    1.17779e+02    3.54050e+02    3.35859e+02    2.54857e+01    1.95422e+02
     Coulomb-14        LJ (SR)  Disper. corr.   Coulomb (SR)   Coul. recip.
    2.36419e+03    2.33264e+04   -1.40738e+03   -1.87238e+05    1.37515e+03
      Potential    Kinetic En.   Total Energy  Conserved En.    Temperature
   -1.60551e+05    3.48970e+04   -1.25654e+05   -1.49354e+05    3.44735e+02
 Pres. DC (bar) Pressure (bar)   Constr. rmsd
   -1.87192e+02    3.75125e+02    3.25744e-06


DD  step 302999 load imb.: force 14.6%
           Step           Time
         303000      606.00000

   Energies (kJ/mol)
           Bond          Angle    Proper Dih. Per. Imp. Dih.          LJ-14
    1.61241e+02    3.32871e+02    3.93450e+02    3.01951e+01    1.77149e+02
     Coulomb-14        LJ (SR)  Disper. corr.   Coulomb (SR)   Coul. recip.
    2.33017e+03    2.26903e+04   -1.40738e+03   -1.87118e+05    1.37933e+03
      Potential    Kinetic En.   Total Energy  Conserved En.    Temperature
   -1.61031e+05    3.49310e+04   -1.26100e+05   -1.49350e+05    3.45071e+02
 Pres. DC (bar) Pressure (bar)   Constr. rmsd
   -1.87192e+02    6.47812e+01    2.81645e-06


DD  step 303999 load imb.: force 14.5%
           Step           Time
         304000      608.00000

   Energies (kJ/mol)
           Bond          Angle    Proper Dih. Per. Imp. Dih.          LJ-14
    1.37817e+02    3.29013e+02    4.08868e+02    2.59568e+01    1.82230e+02
     Coulomb-14        LJ (SR)  Disper. corr.   Coulomb (SR)   Coul. recip.
    2.38609e+03    2.30006e+04   -1.40738e+03   -1.87216e+05    1.33424e+03
      Potential    Kinetic En.   Total Energy  Conserved En.    Temperature
   -1.60819e+05    3.43593e+04   -1.26460e+05   -1.49361e+05    3.39423e+02
 Pres. DC (bar) Pressure (bar)   Constr. rmsd
   -1.87192e+02    2.45200e+02    2.09056e-06


DD  step 304999 load imb.: force 14.8%
           Step           Time
         305000      610.00000

   Energies (kJ/mol)
           Bond          Angle    Proper Dih. Per. Imp. Dih.          LJ-14
    1.74098e+02    3.26715e+02    3.95916e+02    3.06166e+01    1.84361e+02
     Coulomb-14        LJ (SR)  Disper. corr.   Coulomb (SR)   Coul. recip.
    2.34225e+03    2.37319e+04   -1.40738e+03   -1.87939e+05    1.25038e+03
      Potential    Kinetic En.   Total Energy  Conserved En.    Temperature
   -1.60910e+05    3.47003e+04   -1.26210e+05   -1.49352e+05    3.42792e+02
 Pres. DC (bar) Pressure (bar)   Constr. rmsd
   -1.87192e+02    5.24773e+02    1.94202e-06


DD  step 305999 load imb.: force 16.0%
           Step           Time
         306000      612.00000

   Energies (kJ/mol)
           Bond          Angle    Proper Dih. Per. Imp. Dih.          LJ-14
    1.53043e+02    3.03986e+02    4.06508e+02    2.05848e+01    1.71762e+02
     Coulomb-14        LJ (SR)  Disper. corr.   Coulomb (SR)   Coul. recip.
    2.33519e+03    2.31033e+04   -1.40738e+03   -1.87700e+05    1.30821e+03
      Potential    Kinetic En.   Total Energy  Conserved En.    Temperature
   -1.61305e+05    3.50379e+04   -1.26267e+05   -1.49356e+05    3.46127e+02
 Pres. DC (bar) Pressure (bar)   Constr. rmsd
   -1.87192e+02    2.66724e+02    2.31677e-06


DD  step 306999 load imb.: force 14.9%
           Step           Time
         307000      614.00000

   Energies (kJ/mol)
           Bond          Angle    Proper Dih. Per. Imp. Dih.          LJ-14
    1.10275e+02    3.19411e+02    4.04736e+02    2.09994e+01    1.80372e+02
     Coulomb-14        LJ (SR)  Disper. corr.   Coulomb (SR)   Coul. recip.
    2.37839e+03    2.25805e+04   -1.40738e+03   -1.87390e+05    1.27161e+03
      Potential    Kinetic En.   Total Energy  Conserved En.    Temperature
   -1.61531e+05    3.38167e+04   -1.27714e+05   -1.49346e+05    3.34063e+02
 Pres. DC (bar) Pressure (bar)   Constr. rmsd
   -1.87192e+02   -3.61538e+01    2.07280e-06


DD  step 307999 load imb.: force 14.5%
           Step           Time
         308000      616.00000

   Energies (kJ/mol)
           Bond          Angle    Proper Dih. Per. Imp. Dih.          LJ-14
    1.18229e+02    2.77741e+02    3.61078e+02    2.60684e+01    1.97456e+02
     Coulomb-14        LJ (SR)  Disper. corr.   Coulomb (SR)   Coul. recip.
    2.36834e+03    2.32034e+04   -1.40738e+03   -1.88822e+05    1.32454e+03
      Potential    Kinetic En.   Total Energy  Conserved En.    Temperature
   -1.62352e+05    3.37357e+04   -1.28616e+05   -1.49343e+05    3.33263e+02
 Pres. DC (bar) Pressure (bar)   Constr. rmsd
   -1.87192e+02    1.73546e+02    3.10609e-06


DD  step 308999 load imb.: force 12.0%
           Step           Time
         309000      618.00000

   Energies (kJ/mol)
           Bond          Angle    Proper Dih. Per. Imp. Dih.          LJ-14
    1.19106e+02    3.18132e+02    3.98501e+02    2.68785e+01    1.69625e+02
     Coulomb-14        LJ (SR)  Disper. corr.   Coulomb (SR)   Coul. recip.
    2.35893e+03    2.32250e+04   -1.40738e+03   -1.88301e+05    1.35458e+03
      Potential    Kinetic En.   Total Energy  Conserved En.    Temperature
   -1.61738e+05    3.42771e+04   -1.27461e+05   -1.49346e+05    3.38611e+02
 Pres. DC (bar) Pressure (bar)   Constr. rmsd
   -1.87192e+02    2.77173e+02    2.38649e-06


DD  step 309999 load imb.: force 12.4%
           Step           Time
         310000      620.00000

   Energies (kJ/mol)
           Bond          Angle    Proper Dih. Per. Imp. Dih.          LJ-14
    1.56500e+02    3.17538e+02    3.81273e+02    1.96445e+01    1.75047e+02
     Coulomb-14        LJ (SR)  Disper. corr.   Coulomb (SR)   Coul. recip.
    2.36277e+03    2.39951e+04   -1.40738e+03   -1.88727e+05    1.28146e+03
      Potential    Kinetic En.   Total Energy  Conserved En.    Temperature
   -1.61445e+05    3.42305e+04   -1.27215e+05   -1.49343e+05    3.38150e+02
 Pres. DC (bar) Pressure (bar)   Constr. rmsd
   -1.87192e+02    4.68573e+02    3.34626e-06


DD  step 310999 load imb.: force 15.4%
           Step           Time
         311000      622.00000

   Energies (kJ/mol)
           Bond          Angle    Proper Dih. Per. Imp. Dih.          LJ-14
    1.32355e+02    3.12787e+02    3.84482e+02    2.03095e+01    1.80859e+02
     Coulomb-14        LJ (SR)  Disper. corr.   Coulomb (SR)   Coul. recip.
    2.36888e+03    2.34202e+04   -1.40738e+03   -1.88044e+05    1.30786e+03
      Potential    Kinetic En.   Total Energy  Conserved En.    Temperature
   -1.61323e+05    3.42305e+04   -1.27093e+05   -1.49326e+05    3.38151e+02
 Pres. DC (bar) Pressure (bar)   Constr. rmsd
   -1.87192e+02    4.20400e+02    3.18915e-06


DD  step 311999 load imb.: force 16.4%
           Step           Time
         312000      624.00000

   Energies (kJ/mol)
           Bond          Angle    Proper Dih. Per. Imp. Dih.          LJ-14
    1.18359e+02    3.41145e+02    3.71029e+02    2.24310e+01    1.75895e+02
     Coulomb-14        LJ (SR)  Disper. corr.   Coulomb (SR)   Coul. recip.
    2.37669e+03    2.30327e+04   -1.40738e+03   -1.87896e+05    1.33613e+03
      Potential    Kinetic En.   Total Energy  Conserved En.    Temperature
   -1.61529e+05    3.46075e+04   -1.26921e+05   -1.49342e+05    3.41875e+02
 Pres. DC (bar) Pressure (bar)   Constr. rmsd
   -1.87192e+02    2.82933e+02    1.46324e-06


DD  step 312999 load imb.: force 13.0%
           Step           Time
         313000      626.00000

   Energies (kJ/mol)
           Bond          Angle    Proper Dih. Per. Imp. Dih.          LJ-14
    1.69112e+02    3.18046e+02    3.60394e+02    1.66991e+01    1.82133e+02
     Coulomb-14        LJ (SR)  Disper. corr.   Coulomb (SR)   Coul. recip.
    2.35099e+03    2.30094e+04   -1.40738e+03   -1.87790e+05    1.36520e+03
      Potential    Kinetic En.   Total Energy  Conserved En.    Temperature
   -1.61425e+05    3.45024e+04   -1.26923e+05   -1.49333e+05    3.40837e+02
 Pres. DC (bar) Pressure (bar)   Constr. rmsd
   -1.87192e+02    3.14750e+01    3.22854e-06


DD  step 313999 load imb.: force 16.6%
           Step           Time
         314000      628.00000

   Energies (kJ/mol)
           Bond          Angle    Proper Dih. Per. Imp. Dih.          LJ-14
    2.08092e+02    3.31615e+02    3.74116e+02    2.56127e+01    1.72221e+02
     Coulomb-14        LJ (SR)  Disper. corr.   Coulomb (SR)   Coul. recip.
    2.34563e+03    2.41287e+04   -1.40738e+03   -1.87820e+05    1.32809e+03
      Potential    Kinetic En.   Total Energy  Conserved En.    Temperature
   -1.60314e+05    3.43180e+04   -1.25996e+05   -1.49334e+05    3.39015e+02
 Pres. DC (bar) Pressure (bar)   Constr. rmsd
   -1.87192e+02    7.09345e+02    2.56822e-06


DD  step 314999 load imb.: force 14.2%
           Step           Time
         315000      630.00000

   Energies (kJ/mol)
           Bond          Angle    Proper Dih. Per. Imp. Dih.          LJ-14
    1.33681e+02    3.76364e+02    4.08244e+02    1.49723e+01    1.73530e+02
     Coulomb-14        LJ (SR)  Disper. corr.   Coulomb (SR)   Coul. recip.
    2.27246e+03    2.31657e+04   -1.40738e+03   -1.87245e+05    1.33309e+03
      Potential    Kinetic En.   Total Energy  Conserved En.    Temperature
   -1.60775e+05    3.41217e+04   -1.26653e+05   -1.49332e+05    3.37076e+02
 Pres. DC (bar) Pressure (bar)   Constr. rmsd
   -1.87192e+02    3.99958e+02    2.16321e-06


DD  step 315999 load imb.: force 12.6%
           Step           Time
         316000      632.00000

   Energies (kJ/mol)
           Bond          Angle    Proper Dih. Per. Imp. Dih.          LJ-14
    1.36010e+02    2.98757e+02    3.53327e+02    2.13116e+01    1.93861e+02
     Coulomb-14        LJ (SR)  Disper. corr.   Coulomb (SR)   Coul. recip.
    2.36218e+03    2.36922e+04   -1.40738e+03   -1.88292e+05    1.29679e+03
      Potential    Kinetic En.   Total Energy  Conserved En.    Temperature
   -1.61345e+05    3.44671e+04   -1.26878e+05   -1.49336e+05    3.40488e+02
 Pres. DC (bar) Pressure (bar)   Constr. rmsd
   -1.87192e+02    5.17725e+02    3.34097e-06


DD  step 316999 load imb.: force 15.3%
           Step           Time
         317000      634.00000

   Energies (kJ/mol)
           Bond          Angle    Proper Dih. Per. Imp. Dih.          LJ-14
    1.51432e+02    3.49975e+02    4.00253e+02    2.50782e+01    1.71460e+02
     Coulomb-14        LJ (SR)  Disper. corr.   Coulomb (SR)   Coul. recip.
    2.35263e+03    2.40877e+04   -1.40738e+03   -1.88421e+05    1.34966e+03
      Potential    Kinetic En.   Total Energy  Conserved En.    Temperature
   -1.60940e+05    3.45817e+04   -1.26358e+05   -1.49335e+05    3.41620e+02
 Pres. DC (bar) Pressure (bar)   Constr. rmsd
   -1.87192e+02    6.44423e+02    2.71962e-06


DD  step 317999 load imb.: force 13.8%
           Step           Time
         318000      636.00000

   Energies (kJ/mol)
           Bond          Angle    Proper Dih. Per. Imp. Dih.          LJ-14
    1.37484e+02    3.36143e+02    3.44948e+02    3.12666e+01    1.85879e+02
     Coulomb-14        LJ (SR)  Disper. corr.   Coulomb (SR)   Coul. recip.
    2.34861e+03    2.28461e+04   -1.40738e+03   -1.87102e+05    1.34985e+03
      Potential    Kinetic En.   Total Energy  Conserved En.    Temperature
   -1.60929e+05    3.45345e+04   -1.26394e+05   -1.49337e+05    3.41154e+02
 Pres. DC (bar) Pressure (bar)   Constr. rmsd
   -1.87192e+02    2.50132e+02    2.95824e-06


DD  step 318999 load imb.: force 13.1%
           Step           Time
         319000      638.00000

   Energies (kJ/mol)
           Bond          Angle    Proper Dih. Per. Imp. Dih.          LJ-14
    1.60494e+02    3.90819e+02    3.64648e+02    2.30864e+01    1.82198e+02
     Coulomb-14        LJ (SR)  Disper. corr.   Coulomb (SR)   Coul. recip.
    2.34022e+03    2.35682e+04   -1.40738e+03   -1.88237e+05    1.31377e+03
      Potential    Kinetic En.   Total Energy  Conserved En.    Temperature
   -1.61301e+05    3.42755e+04   -1.27025e+05   -1.49324e+05    3.38595e+02
 Pres. DC (bar) Pressure (bar)   Constr. rmsd
   -1.87192e+02    3.58284e+02    1.72089e-06


DD  step 319999 load imb.: force 17.1%
           Step           Time
         320000      640.00000

   Energies (kJ/mol)
           Bond          Angle    Proper Dih. Per. Imp. Dih.          LJ-14
    1.47032e+02    3.15481e+02    3.79254e+02    2.42690e+01    1.96401e+02
     Coulomb-14        LJ (SR)  Disper. corr.   Coulomb (SR)   Coul. recip.
    2.34963e+03    2.37191e+04   -1.40738e+03   -1.88358e+05    1.31626e+03
      Potential    Kinetic En.   Total Energy  Conserved En.    Temperature
   -1.61318e+05    3.43346e+04   -1.26983e+05   -1.49339e+05    3.39179e+02
 Pres. DC (bar) Pressure (bar)   Constr. rmsd
   -1.87192e+02    5.45652e+02    3.01217e-06


DD  step 320999 load imb.: force 12.3%
           Step           Time
         321000      642.00000

   Energies (kJ/mol)
           Bond          Angle    Proper Dih. Per. Imp. Dih.          LJ-14
    1.49238e+02    3.15251e+02    3.75357e+02    2.06469e+01    2.08523e+02
     Coulomb-14        LJ (SR)  Disper. corr.   Coulomb (SR)   Coul. recip.
    2.40455e+03    2.35973e+04   -1.40738e+03   -1.88180e+05    1.30949e+03
      Potential    Kinetic En.   Total Energy  Conserved En.    Temperature
   -1.61207e+05    3.42861e+04   -1.26921e+05   -1.49328e+05    3.38699e+02
 Pres. DC (bar) Pressure (bar)   Constr. rmsd
   -1.87192e+02    5.61649e+02    2.33880e-06


DD  step 321999 load imb.: force 13.6%
           Step           Time
         322000      644.00000

   Energies (kJ/mol)
           Bond          Angle    Proper Dih. Per. Imp. Dih.          LJ-14
    1.53751e+02    3.55708e+02    3.77445e+02    1.57890e+01    1.78450e+02
     Coulomb-14        LJ (SR)  Disper. corr.   Coulomb (SR)   Coul. recip.
    2.31000e+03    2.34535e+04   -1.40738e+03   -1.87632e+05    1.30054e+03
      Potential    Kinetic En.   Total Energy  Conserved En.    Temperature
   -1.60895e+05    3.49992e+04   -1.25895e+05   -1.49335e+05    3.45744e+02
 Pres. DC (bar) Pressure (bar)   Constr. rmsd
   -1.87192e+02    4.42875e+02    5.41592e-06


DD  step 322999 load imb.: force 14.0%
           Step           Time
         323000      646.00000

   Energies (kJ/mol)
           Bond          Angle    Proper Dih. Per. Imp. Dih.          LJ-14
    1.45889e+02    3.02703e+02    3.61293e+02    1.71931e+01    1.96619e+02
     Coulomb-14        LJ (SR)  Disper. corr.   Coulomb (SR)   Coul. recip.
    2.33492e+03    2.31533e+04   -1.40738e+03   -1.87579e+05    1.34494e+03
      Potential    Kinetic En.   Total Energy  Conserved En.    Temperature
   -1.61130e+05    3.45805e+04   -1.26549e+05   -1.49335e+05    3.41608e+02
 Pres. DC (bar) Pressure (bar)   Constr. rmsd
   -1.87192e+02    2.70245e+02    2.13256e-06


DD  step 323999 load imb.: force 24.4%
           Step           Time
         324000      648.00000

   Energies (kJ/mol)
           Bond          Angle    Proper Dih. Per. Imp. Dih.          LJ-14
    1.63082e+02    3.33896e+02    3.61434e+02    2.41470e+01    1.89331e+02
     Coulomb-14        LJ (SR)  Disper. corr.   Coulomb (SR)   Coul. recip.
    2.35617e+03    2.35138e+04   -1.40738e+03   -1.87575e+05    1.31196e+03
      Potential    Kinetic En.   Total Energy  Conserved En.    Temperature
   -1.60729e+05    3.50033e+04   -1.25726e+05   -1.49327e+05    3.45785e+02
 Pres. DC (bar) Pressure (bar)   Constr. rmsd
   -1.87192e+02    5.85720e+02    3.33317e-06


DD  step 324999 load imb.: force 23.0%
           Step           Time
         325000      650.00000

   Energies (kJ/mol)
           Bond          Angle    Proper Dih. Per. Imp. Dih.          LJ-14
    1.65497e+02    3.48190e+02    3.38864e+02    2.36903e+01    1.79103e+02
     Coulomb-14        LJ (SR)  Disper. corr.   Coulomb (SR)   Coul. recip.
    2.37032e+03    2.26672e+04   -1.40738e+03   -1.86627e+05    1.39110e+03
      Potential    Kinetic En.   Total Energy  Conserved En.    Temperature
   -1.60550e+05    3.39923e+04   -1.26558e+05   -1.49323e+05    3.35797e+02
 Pres. DC (bar) Pressure (bar)   Constr. rmsd
   -1.87192e+02    9.60012e+01    1.94108e-06


DD  step 325999 load imb.: force 19.5%
           Step           Time
         326000      652.00000

   Energies (kJ/mol)
           Bond          Angle    Proper Dih. Per. Imp. Dih.          LJ-14
    1.38671e+02    2.67782e+02    4.02818e+02    2.01711e+01    1.80978e+02
     Coulomb-14        LJ (SR)  Disper. corr.   Coulomb (SR)   Coul. recip.
    2.37391e+03    2.33694e+04   -1.40738e+03   -1.88163e+05    1.27733e+03
      Potential    Kinetic En.   Total Energy  Conserved En.    Temperature
   -1.61539e+05    3.42836e+04   -1.27256e+05   -1.49331e+05    3.38675e+02
 Pres. DC (bar) Pressure (bar)   Constr. rmsd
   -1.87192e+02    3.33082e+02    3.42530e-06


DD  step 326999 load imb.: force 20.7%
           Step           Time
         327000      654.00000

   Energies (kJ/mol)
           Bond          Angle    Proper Dih. Per. Imp. Dih.          LJ-14
    1.34856e+02    3.06024e+02    3.75090e+02    1.99909e+01    1.65713e+02
     Coulomb-14        LJ (SR)  Disper. corr.   Coulomb (SR)   Coul. recip.
    2.35127e+03    2.32126e+04   -1.40738e+03   -1.87998e+05    1.31525e+03
      Potential    Kinetic En.   Total Energy  Conserved En.    Temperature
   -1.61525e+05    3.38581e+04   -1.27667e+05   -1.49327e+05    3.34472e+02
 Pres. DC (bar) Pressure (bar)   Constr. rmsd
   -1.87192e+02    1.98367e+02    2.33875e-06


DD  step 327999 load imb.: force 15.3%
           Step           Time
         328000      656.00000

   Energies (kJ/mol)
           Bond          Angle    Proper Dih. Per. Imp. Dih.          LJ-14
    1.64309e+02    3.28401e+02    3.72732e+02    2.09257e+01    1.94877e+02
     Coulomb-14        LJ (SR)  Disper. corr.   Coulomb (SR)   Coul. recip.
    2.36225e+03    2.33132e+04   -1.40738e+03   -1.88392e+05    1.27606e+03
      Potential    Kinetic En.   Total Energy  Conserved En.    Temperature
   -1.61766e+05    3.43088e+04   -1.27457e+05   -1.49317e+05    3.38924e+02
 Pres. DC (bar) Pressure (bar)   Constr. rmsd
   -1.87192e+02    1.80000e+02    1.52097e-06


DD  step 328999 load imb.: force 13.9%
           Step           Time
         329000      658.00000

   Energies (kJ/mol)
           Bond          Angle    Proper Dih. Per. Imp. Dih.          LJ-14
    1.54568e+02    3.19513e+02    3.61825e+02    1.44849e+01    1.93183e+02
     Coulomb-14        LJ (SR)  Disper. corr.   Coulomb (SR)   Coul. recip.
    2.38821e+03    2.40129e+04   -1.40738e+03   -1.88738e+05    1.33752e+03
      Potential    Kinetic En.   Total Energy  Conserved En.    Temperature
   -1.61363e+05    3.44247e+04   -1.26938e+05   -1.49320e+05    3.40069e+02
 Pres. DC (bar) Pressure (bar)   Constr. rmsd
   -1.87192e+02    5.28724e+02    2.03147e-06


DD  step 329999 load imb.: force 12.9%
           Step           Time
         330000      660.00000

   Energies (kJ/mol)
           Bond          Angle    Proper Dih. Per. Imp. Dih.          LJ-14
    1.46919e+02    3.21133e+02    3.84510e+02    2.11751e+01    1.86551e+02
     Coulomb-14        LJ (SR)  Disper. corr.   Coulomb (SR)   Coul. recip.
    2.34774e+03    2.40003e+04   -1.40738e+03   -1.88799e+05    1.31389e+03
      Potential    Kinetic En.   Total Energy  Conserved En.    Temperature
   -1.61484e+05    3.41951e+04   -1.27289e+05   -1.49315e+05    3.37801e+02
 Pres. DC (bar) Pressure (bar)   Constr. rmsd
   -1.87192e+02    5.00881e+02    3.31509e-06


DD  step 330999 load imb.: force 13.6%
           Step           Time
         331000      662.00000

   Energies (kJ/mol)
           Bond          Angle    Proper Dih. Per. Imp. Dih.          LJ-14
    1.22714e+02    3.42512e+02    3.72648e+02    1.82063e+01    1.76027e+02
     Coulomb-14        LJ (SR)  Disper. corr.   Coulomb (SR)   Coul. recip.
    2.40141e+03    2.32605e+04   -1.40738e+03   -1.88074e+05    1.25133e+03
      Potential    Kinetic En.   Total Energy  Conserved En.    Temperature
   -1.61536e+05    3.43731e+04   -1.27163e+05   -1.49320e+05    3.39559e+02
 Pres. DC (bar) Pressure (bar)   Constr. rmsd
   -1.87192e+02    2.70868e+02    2.05139e-06


DD  step 331999 load imb.: force 17.9%
           Step           Time
         332000      664.00000

   Energies (kJ/mol)
           Bond          Angle    Proper Dih. Per. Imp. Dih.          LJ-14
    1.41468e+02    3.65310e+02    3.93206e+02    1.72273e+01    1.69389e+02
     Coulomb-14        LJ (SR)  Disper. corr.   Coulomb (SR)   Coul. recip.
    2.35922e+03    2.35920e+04   -1.40738e+03   -1.87903e+05    1.35597e+03
      Potential    Kinetic En.   Total Energy  Conserved En.    Temperature
   -1.60916e+05    3.41510e+04   -1.26765e+05   -1.49319e+05    3.37366e+02
 Pres. DC (bar) Pressure (bar)   Constr. rmsd
   -1.87192e+02    4.50396e+02    2.61437e-06


DD  step 332999 load imb.: force 13.6%
           Step           Time
         333000      666.00000

   Energies (kJ/mol)
           Bond          Angle    Proper Dih. Per. Imp. Dih.          LJ-14
    1.41574e+02    3.05746e+02    3.61427e+02    2.35230e+01    2.01648e+02
     Coulomb-14        LJ (SR)  Disper. corr.   Coulomb (SR)   Coul. recip.
    2.35559e+03    2.37755e+04   -1.40738e+03   -1.88210e+05    1.29667e+03
      Potential    Kinetic En.   Total Energy  Conserved En.    Temperature
   -1.61156e+05    3.43042e+04   -1.26852e+05   -1.49316e+05    3.38879e+02
 Pres. DC (bar) Pressure (bar)   Constr. rmsd
   -1.87192e+02    4.98347e+02    1.87106e-06


DD  step 333999 load imb.: force 15.4%
           Step           Time
         334000      668.00000

   Energies (kJ/mol)
           Bond          Angle    Proper Dih. Per. Imp. Dih.          LJ-14
    1.55720e+02    2.69195e+02    3.74311e+02    1.40556e+01    1.72484e+02
     Coulomb-14        LJ (SR)  Disper. corr.   Coulomb (SR)   Coul. recip.
    2.41673e+03    2.35481e+04   -1.40738e+03   -1.87799e+05    1.34630e+03
      Potential    Kinetic En.   Total Energy  Conserved En.    Temperature
   -1.60909e+05    3.46559e+04   -1.26253e+05   -1.49313e+05    3.42352e+02
 Pres. DC (bar) Pressure (bar)   Constr. rmsd
   -1.87192e+02    3.43207e+02    1.63043e-06


DD  step 334999 load imb.: force 25.1%
           Step           Time
         335000      670.00000

   Energies (kJ/mol)
           Bond          Angle    Proper Dih. Per. Imp. Dih.          LJ-14
    1.72922e+02    3.66565e+02    3.50165e+02    2.22635e+01    1.86051e+02
     Coulomb-14        LJ (SR)  Disper. corr.   Coulomb (SR)   Coul. recip.
    2.33515e+03    2.28329e+04   -1.40738e+03   -1.87311e+05    1.30612e+03
      Potential    Kinetic En.   Total Energy  Conserved En.    Temperature
   -1.61146e+05    3.52308e+04   -1.25916e+05   -1.49314e+05    3.48032e+02
 Pres. DC (bar) Pressure (bar)   Constr. rmsd
   -1.87192e+02    1.80316e+02    2.25888e-06


DD  step 335999 load imb.: force 40.2%
           Step           Time
         336000      672.00000

   Energies (kJ/mol)
           Bond          Angle    Proper Dih. Per. Imp. Dih.          LJ-14
    1.36440e+02    3.31603e+02    3.66445e+02    1.47133e+01    1.89431e+02
     Coulomb-14        LJ (SR)  Disper. corr.   Coulomb (SR)   Coul. recip.
    2.36906e+03    2.33386e+04   -1.40738e+03   -1.88072e+05    1.38130e+03
      Potential    Kinetic En.   Total Energy  Conserved En.    Temperature
   -1.61352e+05    3.47445e+04   -1.26607e+05   -1.49322e+05    3.43228e+02
 Pres. DC (bar) Pressure (bar)   Constr. rmsd
   -1.87192e+02    2.58586e+02    2.96860e-06


DD  step 336999 load imb.: force 15.5%
           Step           Time
         337000      674.00000

   Energies (kJ/mol)
           Bond          Angle    Proper Dih. Per. Imp. Dih.          LJ-14
    1.17211e+02    3.26602e+02    4.06536e+02    1.70376e+01    1.69928e+02
     Coulomb-14        LJ (SR)  Disper. corr.   Coulomb (SR)   Coul. recip.
    2.39810e+03    2.38819e+04   -1.40738e+03   -1.88724e+05    1.35503e+03
      Potential    Kinetic En.   Total Energy  Conserved En.    Temperature
   -1.61459e+05    3.41320e+04   -1.27327e+05   -1.49310e+05    3.37177e+02
 Pres. DC (bar) Pressure (bar)   Constr. rmsd
   -1.87192e+02    5.32699e+02    1.46739e-06


DD  step 337999 load imb.: force 17.4%
           Step           Time
         338000      676.00000

   Energies (kJ/mol)
           Bond          Angle    Proper Dih. Per. Imp. Dih.          LJ-14
    1.76500e+02    3.16898e+02    3.53007e+02    1.66570e+01    1.62234e+02
     Coulomb-14        LJ (SR)  Disper. corr.   Coulomb (SR)   Coul. recip.
    2.33387e+03    2.37610e+04   -1.40738e+03   -1.88255e+05    1.31903e+03
      Potential    Kinetic En.   Total Energy  Conserved En.    Temperature
   -1.61224e+05    3.49619e+04   -1.26262e+05   -1.49310e+05    3.45376e+02
 Pres. DC (bar) Pressure (bar)   Constr. rmsd
   -1.87192e+02    4.67056e+02    5.67440e-06


DD  step 338999 load imb.: force 16.0%
           Step           Time
         339000      678.00000

   Energies (kJ/mol)
           Bond          Angle    Proper Dih. Per. Imp. Dih.          LJ-14
    1.63125e+02    3.37021e+02    4.14330e+02    1.42462e+01    1.99914e+02
     Coulomb-14        LJ (SR)  Disper. corr.   Coulomb (SR)   Coul. recip.
    2.35381e+03    2.43880e+04   -1.40738e+03   -1.87733e+05    1.35423e+03
      Potential    Kinetic En.   Total Energy  Conserved En.    Temperature
   -1.59916e+05    3.44746e+04   -1.25441e+05   -1.49305e+05    3.40562e+02
 Pres. DC (bar) Pressure (bar)   Constr. rmsd
   -1.87192e+02    9.55745e+02    1.79400e-06


DD  step 339999 load imb.: force 14.8%
           Step           Time
         340000      680.00000

   Energies (kJ/mol)
           Bond          Angle    Proper Dih. Per. Imp. Dih.          LJ-14
    1.45221e+02    3.18408e+02    3.90707e+02    2.83335e+01    1.78581e+02
     Coulomb-14        LJ (SR)  Disper. corr.   Coulomb (SR)   Coul. recip.
    2.36878e+03    2.31885e+04   -1.40738e+03   -1.87453e+05    1.30936e+03
      Potential    Kinetic En.   Total Energy  Conserved En.    Temperature
   -1.60933e+05    3.47975e+04   -1.26135e+05   -1.49303e+05    3.43752e+02
 Pres. DC (bar) Pressure (bar)   Constr. rmsd
   -1.87192e+02    3.64243e+02    3.03737e-06


DD  step 340999 load imb.: force 12.1%
           Step           Time
         341000      682.00000

   Energies (kJ/mol)
           Bond          Angle    Proper Dih. Per. Imp. Dih.          LJ-14
    1.68105e+02    3.42694e+02    3.73692e+02    1.32873e+01    1.84202e+02
     Coulomb-14        LJ (SR)  Disper. corr.   Coulomb (SR)   Coul. recip.
    2.36445e+03    2.35917e+04   -1.40738e+03   -1.87745e+05    1.34946e+03
      Potential    Kinetic En.   Total Energy  Conserved En.    Temperature
   -1.60765e+05    3.47322e+04   -1.26033e+05   -1.49301e+05    3.43107e+02
 Pres. DC (bar) Pressure (bar)   Constr. rmsd
   -1.87192e+02    5.15936e+02    2.02498e-06


DD  step 341999 load imb.: force 24.5%
           Step           Time
         342000      684.00000

   Energies (kJ/mol)
           Bond          Angle    Proper Dih. Per. Imp. Dih.          LJ-14
    1.25631e+02    2.86241e+02    4.13803e+02    2.62198e+01    1.73128e+02
     Coulomb-14        LJ (SR)  Disper. corr.   Coulomb (SR)   Coul. recip.
    2.33799e+03    2.37304e+04   -1.40738e+03   -1.88544e+05    1.34225e+03
      Potential    Kinetic En.   Total Energy  Conserved En.    Temperature
   -1.61515e+05    3.46152e+04   -1.26900e+05   -1.49309e+05    3.41951e+02
 Pres. DC (bar) Pressure (bar)   Constr. rmsd
   -1.87192e+02    4.14489e+02    2.23654e-06


DD  step 342999 load imb.: force 23.3%
           Step           Time
         343000      686.00000

   Energies (kJ/mol)
           Bond          Angle    Proper Dih. Per. Imp. Dih.          LJ-14
    1.72334e+02    3.12773e+02    3.65084e+02    2.65524e+01    1.67113e+02
     Coulomb-14        LJ (SR)  Disper. corr.   Coulomb (SR)   Coul. recip.
    2.32915e+03    2.35820e+04   -1.40738e+03   -1.87521e+05    1.34801e+03
      Potential    Kinetic En.   Total Energy  Conserved En.    Temperature
   -1.60626e+05    3.43590e+04   -1.26267e+05   -1.49298e+05    3.39419e+02
 Pres. DC (bar) Pressure (bar)   Constr. rmsd
   -1.87192e+02    4.36554e+02    2.15094e-06


DD  step 343999 load imb.: force 27.4%
           Step           Time
         344000      688.00000

   Energies (kJ/mol)
           Bond          Angle    Proper Dih. Per. Imp. Dih.          LJ-14
    1.43463e+02    3.80581e+02    3.92924e+02    2.61404e+01    1.79890e+02
     Coulomb-14        LJ (SR)  Disper. corr.   Coulomb (SR)   Coul. recip.
    2.36151e+03    2.28344e+04   -1.40738e+03   -1.87198e+05    1.29932e+03
      Potential    Kinetic En.   Total Energy  Conserved En.    Temperature
   -1.60987e+05    3.45791e+04   -1.26408e+05   -1.49305e+05    3.41594e+02
 Pres. DC (bar) Pressure (bar)   Constr. rmsd
   -1.87192e+02    1.19287e+02    5.07354e-06


DD  step 344999 load imb.: force 16.7%
           Step           Time
         345000      690.00000

   Energies (kJ/mol)
           Bond          Angle    Proper Dih. Per. Imp. Dih.          LJ-14
    1.55604e+02    3.35724e+02    3.48892e+02    2.26409e+01    1.61124e+02
     Coulomb-14        LJ (SR)  Disper. corr.   Coulomb (SR)   Coul. recip.
    2.34696e+03    2.31295e+04   -1.40738e+03   -1.87583e+05    1.28625e+03
      Potential    Kinetic En.   Total Energy  Conserved En.    Temperature
   -1.61204e+05    3.47518e+04   -1.26452e+05   -1.49308e+05    3.43300e+02
 Pres. DC (bar) Pressure (bar)   Constr. rmsd
   -1.87192e+02    1.37017e+02    2.16826e-06


DD  step 345999 load imb.: force 18.4%
           Step           Time
         346000      692.00000

   Energies (kJ/mol)
           Bond          Angle    Proper Dih. Per. Imp. Dih.          LJ-14
    1.62379e+02    3.59519e+02    3.83445e+02    2.92940e+01    1.74914e+02
     Coulomb-14        LJ (SR)  Disper. corr.   Coulomb (SR)   Coul. recip.
    2.39022e+03    2.34071e+04   -1.40738e+03   -1.87099e+05    1.44611e+03
      Potential    Kinetic En.   Total Energy  Conserved En.    Temperature
   -1.60154e+05    3.45010e+04   -1.25653e+05   -1.49296e+05    3.40823e+02
 Pres. DC (bar) Pressure (bar)   Constr. rmsd
   -1.87192e+02    5.54526e+02    2.97378e-06


DD  step 346999 load imb.: force 19.3%
           Step           Time
         347000      694.00000

   Energies (kJ/mol)
           Bond          Angle    Proper Dih. Per. Imp. Dih.          LJ-14
    1.53161e+02    3.40019e+02    3.58162e+02    1.41475e+01    1.78859e+02
     Coulomb-14        LJ (SR)  Disper. corr.   Coulomb (SR)   Coul. recip.
    2.36944e+03    2.35518e+04   -1.40738e+03   -1.87827e+05    1.30102e+03
      Potential    Kinetic En.   Total Energy  Conserved En.    Temperature
   -1.60968e+05    3.45589e+04   -1.26409e+05   -1.49292e+05    3.41395e+02
 Pres. DC (bar) Pressure (bar)   Constr. rmsd
   -1.87192e+02    4.35140e+02    6.18309e-06


DD  step 347999 load imb.: force 17.7%
           Step           Time
         348000      696.00000

   Energies (kJ/mol)
           Bond          Angle    Proper Dih. Per. Imp. Dih.          LJ-14
    1.31738e+02    2.94252e+02    3.77680e+02    1.34555e+01    1.81462e+02
     Coulomb-14        LJ (SR)  Disper. corr.   Coulomb (SR)   Coul. recip.
    2.36750e+03    2.37548e+04   -1.40738e+03   -1.88795e+05    1.34441e+03
      Potential    Kinetic En.   Total Energy  Conserved En.    Temperature
   -1.61737e+05    3.45729e+04   -1.27164e+05   -1.49305e+05    3.41533e+02
 Pres. DC (bar) Pressure (bar)   Constr. rmsd
   -1.87192e+02    4.14610e+02    3.09063e-06


DD  step 348999 load imb.: force 17.0%
           Step           Time
         349000      698.00000

   Energies (kJ/mol)
           Bond          Angle    Proper Dih. Per. Imp. Dih.          LJ-14
    1.26973e+02    3.12347e+02    3.63056e+02    1.01141e+01    1.76217e+02
     Coulomb-14        LJ (SR)  Disper. corr.   Coulomb (SR)   Coul. recip.
    2.34390e+03    2.40799e+04   -1.40738e+03   -1.89498e+05    1.26984e+03
      Potential    Kinetic En.   Total Energy  Conserved En.    Temperature
   -1.62223e+05    3.36926e+04   -1.28530e+05   -1.49293e+05    3.32837e+02
 Pres. DC (bar) Pressure (bar)   Constr. rmsd
   -1.87192e+02    4.02638e+02    2.39451e-06


DD  step 349999 load imb.: force 19.4%
           Step           Time
         350000      700.00000

   Energies (kJ/mol)
           Bond          Angle    Proper Dih. Per. Imp. Dih.          LJ-14
    1.36690e+02    2.83733e+02    3.80870e+02    2.64213e+01    1.65187e+02
     Coulomb-14        LJ (SR)  Disper. corr.   Coulomb (SR)   Coul. recip.
    2.38219e+03    2.35456e+04   -1.40738e+03   -1.89033e+05    1.23806e+03
      Potential    Kinetic En.   Total Energy  Conserved En.    Temperature
   -1.62282e+05    3.44314e+04   -1.27851e+05   -1.49302e+05    3.40135e+02
 Pres. DC (bar) Pressure (bar)   Constr. rmsd
   -1.87192e+02    1.35700e+02    2.69206e-06


DD  step 350999 load imb.: force 18.4%
           Step           Time
         351000      702.00000

   Energies (kJ/mol)
           Bond          Angle    Proper Dih. Per. Imp. Dih.          LJ-14
    1.71957e+02    3.78015e+02    3.55909e+02    1.36722e+01    1.93773e+02
     Coulomb-14        LJ (SR)  Disper. corr.   Coulomb (SR)   Coul. recip.
    2.29181e+03    2.36585e+04   -1.40738e+03   -1.88297e+05    1.32931e+03
      Potential    Kinetic En.   Total Energy  Conserved En.    Temperature
   -1.61312e+05    3.41650e+04   -1.27147e+05   -1.49293e+05    3.37503e+02
 Pres. DC (bar) Pressure (bar)   Constr. rmsd
   -1.87192e+02    5.12487e+02    2.86576e-06


DD  step 351999 load imb.: force 17.7%
           Step           Time
         352000      704.00000

   Energies (kJ/mol)
           Bond          Angle    Proper Dih. Per. Imp. Dih.          LJ-14
    8.94420e+01    2.51531e+02    3.88183e+02    1.19329e+01    1.86913e+02
     Coulomb-14        LJ (SR)  Disper. corr.   Coulomb (SR)   Coul. recip.
    2.35723e+03    2.38564e+04   -1.40738e+03   -1.88120e+05    1.33597e+03
      Potential    Kinetic En.   Total Energy  Conserved En.    Temperature
   -1.61050e+05    3.42429e+04   -1.26807e+05   -1.49307e+05    3.38273e+02
 Pres. DC (bar) Pressure (bar)   Constr. rmsd
   -1.87192e+02    7.44401e+02    1.87226e-06


DD  step 352999 load imb.: force 20.9%
           Step           Time
         353000      706.00000

   Energies (kJ/mol)
           Bond          Angle    Proper Dih. Per. Imp. Dih.          LJ-14
    1.24004e+02    3.39177e+02    3.54497e+02    1.35012e+01    1.94845e+02
     Coulomb-14        LJ (SR)  Disper. corr.   Coulomb (SR)   Coul. recip.
    2.34565e+03    2.35417e+04   -1.40738e+03   -1.88434e+05    1.25252e+03
      Potential    Kinetic En.   Total Energy  Conserved En.    Temperature
   -1.61675e+05    3.50496e+04   -1.26626e+05   -1.49304e+05    3.46242e+02
 Pres. DC (bar) Pressure (bar)   Constr. rmsd
   -1.87192e+02    5.14716e+02    1.64737e-06


DD  step 353999 load imb.: force 17.2%
           Step           Time
         354000      708.00000

   Energies (kJ/mol)
           Bond          Angle    Proper Dih. Per. Imp. Dih.          LJ-14
    1.80030e+02    3.90465e+02    3.82623e+02    2.53007e+01    1.87677e+02
     Coulomb-14        LJ (SR)  Disper. corr.   Coulomb (SR)   Coul. recip.
    2.32234e+03    2.45983e+04   -1.40738e+03   -1.89061e+05    1.31946e+03
      Potential    Kinetic En.   Total Energy  Conserved En.    Temperature
   -1.61062e+05    3.48194e+04   -1.26243e+05   -1.49285e+05    3.43968e+02
 Pres. DC (bar) Pressure (bar)   Constr. rmsd
   -1.87192e+02    8.96797e+02    2.34341e-06


DD  step 354999 load imb.: force 18.1%
           Step           Time
         355000      710.00000

   Energies (kJ/mol)
           Bond          Angle    Proper Dih. Per. Imp. Dih.          LJ-14
    1.51698e+02    3.57668e+02    3.56842e+02    2.28526e+01    1.91186e+02
     Coulomb-14        LJ (SR)  Disper. corr.   Coulomb (SR)   Coul. recip.
    2.35706e+03    2.25078e+04   -1.40738e+03   -1.86420e+05    1.37334e+03
      Potential    Kinetic En.   Total Energy  Conserved En.    Temperature
   -1.60509e+05    3.44482e+04   -1.26061e+05   -1.49287e+05    3.40301e+02
 Pres. DC (bar) Pressure (bar)   Constr. rmsd
   -1.87192e+02    1.04105e+02    3.46703e-06


DD  step 355999 load imb.: force 20.0%
           Step           Time
         356000      712.00000

   Energies (kJ/mol)
           Bond          Angle    Proper Dih. Per. Imp. Dih.          LJ-14
    1.39354e+02    3.53704e+02    4.06664e+02    3.47047e+01    1.72001e+02
     Coulomb-14        LJ (SR)  Disper. corr.   Coulomb (SR)   Coul. recip.
    2.37412e+03    2.34206e+04   -1.40738e+03   -1.87626e+05    1.28674e+03
      Potential    Kinetic En.   Total Energy  Conserved En.    Temperature
   -1.60845e+05    3.43938e+04   -1.26451e+05   -1.49287e+05    3.39763e+02
 Pres. DC (bar) Pressure (bar)   Constr. rmsd
   -1.87192e+02    4.08308e+02    2.37324e-06


DD  step 356999 load imb.: force 21.3%
           Step           Time
         357000      714.00000

   Energies (kJ/mol)
           Bond          Angle    Proper Dih. Per. Imp. Dih.          LJ-14
    1.70785e+02    3.46500e+02    3.82717e+02    8.97152e+00    1.78810e+02
     Coulomb-14        LJ (SR)  Disper. corr.   Coulomb (SR)   Coul. recip.
    2.34050e+03    2.28107e+04   -1.40738e+03   -1.86844e+05    1.36022e+03
      Potential    Kinetic En.   Total Energy  Conserved En.    Temperature
   -1.60652e+05    3.47665e+04   -1.25886e+05   -1.49279e+05    3.43445e+02
 Pres. DC (bar) Pressure (bar)   Constr. rmsd
   -1.87192e+02    2.20855e+02    2.51964e-06


DD  step 357999 load imb.: force 18.3%
           Step           Time
         358000      716.00000

   Energies (kJ/mol)
           Bond          Angle    Proper Dih. Per. Imp. Dih.          LJ-14
    1.62017e+02    3.55454e+02    3.76280e+02    2.46189e+01    1.64845e+02
     Coulomb-14        LJ (SR)  Disper. corr.   Coulomb (SR)   Coul. recip.
    2.36733e+03    2.31540e+04   -1.40738e+03   -1.87638e+05    1.34629e+03
      Potential    Kinetic En.   Total Energy  Conserved En.    Temperature
   -1.61095e+05    3.48311e+04   -1.26264e+05   -1.49290e+05    3.44084e+02
 Pres. DC (bar) Pressure (bar)   Constr. rmsd
   -1.87192e+02    3.33488e+02    3.36405e-06


DD  step 358999 load imb.: force 22.9%
           Step           Time
         359000      718.00000

   Energies (kJ/mol)
           Bond          Angle    Proper Dih. Per. Imp. Dih.          LJ-14
    1.44959e+02    3.36129e+02    3.78359e+02    1.45566e+01    1.61217e+02
     Coulomb-14        LJ (SR)  Disper. corr.   Coulomb (SR)   Coul. recip.
    2.35968e+03    2.32734e+04   -1.40738e+03   -1.87751e+05    1.34435e+03
      Potential    Kinetic En.   Total Energy  Conserved En.    Temperature
   -1.61146e+05    3.47277e+04   -1.26418e+05   -1.49283e+05    3.43063e+02
 Pres. DC (bar) Pressure (bar)   Constr. rmsd
   -1.87192e+02    3.35878e+02    1.78781e-06


DD  step 359999 load imb.: force 24.6%
           Step           Time
         360000      720.00000

   Energies (kJ/mol)
           Bond          Angle    Proper Dih. Per. Imp. Dih.          LJ-14
    1.47150e+02    3.20309e+02    3.83093e+02    2.37629e+01    1.72085e+02
     Coulomb-14        LJ (SR)  Disper. corr.   Coulomb (SR)   Coul. recip.
    2.38283e+03    2.37265e+04   -1.40738e+03   -1.88161e+05    1.32854e+03
      Potential    Kinetic En.   Total Energy  Conserved En.    Temperature
   -1.61084e+05    3.44604e+04   -1.26623e+05   -1.49275e+05    3.40421e+02
 Pres. DC (bar) Pressure (bar)   Constr. rmsd
   -1.87192e+02    3.72986e+02    3.75213e-06


DD  step 360999 load imb.: force 30.5%
           Step           Time
         361000      722.00000

   Energies (kJ/mol)
           Bond          Angle    Proper Dih. Per. Imp. Dih.          LJ-14
    1.75554e+02    2.83421e+02    3.91473e+02    1.80116e+01    1.74389e+02
     Coulomb-14        LJ (SR)  Disper. corr.   Coulomb (SR)   Coul. recip.
    2.37923e+03    2.35162e+04   -1.40738e+03   -1.87972e+05    1.31841e+03
      Potential    Kinetic En.   Total Energy  Conserved En.    Temperature
   -1.61122e+05    3.42540e+04   -1.26868e+05   -1.49274e+05    3.38383e+02
 Pres. DC (bar) Pressure (bar)   Constr. rmsd
   -1.87192e+02    3.00233e+02    4.02669e-06


DD  step 361999 load imb.: force 25.0%
           Step           Time
         362000      724.00000

   Energies (kJ/mol)
           Bond          Angle    Proper Dih. Per. Imp. Dih.          LJ-14
    1.67594e+02    3.51779e+02    3.71823e+02    2.10418e+01    2.14462e+02
     Coulomb-14        LJ (SR)  Disper. corr.   Coulomb (SR)   Coul. recip.
    2.35018e+03    2.34118e+04   -1.40738e+03   -1.88072e+05    1.28135e+03
      Potential    Kinetic En.   Total Energy  Conserved En.    Temperature
   -1.61309e+05    3.42734e+04   -1.27036e+05   -1.49278e+05    3.38574e+02
 Pres. DC (bar) Pressure (bar)   Constr. rmsd
   -1.87192e+02    3.99968e+02    3.16609e-06


DD  step 362999 load imb.: force 23.9%
           Step           Time
         363000      726.00000

   Energies (kJ/mol)
           Bond          Angle    Proper Dih. Per. Imp. Dih.          LJ-14
    1.46617e+02    3.34463e+02    3.90936e+02    1.96165e+01    2.02027e+02
     Coulomb-14        LJ (SR)  Disper. corr.   Coulomb (SR)   Coul. recip.
    2.32976e+03    2.35155e+04   -1.40738e+03   -1.89173e+05    1.30008e+03
      Potential    Kinetic En.   Total Energy  Conserved En.    Temperature
   -1.62342e+05    3.49624e+04   -1.27379e+05   -1.49270e+05    3.45380e+02
 Pres. DC (bar) Pressure (bar)   Constr. rmsd
   -1.87192e+02    3.11720e+02    2.98052e-06


DD  step 363999 load imb.: force 22.7%
           Step           Time
         364000      728.00000

   Energies (kJ/mol)
           Bond          Angle    Proper Dih. Per. Imp. Dih.          LJ-14
    1.67995e+02    2.93201e+02    4.16332e+02    1.67964e+01    1.87927e+02
     Coulomb-14        LJ (SR)  Disper. corr.   Coulomb (SR)   Coul. recip.
    2.32782e+03    2.34263e+04   -1.40738e+03   -1.88129e+05    1.32100e+03
      Potential    Kinetic En.   Total Energy  Conserved En.    Temperature
   -1.61379e+05    3.41534e+04   -1.27226e+05   -1.49279e+05    3.37389e+02
 Pres. DC (bar) Pressure (bar)   Constr. rmsd
   -1.87192e+02    4.17023e+02    2.14627e-06


DD  step 364999 load imb.: force 26.5%
           Step           Time
         365000      730.00000

   Energies (kJ/mol)
           Bond          Angle    Proper Dih. Per. Imp. Dih.          LJ-14
    1.09978e+02    2.70042e+02    3.92143e+02    2.63862e+01    1.81787e+02
     Coulomb-14        LJ (SR)  Disper. corr.   Coulomb (SR)   Coul. recip.
    2.36463e+03    2.38398e+04   -1.40738e+03   -1.88696e+05    1.28484e+03
      Potential    Kinetic En.   Total Energy  Conserved En.    Temperature
   -1.61634e+05    3.42854e+04   -1.27348e+05   -1.49274e+05    3.38693e+02
 Pres. DC (bar) Pressure (bar)   Constr. rmsd
   -1.87192e+02    4.78683e+02    2.11633e-06


DD  step 365999 load imb.: force 17.6%
           Step           Time
         366000      732.00000

   Energies (kJ/mol)
           Bond          Angle    Proper Dih. Per. Imp. Dih.          LJ-14
    1.23334e+02    2.86810e+02    4.21391e+02    2.01834e+01    1.87159e+02
     Coulomb-14        LJ (SR)  Disper. corr.   Coulomb (SR)   Coul. recip.
    2.38359e+03    2.42670e+04   -1.40738e+03   -1.88593e+05    1.33106e+03
      Potential    Kinetic En.   Total Energy  Conserved En.    Temperature
   -1.60980e+05    3.43387e+04   -1.26642e+05   -1.49276e+05    3.39219e+02
 Pres. DC (bar) Pressure (bar)   Constr. rmsd
   -1.87192e+02    8.41614e+02    5.00025e-06


DD  step 366999 load imb.: force 21.9%
           Step           Time
         367000      734.00000

   Energies (kJ/mol)
           Bond          Angle    Proper Dih. Per. Imp. Dih.          LJ-14
    1.46721e+02    4.08354e+02    3.90268e+02    2.55829e+01    1.75986e+02
     Coulomb-14        LJ (SR)  Disper. corr.   Coulomb (SR)   Coul. recip.
    2.33796e+03    2.35459e+04   -1.40738e+03   -1.87949e+05    1.32401e+03
      Potential    Kinetic En.   Total Energy  Conserved En.    Temperature
   -1.61002e+05    3.48409e+04   -1.26161e+05   -1.49268e+05    3.44181e+02
 Pres. DC (bar) Pressure (bar)   Constr. rmsd
   -1.87192e+02    2.91450e+02    3.03007e-06


DD  step 367999 load imb.: force 20.1%
           Step           Time
         368000      736.00000

   Energies (kJ/mol)
           Bond          Angle    Proper Dih. Per. Imp. Dih.          LJ-14
    1.24850e+02    3.08764e+02    3.93567e+02    2.17035e+01    1.76206e+02
     Coulomb-14        LJ (SR)  Disper. corr.   Coulomb (SR)   Coul. recip.
    2.39822e+03    2.35867e+04   -1.40738e+03   -1.87903e+05    1.26965e+03
      Potential    Kinetic En.   Total Energy  Conserved En.    Temperature
   -1.61031e+05    3.52047e+04   -1.25826e+05   -1.49283e+05    3.47774e+02
 Pres. DC (bar) Pressure (bar)   Constr. rmsd
   -1.87192e+02    5.06819e+02    3.31417e-06


DD  step 368999 load imb.: force 17.8%
           Step           Time
         369000      738.00000

   Energies (kJ/mol)
           Bond          Angle    Proper Dih. Per. Imp. Dih.          LJ-14
    1.78866e+02    3.19373e+02    3.99312e+02    3.31969e+01    1.72293e+02
     Coulomb-14        LJ (SR)  Disper. corr.   Coulomb (SR)   Coul. recip.
    2.39986e+03    2.35498e+04   -1.40738e+03   -1.86800e+05    1.32297e+03
      Potential    Kinetic En.   Total Energy  Conserved En.    Temperature
   -1.59831e+05    3.46198e+04   -1.25211e+05   -1.49266e+05    3.41996e+02
 Pres. DC (bar) Pressure (bar)   Constr. rmsd
   -1.87192e+02    5.92214e+02    2.91077e-06


DD  step 369999 load imb.: force 18.5%
           Step           Time
         370000      740.00000

   Energies (kJ/mol)
           Bond          Angle    Proper Dih. Per. Imp. Dih.          LJ-14
    1.35596e+02    3.52858e+02    3.96602e+02    2.21206e+01    1.75144e+02
     Coulomb-14        LJ (SR)  Disper. corr.   Coulomb (SR)   Coul. recip.
    2.31110e+03    2.29352e+04   -1.40738e+03   -1.87449e+05    1.30227e+03
      Potential    Kinetic En.   Total Energy  Conserved En.    Temperature
   -1.61226e+05    3.54691e+04   -1.25757e+05   -1.49274e+05    3.50387e+02
 Pres. DC (bar) Pressure (bar)   Constr. rmsd
   -1.87192e+02    2.60525e+02    2.68127e-06


DD  step 370999 load imb.: force 21.3%
           Step           Time
         371000      742.00000

   Energies (kJ/mol)
           Bond          Angle    Proper Dih. Per. Imp. Dih.          LJ-14
    1.27378e+02    3.36197e+02    3.75525e+02    1.78270e+01    1.77985e+02
     Coulomb-14        LJ (SR)  Disper. corr.   Coulomb (SR)   Coul. recip.
    2.34453e+03    2.35909e+04   -1.40738e+03   -1.87923e+05    1.34608e+03
      Potential    Kinetic En.   Total Energy  Conserved En.    Temperature
   -1.61014e+05    3.44007e+04   -1.26614e+05   -1.49267e+05    3.39832e+02
 Pres. DC (bar) Pressure (bar)   Constr. rmsd
   -1.87192e+02    4.19083e+02    2.93021e-06


DD  step 371999 load imb.: force 18.0%
           Step           Time
         372000      744.00000

   Energies (kJ/mol)
           Bond          Angle    Proper Dih. Per. Imp. Dih.          LJ-14
    1.23795e+02    3.92208e+02    3.77807e+02    1.53383e+01    1.93292e+02
     Coulomb-14        LJ (SR)  Disper. corr.   Coulomb (SR)   Coul. recip.
    2.31258e+03    2.32864e+04   -1.40738e+03   -1.87355e+05    1.33993e+03
      Potential    Kinetic En.   Total Energy  Conserved En.    Temperature
   -1.60721e+05    3.44084e+04   -1.26312e+05   -1.49259e+05    3.39908e+02
 Pres. DC (bar) Pressure (bar)   Constr. rmsd
   -1.87192e+02    4.97721e+02    2.22796e-06


DD  step 372999 load imb.: force 20.2%
           Step           Time
         373000      746.00000

   Energies (kJ/mol)
           Bond          Angle    Proper Dih. Per. Imp. Dih.          LJ-14
    1.72960e+02    3.56697e+02    3.95560e+02    2.18807e+01    1.66935e+02
     Coulomb-14        LJ (SR)  Disper. corr.   Coulomb (SR)   Coul. recip.
    2.33971e+03    2.25356e+04   -1.40738e+03   -1.86848e+05    1.34456e+03
      Potential    Kinetic En.   Total Energy  Conserved En.    Temperature
   -1.60921e+05    3.41459e+04   -1.26775e+05   -1.49266e+05    3.37315e+02
 Pres. DC (bar) Pressure (bar)   Constr. rmsd
   -1.87192e+02   -1.34364e+02    2.94827e-06


DD  step 373999 load imb.: force 19.6%
           Step           Time
         374000      748.00000

   Energies (kJ/mol)
           Bond          Angle    Proper Dih. Per. Imp. Dih.          LJ-14
    1.53679e+02    3.18799e+02    3.52792e+02    2.45585e+01    1.76761e+02
     Coulomb-14        LJ (SR)  Disper. corr.   Coulomb (SR)   Coul. recip.
    2.36810e+03    2.37257e+04   -1.40738e+03   -1.88458e+05    1.25008e+03
      Potential    Kinetic En.   Total Energy  Conserved En.    Temperature
   -1.61495e+05    3.43181e+04   -1.27176e+05   -1.49258e+05    3.39016e+02
 Pres. DC (bar) Pressure (bar)   Constr. rmsd
   -1.87192e+02    2.75706e+02    2.19766e-06


DD  step 374999 load imb.: force 16.1%
           Step           Time
         375000      750.00000

   Energies (kJ/mol)
           Bond          Angle    Proper Dih. Per. Imp. Dih.          LJ-14
    1.32925e+02    2.94620e+02    3.79561e+02    2.34952e+01    1.79109e+02
     Coulomb-14        LJ (SR)  Disper. corr.   Coulomb (SR)   Coul. recip.
    2.40049e+03    2.27274e+04   -1.40738e+03   -1.87514e+05    1.26305e+03
      Potential    Kinetic En.   Total Energy  Conserved En.    Temperature
   -1.61521e+05    3.41690e+04   -1.27352e+05   -1.49261e+05    3.37543e+02
 Pres. DC (bar) Pressure (bar)   Constr. rmsd
   -1.87192e+02    4.87846e+01    2.09400e-06


DD  step 375999 load imb.: force 14.8%
           Step           Time
         376000      752.00000

   Energies (kJ/mol)
           Bond          Angle    Proper Dih. Per. Imp. Dih.          LJ-14
    1.49813e+02    3.94114e+02    3.70054e+02    1.51650e+01    1.77217e+02
     Coulomb-14        LJ (SR)  Disper. corr.   Coulomb (SR)   Coul. recip.
    2.34118e+03    2.39021e+04   -1.40738e+03   -1.88296e+05    1.31472e+03
      Potential    Kinetic En.   Total Energy  Conserved En.    Temperature
   -1.61040e+05    3.46506e+04   -1.26389e+05   -1.49263e+05    3.42300e+02
 Pres. DC (bar) Pressure (bar)   Constr. rmsd
   -1.87192e+02    5.95593e+02    3.71748e-06


DD  step 376999 load imb.: force 13.4%
           Step           Time
         377000      754.00000

   Energies (kJ/mol)
           Bond          Angle    Proper Dih. Per. Imp. Dih.          LJ-14
    1.79991e+02    3.45218e+02    3.94214e+02    2.32397e+01    1.68091e+02
     Coulomb-14        LJ (SR)  Disper. corr.   Coulomb (SR)   Coul. recip.
    2.30898e+03    2.35516e+04   -1.40738e+03   -1.87603e+05    1.30192e+03
      Potential    Kinetic En.   Total Energy  Conserved En.    Temperature
   -1.60737e+05    3.41941e+04   -1.26543e+05   -1.49248e+05    3.37791e+02
 Pres. DC (bar) Pressure (bar)   Constr. rmsd
   -1.87192e+02    4.03759e+02    2.91425e-06


DD  step 377999 load imb.: force 14.2%
           Step           Time
         378000      756.00000

   Energies (kJ/mol)
           Bond          Angle    Proper Dih. Per. Imp. Dih.          LJ-14
    1.77047e+02    3.77705e+02    3.73168e+02    2.09917e+01    1.60800e+02
     Coulomb-14        LJ (SR)  Disper. corr.   Coulomb (SR)   Coul. recip.
    2.32703e+03    2.35818e+04   -1.40738e+03   -1.87307e+05    1.35564e+03
      Potential    Kinetic En.   Total Energy  Conserved En.    Temperature
   -1.60340e+05    3.47245e+04   -1.25616e+05   -1.49248e+05    3.43031e+02
 Pres. DC (bar) Pressure (bar)   Constr. rmsd
   -1.87192e+02    5.46481e+02    4.18726e-06


DD  step 378999 load imb.: force 13.7%
           Step           Time
         379000      758.00000

   Energies (kJ/mol)
           Bond          Angle    Proper Dih. Per. Imp. Dih.          LJ-14
    1.75985e+02    3.54713e+02    3.75030e+02    3.58896e+01    1.76944e+02
     Coulomb-14        LJ (SR)  Disper. corr.   Coulomb (SR)   Coul. recip.
    2.34183e+03    2.41882e+04   -1.40738e+03   -1.88290e+05    1.27649e+03
      Potential    Kinetic En.   Total Energy  Conserved En.    Temperature
   -1.60772e+05    3.48088e+04   -1.25964e+05   -1.49248e+05    3.43863e+02
 Pres. DC (bar) Pressure (bar)   Constr. rmsd
   -1.87192e+02    7.66471e+02    2.77846e-06


DD  step 379999 load imb.: force 18.6%
           Step           Time
         380000      760.00000

   Energies (kJ/mol)
           Bond          Angle    Proper Dih. Per. Imp. Dih.          LJ-14
    1.74257e+02    3.48157e+02    3.68780e+02    2.07867e+01    1.75411e+02
     Coulomb-14        LJ (SR)  Disper. corr.   Coulomb (SR)   Coul. recip.
    2.32218e+03    2.27848e+04   -1.40738e+03   -1.86850e+05    1.38816e+03
      Potential    Kinetic En.   Total Energy  Conserved En.    Temperature
   -1.60675e+05    3.42620e+04   -1.26413e+05   -1.49247e+05    3.38461e+02
 Pres. DC (bar) Pressure (bar)   Constr. rmsd
   -1.87192e+02    1.00647e+02    2.85394e-06


DD  step 380999 load imb.: force 13.6%
           Step           Time
         381000      762.00000

   Energies (kJ/mol)
           Bond          Angle    Proper Dih. Per. Imp. Dih.          LJ-14
    1.54398e+02    3.09420e+02    3.68208e+02    2.74239e+01    1.68626e+02
     Coulomb-14        LJ (SR)  Disper. corr.   Coulomb (SR)   Coul. recip.
    2.32330e+03    2.30913e+04   -1.40738e+03   -1.87777e+05    1.29636e+03
      Potential    Kinetic En.   Total Energy  Conserved En.    Temperature
   -1.61446e+05    3.39585e+04   -1.27487e+05   -1.49246e+05    3.35464e+02
 Pres. DC (bar) Pressure (bar)   Constr. rmsd
   -1.87192e+02    5.24809e+01    2.55886e-06


DD  step 381999 load imb.: force 13.4%
           Step           Time
         382000      764.00000

   Energies (kJ/mol)
           Bond          Angle    Proper Dih. Per. Imp. Dih.          LJ-14
    1.46273e+02    2.85662e+02    3.72835e+02    2.68924e+01    1.84687e+02
     Coulomb-14        LJ (SR)  Disper. corr.   Coulomb (SR)   Coul. recip.
    2.34106e+03    2.44039e+04   -1.40738e+03   -1.89150e+05    1.28215e+03
      Potential    Kinetic En.   Total Energy  Conserved En.    Temperature
   -1.61514e+05    3.44629e+04   -1.27051e+05   -1.49247e+05    3.40446e+02
 Pres. DC (bar) Pressure (bar)   Constr. rmsd
   -1.87192e+02    6.76645e+02    4.41371e-06


DD  step 382999 load imb.: force 24.3%
           Step           Time
         383000      766.00000

   Energies (kJ/mol)
           Bond          Angle    Proper Dih. Per. Imp. Dih.          LJ-14
    1.20754e+02    3.35869e+02    3.99564e+02    2.61656e+01    1.79428e+02
     Coulomb-14        LJ (SR)  Disper. corr.   Coulomb (SR)   Coul. recip.
    2.35465e+03    2.27092e+04   -1.40738e+03   -1.87102e+05    1.21667e+03
      Potential    Kinetic En.   Total Energy  Conserved En.    Temperature
   -1.61167e+05    3.47345e+04   -1.26432e+05   -1.49254e+05    3.43129e+02
 Pres. DC (bar) Pressure (bar)   Constr. rmsd
   -1.87192e+02    1.00325e+02    2.71356e-06


DD  step 383999 load imb.: force 23.8%
           Step           Time
         384000      768.00000

   Energies (kJ/mol)
           Bond          Angle    Proper Dih. Per. Imp. Dih.          LJ-14
    1.09101e+02    2.67082e+02    4.09796e+02    1.72776e+01    2.09799e+02
     Coulomb-14        LJ (SR)  Disper. corr.   Coulomb (SR)   Coul. recip.
    2.37542e+03    2.36902e+04   -1.40738e+03   -1.88148e+05    1.37417e+03
      Potential    Kinetic En.   Total Energy  Conserved En.    Temperature
   -1.61102e+05    3.43331e+04   -1.26769e+05   -1.49246e+05    3.39164e+02
 Pres. DC (bar) Pressure (bar)   Constr. rmsd
   -1.87192e+02    5.62507e+02    1.74511e-06


DD  step 384999 load imb.: force 24.4%
           Step           Time
         385000      770.00000

   Energies (kJ/mol)
           Bond          Angle    Proper Dih. Per. Imp. Dih.          LJ-14
    1.53945e+02    3.38095e+02    3.89134e+02    3.52438e+01    1.75605e+02
     Coulomb-14        LJ (SR)  Disper. corr.   Coulomb (SR)   Coul. recip.
    2.35160e+03    2.30929e+04   -1.40738e+03   -1.88186e+05    1.30546e+03
      Potential    Kinetic En.   Total Energy  Conserved En.    Temperature
   -1.61752e+05    3.46997e+04   -1.27052e+05   -1.49242e+05    3.42786e+02
 Pres. DC (bar) Pressure (bar)   Constr. rmsd
   -1.87192e+02    1.11579e+02    2.30664e-06


DD  step 385999 load imb.: force 22.9%
           Step           Time
         386000      772.00000

   Energies (kJ/mol)
           Bond          Angle    Proper Dih. Per. Imp. Dih.          LJ-14
    1.42604e+02    2.97193e+02    3.93362e+02    1.61862e+01    1.86890e+02
     Coulomb-14        LJ (SR)  Disper. corr.   Coulomb (SR)   Coul. recip.
    2.34717e+03    2.40076e+04   -1.40738e+03   -1.89107e+05    1.34576e+03
      Potential    Kinetic En.   Total Energy  Conserved En.    Temperature
   -1.61778e+05    3.44112e+04   -1.27367e+05   -1.49241e+05    3.39936e+02
 Pres. DC (bar) Pressure (bar)   Constr. rmsd
   -1.87192e+02    5.91443e+02    1.89130e-06


DD  step 386999 load imb.: force 18.6%
           Step           Time
         387000      774.00000

   Energies (kJ/mol)
           Bond          Angle    Proper Dih. Per. Imp. Dih.          LJ-14
    1.60560e+02    2.75854e+02    4.06644e+02    2.60336e+01    1.78954e+02
     Coulomb-14        LJ (SR)  Disper. corr.   Coulomb (SR)   Coul. recip.
    2.34290e+03    2.42717e+04   -1.40738e+03   -1.88990e+05    1.29208e+03
      Potential    Kinetic En.   Total Energy  Conserved En.    Temperature
   -1.61443e+05    3.43739e+04   -1.27069e+05   -1.49244e+05    3.39568e+02
 Pres. DC (bar) Pressure (bar)   Constr. rmsd
   -1.87192e+02    5.86784e+02    2.29325e-06


DD  step 387999 load imb.: force 19.6%
           Step           Time
         388000      776.00000

   Energies (kJ/mol)
           Bond          Angle    Proper Dih. Per. Imp. Dih.          LJ-14
    1.38813e+02    3.38036e+02    3.68852e+02    2.16143e+01    1.73917e+02
     Coulomb-14        LJ (SR)  Disper. corr.   Coulomb (SR)   Coul. recip.
    2.35970e+03    2.33108e+04   -1.40738e+03   -1.87933e+05    1.34039e+03
      Potential    Kinetic En.   Total Energy  Conserved En.    Temperature
   -1.61289e+05    3.45473e+04   -1.26741e+05   -1.49247e+05    3.41281e+02
 Pres. DC (bar) Pressure (bar)   Constr. rmsd
   -1.87192e+02    3.01198e+02    2.10297e-06


DD  step 388999 load imb.: force 18.3%
           Step           Time
         389000      778.00000

   Energies (kJ/mol)
           Bond          Angle    Proper Dih. Per. Imp. Dih.          LJ-14
    1.27731e+02    3.33219e+02    3.88553e+02    2.15298e+01    1.73306e+02
     Coulomb-14        LJ (SR)  Disper. corr.   Coulomb (SR)   Coul. recip.
    2.39419e+03    2.36175e+04   -1.40738e+03   -1.88287e+05    1.36633e+03
      Potential    Kinetic En.   Total Energy  Conserved En.    Temperature
   -1.61272e+05    3.41371e+04   -1.27135e+05   -1.49239e+05    3.37228e+02
 Pres. DC (bar) Pressure (bar)   Constr. rmsd
   -1.87192e+02    3.61403e+02    2.54301e-06


DD  step 389999 load imb.: force 27.7%
           Step           Time
         390000      780.00000

   Energies (kJ/mol)
           Bond          Angle    Proper Dih. Per. Imp. Dih.          LJ-14
    9.15927e+01    3.38489e+02    3.74949e+02    1.60752e+01    1.92953e+02
     Coulomb-14        LJ (SR)  Disper. corr.   Coulomb (SR)   Coul. recip.
    2.36253e+03    2.34669e+04   -1.40738e+03   -1.88388e+05    1.31925e+03
      Potential    Kinetic En.   Total Energy  Conserved En.    Temperature
   -1.61632e+05    3.39912e+04   -1.27641e+05   -1.49246e+05    3.35787e+02
 Pres. DC (bar) Pressure (bar)   Constr. rmsd
   -1.87192e+02    2.64312e+02    2.18426e-06


DD  step 390999 load imb.: force 21.4%
           Step           Time
         391000      782.00000

   Energies (kJ/mol)
           Bond          Angle    Proper Dih. Per. Imp. Dih.          LJ-14
    1.27215e+02    2.96418e+02    3.77095e+02    1.80428e+01    1.69374e+02
     Coulomb-14        LJ (SR)  Disper. corr.   Coulomb (SR)   Coul. recip.
    2.37616e+03    2.27405e+04   -1.40738e+03   -1.87990e+05    1.28630e+03
      Potential    Kinetic En.   Total Energy  Conserved En.    Temperature
   -1.62006e+05    3.39185e+04   -1.28088e+05   -1.49243e+05    3.35068e+02
 Pres. DC (bar) Pressure (bar)   Constr. rmsd
   -1.87192e+02   -2.65847e+01    1.66205e-06


DD  step 391999 load imb.: force 19.0%
           Step           Time
         392000      784.00000

   Energies (kJ/mol)
           Bond          Angle    Proper Dih. Per. Imp. Dih.          LJ-14
    1.91213e+02    2.90217e+02    3.96462e+02    2.44807e+01    1.82041e+02
     Coulomb-14        LJ (SR)  Disper. corr.   Coulomb (SR)   Coul. recip.
    2.35240e+03    2.30898e+04   -1.40738e+03   -1.87466e+05    1.36149e+03
      Potential    Kinetic En.   Total Energy  Conserved En.    Temperature
   -1.60986e+05    3.43634e+04   -1.26622e+05   -1.49228e+05    3.39464e+02
 Pres. DC (bar) Pressure (bar)   Constr. rmsd
   -1.87192e+02    2.70201e+02    1.97663e-06


DD  step 392999 load imb.: force 18.8%
           Step           Time
         393000      786.00000

   Energies (kJ/mol)
           Bond          Angle    Proper Dih. Per. Imp. Dih.          LJ-14
    1.64486e+02    3.59029e+02    3.66105e+02    3.00087e+01    1.66813e+02
     Coulomb-14        LJ (SR)  Disper. corr.   Coulomb (SR)   Coul. recip.
    2.36674e+03    2.31644e+04   -1.40738e+03   -1.87542e+05    1.32373e+03
      Potential    Kinetic En.   Total Energy  Conserved En.    Temperature
   -1.61009e+05    3.41889e+04   -1.26820e+05   -1.49233e+05    3.37740e+02
 Pres. DC (bar) Pressure (bar)   Constr. rmsd
   -1.87192e+02    2.65394e+02    2.74391e-06


DD  step 393999 load imb.: force 17.2%
           Step           Time
         394000      788.00000

   Energies (kJ/mol)
           Bond          Angle    Proper Dih. Per. Imp. Dih.          LJ-14
    1.31140e+02    3.05065e+02    3.80379e+02    1.93308e+01    1.67973e+02
     Coulomb-14        LJ (SR)  Disper. corr.   Coulomb (SR)   Coul. recip.
    2.38759e+03    2.33268e+04   -1.40738e+03   -1.88029e+05    1.31387e+03
      Potential    Kinetic En.   Total Energy  Conserved En.    Temperature
   -1.61404e+05    3.38750e+04   -1.27529e+05   -1.49224e+05    3.34638e+02
 Pres. DC (bar) Pressure (bar)   Constr. rmsd
   -1.87192e+02    2.56977e+02    3.78640e-06


DD  step 394999 load imb.: force 22.4%
           Step           Time
         395000      790.00000

   Energies (kJ/mol)
           Bond          Angle    Proper Dih. Per. Imp. Dih.          LJ-14
    1.12812e+02    2.48325e+02    3.93779e+02    1.79104e+01    1.90877e+02
     Coulomb-14        LJ (SR)  Disper. corr.   Coulomb (SR)   Coul. recip.
    2.40285e+03    2.36692e+04   -1.40738e+03   -1.88411e+05    1.26705e+03
      Potential    Kinetic En.   Total Energy  Conserved En.    Temperature
   -1.61515e+05    3.39862e+04   -1.27529e+05   -1.49243e+05    3.35737e+02
 Pres. DC (bar) Pressure (bar)   Constr. rmsd
   -1.87192e+02    3.92021e+02    2.93960e-06


DD  step 395999 load imb.: force  7.2%
           Step           Time
         396000      792.00000

   Energies (kJ/mol)
           Bond          Angle    Proper Dih. Per. Imp. Dih.          LJ-14
    1.14987e+02    3.01101e+02    3.81006e+02    1.51684e+01    1.81324e+02
     Coulomb-14        LJ (SR)  Disper. corr.   Coulomb (SR)   Coul. recip.
    2.35622e+03    2.29912e+04   -1.40738e+03   -1.87879e+05    1.26115e+03
      Potential    Kinetic En.   Total Energy  Conserved En.    Temperature
   -1.61684e+05    3.45017e+04   -1.27182e+05   -1.49237e+05    3.40829e+02
 Pres. DC (bar) Pressure (bar)   Constr. rmsd
   -1.87192e+02    2.06787e+02    2.19917e-06


DD  step 396999 load imb.: force 12.3%
           Step           Time
         397000      794.00000

   Energies (kJ/mol)
           Bond          Angle    Proper Dih. Per. Imp. Dih.          LJ-14
    1.15595e+02    2.96973e+02    3.76998e+02    1.51355e+01    1.86072e+02
     Coulomb-14        LJ (SR)  Disper. corr.   Coulomb (SR)   Coul. recip.
    2.36137e+03    2.39590e+04   -1.40738e+03   -1.88789e+05    1.23986e+03
      Potential    Kinetic En.   Total Energy  Conserved En.    Temperature
   -1.61646e+05    3.43921e+04   -1.27254e+05   -1.49241e+05    3.39747e+02
 Pres. DC (bar) Pressure (bar)   Constr. rmsd
   -1.87192e+02    6.14668e+02    2.51300e-06


DD  step 397999 load imb.: force 20.4%
           Step           Time
         398000      796.00000

   Energies (kJ/mol)
           Bond          Angle    Proper Dih. Per. Imp. Dih.          LJ-14
    1.37130e+02    3.17726e+02    4.09690e+02    2.14523e+01    1.69432e+02
     Coulomb-14        LJ (SR)  Disper. corr.   Coulomb (SR)   Coul. recip.
    2.35622e+03    2.36924e+04   -1.40738e+03   -1.88679e+05    1.34079e+03
      Potential    Kinetic En.   Total Energy  Conserved En.    Temperature
   -1.61641e+05    3.41578e+04   -1.27484e+05   -1.49232e+05    3.37432e+02
 Pres. DC (bar) Pressure (bar)   Constr. rmsd
   -1.87192e+02    2.89447e+02    2.00991e-06


DD  step 398999 load imb.: force 18.0%
           Step           Time
         399000      798.00000

   Energies (kJ/mol)
           Bond          Angle    Proper Dih. Per. Imp. Dih.          LJ-14
    1.77668e+02    3.21340e+02    4.02165e+02    1.67555e+01    1.69593e+02
     Coulomb-14        LJ (SR)  Disper. corr.   Coulomb (SR)   Coul. recip.
    2.36730e+03    2.33403e+04   -1.40738e+03   -1.87881e+05    1.38981e+03
      Potential    Kinetic En.   Total Energy  Conserved En.    Temperature
   -1.61103e+05    3.43730e+04   -1.26730e+05   -1.49226e+05    3.39559e+02
 Pres. DC (bar) Pressure (bar)   Constr. rmsd
   -1.87192e+02    2.80479e+02    2.40372e-06


DD  step 399999 load imb.: force 19.0%
           Step           Time
         400000      800.00000

   Energies (kJ/mol)
           Bond          Angle    Proper Dih. Per. Imp. Dih.          LJ-14
    1.59935e+02    2.88380e+02    3.99990e+02    1.68321e+01    1.94909e+02
     Coulomb-14        LJ (SR)  Disper. corr.   Coulomb (SR)   Coul. recip.
    2.38716e+03    2.35882e+04   -1.40738e+03   -1.87671e+05    1.35342e+03
      Potential    Kinetic En.   Total Energy  Conserved En.    Temperature
   -1.60689e+05    3.42011e+04   -1.26488e+05   -1.49224e+05    3.37860e+02
 Pres. DC (bar) Pressure (bar)   Constr. rmsd
   -1.87192e+02    5.62100e+02    1.95507e-06


DD  step 400999 load imb.: force 18.0%
           Step           Time
         401000      802.00000

   Energies (kJ/mol)
           Bond          Angle    Proper Dih. Per. Imp. Dih.          LJ-14
    1.44797e+02    3.17662e+02    4.06224e+02    2.62926e+01    1.83750e+02
     Coulomb-14        LJ (SR)  Disper. corr.   Coulomb (SR)   Coul. recip.
    2.36585e+03    2.35604e+04   -1.40738e+03   -1.88134e+05    1.33897e+03
      Potential    Kinetic En.   Total Energy  Conserved En.    Temperature
   -1.61197e+05    3.44465e+04   -1.26751e+05   -1.49228e+05    3.40284e+02
 Pres. DC (bar) Pressure (bar)   Constr. rmsd
   -1.87192e+02    4.42779e+02    3.00477e-06


DD  step 401999 load imb.: force 20.8%
           Step           Time
         402000      804.00000

   Energies (kJ/mol)
           Bond          Angle    Proper Dih. Per. Imp. Dih.          LJ-14
    1.32937e+02    3.35728e+02    3.93191e+02    1.75645e+01    1.79080e+02
     Coulomb-14        LJ (SR)  Disper. corr.   Coulomb (SR)   Coul. recip.
    2.35272e+03    2.31515e+04   -1.40738e+03   -1.87824e+05    1.34159e+03
      Potential    Kinetic En.   Total Energy  Conserved En.    Temperature
   -1.61327e+05    3.43316e+04   -1.26995e+05   -1.49227e+05    3.39149e+02
 Pres. DC (bar) Pressure (bar)   Constr. rmsd
   -1.87192e+02    2.67292e+02    2.53709e-06


DD  step 402999 load imb.: force 24.6%
           Step           Time
         403000      806.00000

   Energies (kJ/mol)
           Bond          Angle    Proper Dih. Per. Imp. Dih.          LJ-14
    1.46550e+02    3.49528e+02    3.62580e+02    1.87885e+01    1.83711e+02
     Coulomb-14        LJ (SR)  Disper. corr.   Coulomb (SR)   Coul. recip.
    2.36299e+03    2.36011e+04   -1.40738e+03   -1.87742e+05    1.31518e+03
      Potential    Kinetic En.   Total Energy  Conserved En.    Temperature
   -1.60809e+05    3.42490e+04   -1.26560e+05   -1.49229e+05    3.38333e+02
 Pres. DC (bar) Pressure (bar)   Constr. rmsd
   -1.87192e+02    5.89582e+02    2.78606e-06


DD  step 403999 load imb.: force 21.0%
           Step           Time
         404000      808.00000

   Energies (kJ/mol)
           Bond          Angle    Proper Dih. Per. Imp. Dih.          LJ-14
    1.36215e+02    2.75985e+02    3.56636e+02    2.20500e+01    1.77379e+02
     Coulomb-14        LJ (SR)  Disper. corr.   Coulomb (SR)   Coul. recip.
    2.37024e+03    2.40067e+04   -1.40738e+03   -1.89429e+05    1.30341e+03
      Potential    Kinetic En.   Total Energy  Conserved En.    Temperature
   -1.62188e+05    3.41026e+04   -1.28086e+05   -1.49223e+05    3.36888e+02
 Pres. DC (bar) Pressure (bar)   Constr. rmsd
   -1.87192e+02    4.53759e+02    3.30755e-06


DD  step 404999 load imb.: force 20.2%
           Step           Time
         405000      810.00000

   Energies (kJ/mol)
           Bond          Angle    Proper Dih. Per. Imp. Dih.          LJ-14
    1.19047e+02    3.08116e+02    3.71759e+02    2.39246e+01    1.77537e+02
     Coulomb-14        LJ (SR)  Disper. corr.   Coulomb (SR)   Coul. recip.
    2.36876e+03    2.30785e+04   -1.40738e+03   -1.88062e+05    1.31303e+03
      Potential    Kinetic En.   Total Energy  Conserved En.    Temperature
   -1.61708e+05    3.42168e+04   -1.27492e+05   -1.49226e+05    3.38016e+02
 Pres. DC (bar) Pressure (bar)   Constr. rmsd
   -1.87192e+02    1.74841e+02    2.38405e-06


DD  step 405999 load imb.: force 13.3%
           Step           Time
         406000      812.00000

   Energies (kJ/mol)
           Bond          Angle    Proper Dih. Per. Imp. Dih.          LJ-14
    1.85541e+02    3.39315e+02    4.03460e+02    2.90291e+01    1.44676e+02
     Coulomb-14        LJ (SR)  Disper. corr.   Coulomb (SR)   Coul. recip.
    2.31899e+03    2.37436e+04   -1.40738e+03   -1.87630e+05    1.32358e+03
      Potential    Kinetic En.   Total Energy  Conserved En.    Temperature
   -1.60549e+05    3.41783e+04   -1.26371e+05   -1.49224e+05    3.37634e+02
 Pres. DC (bar) Pressure (bar)   Constr. rmsd
   -1.87192e+02    4.34865e+02    2.41529e-06


DD  step 406999 load imb.: force 25.8%
           Step           Time
         407000      814.00000

   Energies (kJ/mol)
           Bond          Angle    Proper Dih. Per. Imp. Dih.          LJ-14
    1.57789e+02    3.66753e+02    3.64561e+02    2.24596e+01    1.69789e+02
     Coulomb-14        LJ (SR)  Disper. corr.   Coulomb (SR)   Coul. recip.
    2.39282e+03    2.39753e+04   -1.40738e+03   -1.88220e+05    1.28978e+03
      Potential    Kinetic En.   Total Energy  Conserved En.    Temperature
   -1.60888e+05    3.47178e+04   -1.26171e+05   -1.49226e+05    3.42965e+02
 Pres. DC (bar) Pressure (bar)   Constr. rmsd
   -1.87192e+02    5.92131e+02    3.98318e-06


DD  step 407999 load imb.: force 13.1%
           Step           Time
         408000      816.00000

   Energies (kJ/mol)
           Bond          Angle    Proper Dih. Per. Imp. Dih.          LJ-14
    1.45521e+02    3.08131e+02    3.89164e+02    2.57616e+01    1.80802e+02
     Coulomb-14        LJ (SR)  Disper. corr.   Coulomb (SR)   Coul. recip.
    2.39668e+03    2.39442e+04   -1.40738e+03   -1.88282e+05    1.33288e+03
      Potential    Kinetic En.   Total Energy  Conserved En.    Temperature
   -1.60966e+05    3.46895e+04   -1.26276e+05   -1.49225e+05    3.42685e+02
 Pres. DC (bar) Pressure (bar)   Constr. rmsd
   -1.87192e+02    6.12942e+02    1.66722e-06


DD  step 408999 load imb.: force  4.9%
           Step           Time
         409000      818.00000

   Energies (kJ/mol)
           Bond          Angle    Proper Dih. Per. Imp. Dih.          LJ-14
    1.33816e+02    3.57309e+02    3.97253e+02    2.38195e+01    1.82982e+02
     Coulomb-14        LJ (SR)  Disper. corr.   Coulomb (SR)   Coul. recip.
    2.37270e+03    2.33204e+04   -1.40738e+03   -1.88667e+05    1.34910e+03
      Potential    Kinetic En.   Total Energy  Conserved En.    Temperature
   -1.61937e+05    3.44810e+04   -1.27456e+05   -1.49218e+05    3.40625e+02
 Pres. DC (bar) Pressure (bar)   Constr. rmsd
   -1.87192e+02    2.01132e+02    2.69312e-06


DD  step 409999 load imb.: force 11.4%
           Step           Time
         410000      820.00000

   Energies (kJ/mol)
           Bond          Angle    Proper Dih. Per. Imp. Dih.          LJ-14
    1.17075e+02    3.41751e+02    3.70688e+02    1.31488e+01    1.82368e+02
     Coulomb-14        LJ (SR)  Disper. corr.   Coulomb (SR)   Coul. recip.
    2.38844e+03    2.27102e+04   -1.40738e+03   -1.87759e+05    1.36600e+03
      Potential    Kinetic En.   Total Energy  Conserved En.    Temperature
   -1.61677e+05    3.44438e+04   -1.27233e+05   -1.49220e+05    3.40257e+02
 Pres. DC (bar) Pressure (bar)   Constr. rmsd
   -1.87192e+02   -5.68796e+01    1.79066e-06


DD  step 410999 load imb.: force 19.1%
           Step           Time
         411000      822.00000

   Energies (kJ/mol)
           Bond          Angle    Proper Dih. Per. Imp. Dih.          LJ-14
    1.72105e+02    3.97112e+02    3.59716e+02    2.60646e+01    1.74940e+02
     Coulomb-14        LJ (SR)  Disper. corr.   Coulomb (SR)   Coul. recip.
    2.30595e+03    2.35382e+04   -1.40738e+03   -1.88058e+05    1.39253e+03
      Potential    Kinetic En.   Total Energy  Conserved En.    Temperature
   -1.61098e+05    3.41063e+04   -1.26992e+05   -1.49217e+05    3.36923e+02
 Pres. DC (bar) Pressure (bar)   Constr. rmsd
   -1.87192e+02    4.00264e+02    2.75254e-06


DD  step 411999 load imb.: force  6.6%
           Step           Time
         412000      824.00000

   Energies (kJ/mol)
           Bond          Angle    Proper Dih. Per. Imp. Dih.          LJ-14
    1.89707e+02    3.61783e+02    3.55021e+02    1.63044e+01    1.78140e+02
     Coulomb-14        LJ (SR)  Disper. corr.   Coulomb (SR)   Coul. recip.
    2.34452e+03    2.38669e+04   -1.40738e+03   -1.88690e+05    1.33495e+03
      Potential    Kinetic En.   Total Energy  Conserved En.    Temperature
   -1.61450e+05    3.43850e+04   -1.27065e+05   -1.49207e+05    3.39676e+02
 Pres. DC (bar) Pressure (bar)   Constr. rmsd
   -1.87192e+02    4.03240e+02    2.54746e-06


DD  step 412999 load imb.: force 13.7%
           Step           Time
         413000      826.00000

   Energies (kJ/mol)
           Bond          Angle    Proper Dih. Per. Imp. Dih.          LJ-14
    1.26831e+02    3.24645e+02    3.57822e+02    2.11159e+01    1.78110e+02
     Coulomb-14        LJ (SR)  Disper. corr.   Coulomb (SR)   Coul. recip.
    2.34711e+03    2.38437e+04   -1.40738e+03   -1.88407e+05    1.26968e+03
      Potential    Kinetic En.   Total Energy  Conserved En.    Temperature
   -1.61346e+05    3.43231e+04   -1.27022e+05   -1.49212e+05    3.39065e+02
 Pres. DC (bar) Pressure (bar)   Constr. rmsd
   -1.87192e+02    5.10636e+02    3.01129e-06


DD  step 413999 load imb.: force 11.6%
           Step           Time
         414000      828.00000

   Energies (kJ/mol)
           Bond          Angle    Proper Dih. Per. Imp. Dih.          LJ-14
    1.63440e+02    4.04667e+02    3.41411e+02    2.83564e+01    1.74966e+02
     Coulomb-14        LJ (SR)  Disper. corr.   Coulomb (SR)   Coul. recip.
    2.35730e+03    2.35049e+04   -1.40738e+03   -1.88178e+05    1.32702e+03
      Potential    Kinetic En.   Total Energy  Conserved En.    Temperature
   -1.61284e+05    3.50316e+04   -1.26252e+05   -1.49216e+05    3.46065e+02
 Pres. DC (bar) Pressure (bar)   Constr. rmsd
   -1.87192e+02    4.07942e+02    3.79624e-06


DD  step 414999 load imb.: force 14.5%
           Step           Time
         415000      830.00000

   Energies (kJ/mol)
           Bond          Angle    Proper Dih. Per. Imp. Dih.          LJ-14
    1.43613e+02    3.44718e+02    3.82738e+02    1.90886e+01    1.72113e+02
     Coulomb-14        LJ (SR)  Disper. corr.   Coulomb (SR)   Coul. recip.
    2.36720e+03    2.31798e+04   -1.40738e+03   -1.87860e+05    1.37549e+03
      Potential    Kinetic En.   Total Energy  Conserved En.    Temperature
   -1.61283e+05    3.48120e+04   -1.26471e+05   -1.49214e+05    3.43895e+02
 Pres. DC (bar) Pressure (bar)   Constr. rmsd
   -1.87192e+02    1.73288e+02    2.95529e-06


DD  step 415999 load imb.: force  7.8%
           Step           Time
         416000      832.00000

   Energies (kJ/mol)
           Bond          Angle    Proper Dih. Per. Imp. Dih.          LJ-14
    1.91329e+02    3.84213e+02    4.08547e+02    2.31248e+01    1.82006e+02
     Coulomb-14        LJ (SR)  Disper. corr.   Coulomb (SR)   Coul. recip.
    2.38520e+03    2.26908e+04   -1.40738e+03   -1.87167e+05    1.31828e+03
      Potential    Kinetic En.   Total Energy  Conserved En.    Temperature
   -1.60990e+05    3.48912e+04   -1.26099e+05   -1.49212e+05    3.44678e+02
 Pres. DC (bar) Pressure (bar)   Constr. rmsd
   -1.87192e+02    1.03285e+02    3.82139e-06


DD  step 416999 load imb.: force 11.5%
           Step           Time
         417000      834.00000

   Energies (kJ/mol)
           Bond          Angle    Proper Dih. Per. Imp. Dih.          LJ-14
    1.52822e+02    3.23142e+02    3.76923e+02    1.64955e+01    1.71429e+02
     Coulomb-14        LJ (SR)  Disper. corr.   Coulomb (SR)   Coul. recip.
    2.39419e+03    2.34373e+04   -1.40738e+03   -1.87162e+05    1.39755e+03
      Potential    Kinetic En.   Total Energy  Conserved En.    Temperature
   -1.60299e+05    3.47150e+04   -1.25584e+05   -1.49203e+05    3.42937e+02
 Pres. DC (bar) Pressure (bar)   Constr. rmsd
   -1.87192e+02    4.51883e+02    3.09386e-06


DD  step 417999 load imb.: force 10.3%
           Step           Time
         418000      836.00000

   Energies (kJ/mol)
           Bond          Angle    Proper Dih. Per. Imp. Dih.          LJ-14
    1.30256e+02    3.22849e+02    4.39571e+02    2.52902e+01    2.04732e+02
     Coulomb-14        LJ (SR)  Disper. corr.   Coulomb (SR)   Coul. recip.
    2.42309e+03    2.37860e+04   -1.40738e+03   -1.88056e+05    1.30987e+03
      Potential    Kinetic En.   Total Energy  Conserved En.    Temperature
   -1.60822e+05    3.46183e+04   -1.26204e+05   -1.49209e+05    3.41982e+02
 Pres. DC (bar) Pressure (bar)   Constr. rmsd
   -1.87192e+02    6.42817e+02    4.08184e-06


DD  step 418999 load imb.: force 18.6%
           Step           Time
         419000      838.00000

   Energies (kJ/mol)
           Bond          Angle    Proper Dih. Per. Imp. Dih.          LJ-14
    1.54678e+02    3.51109e+02    4.00476e+02    2.50213e+01    1.78802e+02
     Coulomb-14        LJ (SR)  Disper. corr.   Coulomb (SR)   Coul. recip.
    2.40319e+03    2.32683e+04   -1.40738e+03   -1.87711e+05    1.27538e+03
      Potential    Kinetic En.   Total Energy  Conserved En.    Temperature
   -1.61061e+05    3.44290e+04   -1.26632e+05   -1.49203e+05    3.40111e+02
 Pres. DC (bar) Pressure (bar)   Constr. rmsd
   -1.87192e+02    2.40356e+02    2.00523e-06


DD  step 419999 load imb.: force 26.6%
           Step           Time
         420000      840.00000

   Energies (kJ/mol)
           Bond          Angle    Proper Dih. Per. Imp. Dih.          LJ-14
    1.49038e+02    3.23040e+02    3.84617e+02    2.34467e+01    1.78206e+02
     Coulomb-14        LJ (SR)  Disper. corr.   Coulomb (SR)   Coul. recip.
    2.35314e+03    2.34519e+04   -1.40738e+03   -1.88305e+05    1.33389e+03
      Potential    Kinetic En.   Total Energy  Conserved En.    Temperature
   -1.61516e+05    3.45423e+04   -1.26973e+05   -1.49205e+05    3.41231e+02
 Pres. DC (bar) Pressure (bar)   Constr. rmsd
   -1.87192e+02    4.67480e+02    2.42029e-06


DD  step 420999 load imb.: force 14.1%
           Step           Time
         421000      842.00000

   Energies (kJ/mol)
           Bond          Angle    Proper Dih. Per. Imp. Dih.          LJ-14
    1.20067e+02    2.96389e+02    3.87973e+02    2.46058e+01    1.79149e+02
     Coulomb-14        LJ (SR)  Disper. corr.   Coulomb (SR)   Coul. recip.
    2.38698e+03    2.35631e+04   -1.40738e+03   -1.88288e+05    1.31981e+03
      Potential    Kinetic En.   Total Energy  Conserved En.    Temperature
   -1.61418e+05    3.40880e+04   -1.27330e+05   -1.49207e+05    3.36743e+02
 Pres. DC (bar) Pressure (bar)   Constr. rmsd
   -1.87192e+02    4.21590e+02    4.51958e-06


DD  step 421999 load imb.: force 13.9%
           Step           Time
         422000      844.00000

   Energies (kJ/mol)
           Bond          Angle    Proper Dih. Per. Imp. Dih.          LJ-14
    1.48633e+02    2.76313e+02    3.44282e+02    1.98689e+01    1.78827e+02
     Coulomb-14        LJ (SR)  Disper. corr.   Coulomb (SR)   Coul. recip.
    2.35930e+03    2.38764e+04   -1.40738e+03   -1.88752e+05    1.32115e+03
      Potential    Kinetic En.   Total Energy  Conserved En.    Temperature
   -1.61634e+05    3.40400e+04   -1.27594e+05   -1.49206e+05    3.36269e+02
 Pres. DC (bar) Pressure (bar)   Constr. rmsd
   -1.87192e+02    3.93020e+02    3.63754e-06


DD  step 422999 load imb.: force 15.2%
           Step           Time
         423000      846.00000

   Energies (kJ/mol)
           Bond          Angle    Proper Dih. Per. Imp. Dih.          LJ-14
    1.61100e+02    3.21710e+02    3.81430e+02    2.21671e+01    1.83288e+02
     Coulomb-14        LJ (SR)  Disper. corr.   Coulomb (SR)   Coul. recip.
    2.36633e+03    2.34408e+04   -1.40738e+03   -1.88491e+05    1.34236e+03
      Potential    Kinetic En.   Total Energy  Conserved En.    Temperature
   -1.61679e+05    3.39312e+04   -1.27748e+05   -1.49197e+05    3.35194e+02
 Pres. DC (bar) Pressure (bar)   Constr. rmsd
   -1.87192e+02    2.45323e+02    2.58832e-06


DD  step 423999 load imb.: force 12.7%
           Step           Time
         424000      848.00000

   Energies (kJ/mol)
           Bond          Angle    Proper Dih. Per. Imp. Dih.          LJ-14
    1.41496e+02    3.01965e+02    3.94594e+02    1.91626e+01    1.89653e+02
     Coulomb-14        LJ (SR)  Disper. corr.   Coulomb (SR)   Coul. recip.
    2.37621e+03    2.26857e+04   -1.40738e+03   -1.86767e+05    1.27369e+03
      Potential    Kinetic En.   Total Energy  Conserved En.    Temperature
   -1.60792e+05    3.41073e+04   -1.26685e+05   -1.49206e+05    3.36934e+02
 Pres. DC (bar) Pressure (bar)   Constr. rmsd
   -1.87192e+02    4.84205e+01    2.69964e-06


DD  step 424999 load imb.: force 12.5%
           Step           Time
         425000      850.00000

   Energies (kJ/mol)
           Bond          Angle    Proper Dih. Per. Imp. Dih.          LJ-14
    1.41572e+02    3.52118e+02    3.36011e+02    2.15534e+01    1.67162e+02
     Coulomb-14        LJ (SR)  Disper. corr.   Coulomb (SR)   Coul. recip.
    2.29855e+03    2.28965e+04   -1.40738e+03   -1.87415e+05    1.32741e+03
      Potential    Kinetic En.   Total Energy  Conserved En.    Temperature
   -1.61282e+05    3.45420e+04   -1.26740e+05   -1.49199e+05    3.41228e+02
 Pres. DC (bar) Pressure (bar)   Constr. rmsd
   -1.87192e+02    1.33692e+02    2.58884e-06


DD  step 425999 load imb.: force 18.1%
           Step           Time
         426000      852.00000

   Energies (kJ/mol)
           Bond          Angle    Proper Dih. Per. Imp. Dih.          LJ-14
    1.49027e+02    3.13136e+02    3.65322e+02    1.81119e+01    1.84120e+02
     Coulomb-14        LJ (SR)  Disper. corr.   Coulomb (SR)   Coul. recip.
    2.36553e+03    2.38489e+04   -1.40738e+03   -1.88277e+05    1.31090e+03
      Potential    Kinetic En.   Total Energy  Conserved En.    Temperature
   -1.61129e+05    3.37854e+04   -1.27344e+05   -1.49202e+05    3.33754e+02
 Pres. DC (bar) Pressure (bar)   Constr. rmsd
   -1.87192e+02    5.37288e+02    2.97155e-06


DD  step 426999 load imb.: force 22.9%
           Step           Time
         427000      854.00000

   Energies (kJ/mol)
           Bond          Angle    Proper Dih. Per. Imp. Dih.          LJ-14
    1.34545e+02    3.32247e+02    3.72275e+02    1.84998e+01    1.75947e+02
     Coulomb-14        LJ (SR)  Disper. corr.   Coulomb (SR)   Coul. recip.
    2.34488e+03    2.35627e+04   -1.40738e+03   -1.88303e+05    1.28982e+03
      Potential    Kinetic En.   Total Energy  Conserved En.    Temperature
   -1.61479e+05    3.38772e+04   -1.27602e+05   -1.49200e+05    3.34661e+02
 Pres. DC (bar) Pressure (bar)   Constr. rmsd
   -1.87192e+02    4.33181e+02    2.17747e-06


DD  step 427999 load imb.: force 25.5%
           Step           Time
         428000      856.00000

   Energies (kJ/mol)
           Bond          Angle    Proper Dih. Per. Imp. Dih.          LJ-14
    1.65337e+02    3.09022e+02    3.86735e+02    2.01863e+01    1.80937e+02
     Coulomb-14        LJ (SR)  Disper. corr.   Coulomb (SR)   Coul. recip.
    2.37601e+03    2.25891e+04   -1.40738e+03   -1.87246e+05    1.30512e+03
      Potential    Kinetic En.   Total Energy  Conserved En.    Temperature
   -1.61321e+05    3.40533e+04   -1.27268e+05   -1.49191e+05    3.36400e+02
 Pres. DC (bar) Pressure (bar)   Constr. rmsd
   -1.87192e+02   -4.41694e+01    2.66365e-06


DD  step 428999 load imb.: force 17.0%
           Step           Time
         429000      858.00000

   Energies (kJ/mol)
           Bond          Angle    Proper Dih. Per. Imp. Dih.          LJ-14
    1.21380e+02    3.42134e+02    3.73385e+02    1.47020e+01    2.00608e+02
     Coulomb-14        LJ (SR)  Disper. corr.   Coulomb (SR)   Coul. recip.
    2.36438e+03    2.34664e+04   -1.40738e+03   -1.88122e+05    1.26994e+03
      Potential    Kinetic En.   Total Energy  Conserved En.    Temperature
   -1.61377e+05    3.47609e+04   -1.26616e+05   -1.49200e+05    3.43390e+02
 Pres. DC (bar) Pressure (bar)   Constr. rmsd
   -1.87192e+02    4.91835e+02    2.56345e-06


DD  step 429999 load imb.: force 16.2%
           Step           Time
         430000      860.00000

   Energies (kJ/mol)
           Bond          Angle    Proper Dih. Per. Imp. Dih.          LJ-14
    1.80884e+02    3.69031e+02    3.54292e+02    2.43710e+01    1.95710e+02
     Coulomb-14        LJ (SR)  Disper. corr.   Coulomb (SR)   Coul. recip.
    2.41279e+03    2.39442e+04   -1.40738e+03   -1.87991e+05    1.34523e+03
      Potential    Kinetic En.   Total Energy  Conserved En.    Temperature
   -1.60572e+05    3.41573e+04   -1.26414e+05   -1.49181e+05    3.37428e+02
 Pres. DC (bar) Pressure (bar)   Constr. rmsd
   -1.87192e+02    6.74749e+02    2.63286e-06


DD  step 430999 load imb.: force 16.0%
           Step           Time
         431000      862.00000

   Energies (kJ/mol)
           Bond          Angle    Proper Dih. Per. Imp. Dih.          LJ-14
    1.71408e+02    3.82870e+02    3.81697e+02    3.58744e+01    1.75972e+02
     Coulomb-14        LJ (SR)  Disper. corr.   Coulomb (SR)   Coul. recip.
    2.31837e+03    2.34687e+04   -1.40738e+03   -1.87375e+05    1.35252e+03
      Potential    Kinetic En.   Total Energy  Conserved En.    Temperature
   -1.60495e+05    3.48022e+04   -1.25693e+05   -1.49182e+05    3.43798e+02
 Pres. DC (bar) Pressure (bar)   Constr. rmsd
   -1.87192e+02    5.08789e+02    3.97283e-06


DD  step 431999 load imb.: force 23.8%
           Step           Time
         432000      864.00000

   Energies (kJ/mol)
           Bond          Angle    Proper Dih. Per. Imp. Dih.          LJ-14
    1.28769e+02    3.72187e+02    3.61727e+02    1.48466e+01    1.91210e+02
     Coulomb-14        LJ (SR)  Disper. corr.   Coulomb (SR)   Coul. recip.
    2.31017e+03    2.36441e+04   -1.40738e+03   -1.87236e+05    1.34874e+03
      Potential    Kinetic En.   Total Energy  Conserved En.    Temperature
   -1.60271e+05    3.39575e+04   -1.26314e+05   -1.49183e+05    3.35453e+02
 Pres. DC (bar) Pressure (bar)   Constr. rmsd
   -1.87192e+02    6.31632e+02    3.33849e-06


DD  step 432999 load imb.: force 22.6%
           Step           Time
         433000      866.00000

   Energies (kJ/mol)
           Bond          Angle    Proper Dih. Per. Imp. Dih.          LJ-14
    1.83727e+02    3.19055e+02    3.60880e+02    1.48036e+01    1.81322e+02
     Coulomb-14        LJ (SR)  Disper. corr.   Coulomb (SR)   Coul. recip.
    2.28058e+03    2.42628e+04   -1.40738e+03   -1.89073e+05    1.36997e+03
      Potential    Kinetic En.   Total Energy  Conserved En.    Temperature
   -1.61507e+05    3.47820e+04   -1.26725e+05   -1.49185e+05    3.43598e+02
 Pres. DC (bar) Pressure (bar)   Constr. rmsd
   -1.87192e+02    7.73196e+02    2.66241e-06


DD  step 433999 load imb.: force  9.7%
           Step           Time
         434000      868.00000

   Energies (kJ/mol)
           Bond          Angle    Proper Dih. Per. Imp. Dih.          LJ-14
    1.41728e+02    3.17205e+02    3.60135e+02    1.97929e+01    1.92963e+02
     Coulomb-14        LJ (SR)  Disper. corr.   Coulomb (SR)   Coul. recip.
    2.37785e+03    2.34762e+04   -1.40738e+03   -1.88016e+05    1.28123e+03
      Potential    Kinetic En.   Total Energy  Conserved En.    Temperature
   -1.61256e+05    3.47560e+04   -1.26500e+05   -1.49185e+05    3.43341e+02
 Pres. DC (bar) Pressure (bar)   Constr. rmsd
   -1.87192e+02    3.22722e+02    2.71849e-06


DD  step 434999 load imb.: force 14.1%
           Step           Time
         435000      870.00000

   Energies (kJ/mol)
           Bond          Angle    Proper Dih. Per. Imp. Dih.          LJ-14
    1.25631e+02    3.68678e+02    3.66770e+02    1.70542e+01    1.78248e+02
     Coulomb-14        LJ (SR)  Disper. corr.   Coulomb (SR)   Coul. recip.
    2.37421e+03    2.41986e+04   -1.40738e+03   -1.88861e+05    1.27998e+03
      Potential    Kinetic En.   Total Energy  Conserved En.    Temperature
   -1.61359e+05    3.45287e+04   -1.26830e+05   -1.49186e+05    3.41096e+02
 Pres. DC (bar) Pressure (bar)   Constr. rmsd
   -1.87192e+02    6.75880e+02    2.09188e-06


DD  step 435999 load imb.: force 16.3%
           Step           Time
         436000      872.00000

   Energies (kJ/mol)
           Bond          Angle    Proper Dih. Per. Imp. Dih.          LJ-14
    1.49064e+02    3.09498e+02    3.48465e+02    1.43779e+01    1.87896e+02
     Coulomb-14        LJ (SR)  Disper. corr.   Coulomb (SR)   Coul. recip.
    2.38923e+03    2.30686e+04   -1.40738e+03   -1.87237e+05    1.36919e+03
      Potential    Kinetic En.   Total Energy  Conserved En.    Temperature
   -1.60808e+05    3.44048e+04   -1.26403e+05   -1.49181e+05    3.39873e+02
 Pres. DC (bar) Pressure (bar)   Constr. rmsd
   -1.87192e+02    4.37364e+02    2.59464e-06


DD  step 436999 load imb.: force 16.3%
           Step           Time
         437000      874.00000

   Energies (kJ/mol)
           Bond          Angle    Proper Dih. Per. Imp. Dih.          LJ-14
    1.39098e+02    2.83980e+02    3.74412e+02    1.74268e+01    1.80493e+02
     Coulomb-14        LJ (SR)  Disper. corr.   Coulomb (SR)   Coul. recip.
    2.32788e+03    2.33787e+04   -1.40738e+03   -1.87300e+05    1.31334e+03
      Potential    Kinetic En.   Total Energy  Conserved En.    Temperature
   -1.60692e+05    3.40685e+04   -1.26623e+05   -1.49173e+05    3.36550e+02
 Pres. DC (bar) Pressure (bar)   Constr. rmsd
   -1.87192e+02    4.98788e+02    4.73820e-06


DD  step 437999 load imb.: force 21.1%
           Step           Time
         438000      876.00000

   Energies (kJ/mol)
           Bond          Angle    Proper Dih. Per. Imp. Dih.          LJ-14
    1.48064e+02    3.31711e+02    3.96813e+02    2.85376e+01    1.67204e+02
     Coulomb-14        LJ (SR)  Disper. corr.   Coulomb (SR)   Coul. recip.
    2.34209e+03    2.32810e+04   -1.40738e+03   -1.87666e+05    1.27463e+03
      Potential    Kinetic En.   Total Energy  Conserved En.    Temperature
   -1.61104e+05    3.42100e+04   -1.26894e+05   -1.49178e+05    3.37948e+02
 Pres. DC (bar) Pressure (bar)   Constr. rmsd
   -1.87192e+02    2.36317e+02    3.17664e-06


DD  step 438999 load imb.: force 18.4%
           Step           Time
         439000      878.00000

   Energies (kJ/mol)
           Bond          Angle    Proper Dih. Per. Imp. Dih.          LJ-14
    1.52564e+02    3.05245e+02    4.02981e+02    2.05739e+01    1.92551e+02
     Coulomb-14        LJ (SR)  Disper. corr.   Coulomb (SR)   Coul. recip.
    2.36413e+03    2.39407e+04   -1.40738e+03   -1.88432e+05    1.32016e+03
      Potential    Kinetic En.   Total Energy  Conserved En.    Temperature
   -1.61141e+05    3.42416e+04   -1.26899e+05   -1.49180e+05    3.38260e+02
 Pres. DC (bar) Pressure (bar)   Constr. rmsd
   -1.87192e+02    6.33977e+02    2.46574e-06


DD  step 439999 load imb.: force 17.6%
           Step           Time
         440000      880.00000

   Energies (kJ/mol)
           Bond          Angle    Proper Dih. Per. Imp. Dih.          LJ-14
    1.81780e+02    3.88198e+02    3.81496e+02    1.64445e+01    1.78608e+02
     Coulomb-14        LJ (SR)  Disper. corr.   Coulomb (SR)   Coul. recip.
    2.32022e+03    2.35086e+04   -1.40738e+03   -1.88367e+05    1.34338e+03
      Potential    Kinetic En.   Total Energy  Conserved En.    Temperature
   -1.61456e+05    3.44568e+04   -1.26999e+05   -1.49169e+05    3.40386e+02
 Pres. DC (bar) Pressure (bar)   Constr. rmsd
   -1.87192e+02    3.24617e+02    3.25322e-06


DD  step 440999 load imb.: force 16.9%
           Step           Time
         441000      882.00000

   Energies (kJ/mol)
           Bond          Angle    Proper Dih. Per. Imp. Dih.          LJ-14
    1.33975e+02    3.26808e+02    3.76253e+02    1.83598e+01    1.98139e+02
     Coulomb-14        LJ (SR)  Disper. corr.   Coulomb (SR)   Coul. recip.
    2.37761e+03    2.25148e+04   -1.40738e+03   -1.86676e+05    1.25584e+03
      Potential    Kinetic En.   Total Energy  Conserved En.    Temperature
   -1.60882e+05    3.43139e+04   -1.26568e+05   -1.49182e+05    3.38974e+02
 Pres. DC (bar) Pressure (bar)   Constr. rmsd
   -1.87192e+02    8.27821e+01    2.65327e-06


DD  step 441999 load imb.: force 26.1%
           Step           Time
         442000      884.00000

   Energies (kJ/mol)
           Bond          Angle    Proper Dih. Per. Imp. Dih.          LJ-14
    1.52356e+02    3.77170e+02    3.56017e+02    1.54498e+01    1.69026e+02
     Coulomb-14        LJ (SR)  Disper. corr.   Coulomb (SR)   Coul. recip.
    2.35313e+03    2.32350e+04   -1.40738e+03   -1.87800e+05    1.32222e+03
      Potential    Kinetic En.   Total Energy  Conserved En.    Temperature
   -1.61227e+05    3.48479e+04   -1.26379e+05   -1.49173e+05    3.44250e+02
 Pres. DC (bar) Pressure (bar)   Constr. rmsd
   -1.87192e+02    2.20787e+02    2.14052e-06


DD  step 442999 load imb.: force 23.7%
           Step           Time
         443000      886.00000

   Energies (kJ/mol)
           Bond          Angle    Proper Dih. Per. Imp. Dih.          LJ-14
    2.03776e+02    3.40622e+02    3.91126e+02    2.29558e+01    1.74157e+02
     Coulomb-14        LJ (SR)  Disper. corr.   Coulomb (SR)   Coul. recip.
    2.36649e+03    2.35656e+04   -1.40738e+03   -1.87251e+05    1.35823e+03
      Potential    Kinetic En.   Total Energy  Conserved En.    Temperature
   -1.60236e+05    3.42745e+04   -1.25961e+05   -1.49168e+05    3.38586e+02
 Pres. DC (bar) Pressure (bar)   Constr. rmsd
   -1.87192e+02    4.92376e+02    3.52489e-06


DD  step 443999 load imb.: force 20.9%
           Step           Time
         444000      888.00000

   Energies (kJ/mol)
           Bond          Angle    Proper Dih. Per. Imp. Dih.          LJ-14
    1.63676e+02    3.44465e+02    3.72785e+02    1.95191e+01    1.83056e+02
     Coulomb-14        LJ (SR)  Disper. corr.   Coulomb (SR)   Coul. recip.
    2.34534e+03    2.21676e+04   -1.40738e+03   -1.86074e+05    1.32244e+03
      Potential    Kinetic En.   Total Energy  Conserved En.    Temperature
   -1.60562e+05    3.48575e+04   -1.25705e+05   -1.49170e+05    3.44344e+02
 Pres. DC (bar) Pressure (bar)   Constr. rmsd
   -1.87192e+02   -4.06263e+01    6.15408e-06


DD  step 444999 load imb.: force 18.1%
           Step           Time
         445000      890.00000

   Energies (kJ/mol)
           Bond          Angle    Proper Dih. Per. Imp. Dih.          LJ-14
    1.45957e+02    2.68836e+02    4.00955e+02    1.87870e+01    1.62840e+02
     Coulomb-14        LJ (SR)  Disper. corr.   Coulomb (SR)   Coul. recip.
    2.37353e+03    2.32040e+04   -1.40738e+03   -1.87717e+05    1.31203e+03
      Potential    Kinetic En.   Total Energy  Conserved En.    Temperature
   -1.61238e+05    3.43903e+04   -1.26847e+05   -1.49175e+05    3.39729e+02
 Pres. DC (bar) Pressure (bar)   Constr. rmsd
   -1.87192e+02    1.11137e+02    2.54450e-06


DD  step 445999 load imb.: force 23.5%
           Step           Time
         446000      892.00000

   Energies (kJ/mol)
           Bond          Angle    Proper Dih. Per. Imp. Dih.          LJ-14
    1.73765e+02    3.44245e+02    4.04542e+02    3.70586e+01    1.66980e+02
     Coulomb-14        LJ (SR)  Disper. corr.   Coulomb (SR)   Coul. recip.
    2.30959e+03    2.29989e+04   -1.40738e+03   -1.87016e+05    1.29936e+03
      Potential    Kinetic En.   Total Energy  Conserved En.    Temperature
   -1.60689e+05    3.43438e+04   -1.26345e+05   -1.49160e+05    3.39270e+02
 Pres. DC (bar) Pressure (bar)   Constr. rmsd
   -1.87192e+02    1.98795e+02    2.02302e-06


DD  step 446999 load imb.: force 21.0%
           Step           Time
         447000      894.00000

   Energies (kJ/mol)
           Bond          Angle    Proper Dih. Per. Imp. Dih.          LJ-14
    1.96012e+02    3.16747e+02    3.98413e+02    2.25335e+01    1.75642e+02
     Coulomb-14        LJ (SR)  Disper. corr.   Coulomb (SR)   Coul. recip.
    2.34841e+03    2.31060e+04   -1.40738e+03   -1.86834e+05    1.40167e+03
      Potential    Kinetic En.   Total Energy  Conserved En.    Temperature
   -1.60276e+05    3.41255e+04   -1.26150e+05   -1.49145e+05    3.37113e+02
 Pres. DC (bar) Pressure (bar)   Constr. rmsd
   -1.87192e+02    2.37364e+02    2.21421e-06


DD  step 447999 load imb.: force 20.6%
           Step           Time
         448000      896.00000

   Energies (kJ/mol)
           Bond          Angle    Proper Dih. Per. Imp. Dih.          LJ-14
    1.98473e+02    3.11583e+02    4.08531e+02    2.69535e+01    1.64250e+02
     Coulomb-14        LJ (SR)  Disper. corr.   Coulomb (SR)   Coul. recip.
    2.35616e+03    2.31087e+04   -1.40738e+03   -1.87327e+05    1.30295e+03
      Potential    Kinetic En.   Total Energy  Conserved En.    Temperature
   -1.60857e+05    3.46896e+04   -1.26168e+05   -1.49156e+05    3.42685e+02
 Pres. DC (bar) Pressure (bar)   Constr. rmsd
   -1.87192e+02    2.03708e+02    2.78663e-06


DD  step 448999 load imb.: force 14.9%
           Step           Time
         449000      898.00000

   Energies (kJ/mol)
           Bond          Angle    Proper Dih. Per. Imp. Dih.          LJ-14
    1.36530e+02    3.24322e+02    3.88407e+02    1.01510e+01    1.81143e+02
     Coulomb-14        LJ (SR)  Disper. corr.   Coulomb (SR)   Coul. recip.
    2.33557e+03    2.29622e+04   -1.40738e+03   -1.87072e+05    1.33242e+03
      Potential    Kinetic En.   Total Energy  Conserved En.    Temperature
   -1.60808e+05    3.49941e+04   -1.25814e+05   -1.49164e+05    3.45693e+02
 Pres. DC (bar) Pressure (bar)   Constr. rmsd
   -1.87192e+02    2.53290e+02    3.00305e-06


DD  step 449999 load imb.: force 27.9%
           Step           Time
         450000      900.00000

   Energies (kJ/mol)
           Bond          Angle    Proper Dih. Per. Imp. Dih.          LJ-14
    1.62318e+02    3.53132e+02    3.83350e+02    2.20696e+01    1.75379e+02
     Coulomb-14        LJ (SR)  Disper. corr.   Coulomb (SR)   Coul. recip.
    2.36620e+03    2.30126e+04   -1.40738e+03   -1.86976e+05    1.34442e+03
      Potential    Kinetic En.   Total Energy  Conserved En.    Temperature
   -1.60563e+05    3.46575e+04   -1.25906e+05   -1.49152e+05    3.42369e+02
 Pres. DC (bar) Pressure (bar)   Constr. rmsd
   -1.87192e+02    3.44895e+02    3.03026e-06


DD  step 450999 load imb.: force 17.6%
           Step           Time
         451000      902.00000

   Energies (kJ/mol)
           Bond          Angle    Proper Dih. Per. Imp. Dih.          LJ-14
    1.51596e+02    3.25775e+02    3.53535e+02    1.61581e+01    1.69804e+02
     Coulomb-14        LJ (SR)  Disper. corr.   Coulomb (SR)   Coul. recip.
    2.43233e+03    2.31467e+04   -1.40738e+03   -1.87636e+05    1.28198e+03
      Potential    Kinetic En.   Total Energy  Conserved En.    Temperature
   -1.61165e+05    3.48674e+04   -1.26298e+05   -1.49156e+05    3.44443e+02
 Pres. DC (bar) Pressure (bar)   Constr. rmsd
   -1.87192e+02    2.03687e+02    1.62771e-06


DD  step 451999 load imb.: force 27.4%
           Step           Time
         452000      904.00000

   Energies (kJ/mol)
           Bond          Angle    Proper Dih. Per. Imp. Dih.          LJ-14
    1.88991e+02    3.50481e+02    3.97109e+02    2.43692e+01    1.57156e+02
     Coulomb-14        LJ (SR)  Disper. corr.   Coulomb (SR)   Coul. recip.
    2.32169e+03    2.28446e+04   -1.40738e+03   -1.86779e+05    1.24966e+03
      Potential    Kinetic En.   Total Energy  Conserved En.    Temperature
   -1.60653e+05    3.40509e+04   -1.26602e+05   -1.49153e+05    3.36377e+02
 Pres. DC (bar) Pressure (bar)   Constr. rmsd
   -1.87192e+02    7.95404e+01    1.95656e-06


DD  step 452999 load imb.: force 16.1%
           Step           Time
         453000      906.00000

   Energies (kJ/mol)
           Bond          Angle    Proper Dih. Per. Imp. Dih.          LJ-14
    1.18450e+02    3.26685e+02    4.03830e+02    2.44148e+01    1.73360e+02
     Coulomb-14        LJ (SR)  Disper. corr.   Coulomb (SR)   Coul. recip.
    2.39270e+03    2.33484e+04   -1.40738e+03   -1.88093e+05    1.40354e+03
      Potential    Kinetic En.   Total Energy  Conserved En.    Temperature
   -1.61309e+05    3.46644e+04   -1.26644e+05   -1.49159e+05    3.42437e+02
 Pres. DC (bar) Pressure (bar)   Constr. rmsd
   -1.87192e+02    3.20017e+02    3.60963e-06


DD  step 453999 load imb.: force 19.0%
           Step           Time
         454000      908.00000

   Energies (kJ/mol)
           Bond          Angle    Proper Dih. Per. Imp. Dih.          LJ-14
    1.92408e+02    3.14484e+02    4.08367e+02    1.86843e+01    1.92178e+02
     Coulomb-14        LJ (SR)  Disper. corr.   Coulomb (SR)   Coul. recip.
    2.37565e+03    2.34105e+04   -1.40738e+03   -1.87855e+05    1.29747e+03
      Potential    Kinetic En.   Total Energy  Conserved En.    Temperature
   -1.61052e+05    3.45207e+04   -1.26532e+05   -1.49146e+05    3.41018e+02
 Pres. DC (bar) Pressure (bar)   Constr. rmsd
   -1.87192e+02    3.83566e+02    2.85105e-06


DD  step 454999 load imb.: force 14.7%
           Step           Time
         455000      910.00000

   Energies (kJ/mol)
           Bond          Angle    Proper Dih. Per. Imp. Dih.          LJ-14
    1.83115e+02    3.61517e+02    3.85207e+02    2.04150e+01    1.76643e+02
     Coulomb-14        LJ (SR)  Disper. corr.   Coulomb (SR)   Coul. recip.
    2.32367e+03    2.32454e+04   -1.40738e+03   -1.87908e+05    1.35853e+03
      Potential    Kinetic En.   Total Energy  Conserved En.    Temperature
   -1.61261e+05    3.41345e+04   -1.27126e+05   -1.49142e+05    3.37202e+02
 Pres. DC (bar) Pressure (bar)   Constr. rmsd
   -1.87192e+02    2.34393e+02    3.14999e-06


DD  step 455999 load imb.: force 11.5%
           Step           Time
         456000      912.00000

   Energies (kJ/mol)
           Bond          Angle    Proper Dih. Per. Imp. Dih.          LJ-14
    1.74528e+02    3.84611e+02    3.64096e+02    1.22088e+01    1.47958e+02
     Coulomb-14        LJ (SR)  Disper. corr.   Coulomb (SR)   Coul. recip.
    2.28174e+03    2.41113e+04   -1.40738e+03   -1.88467e+05    1.34888e+03
      Potential    Kinetic En.   Total Energy  Conserved En.    Temperature
   -1.61049e+05    3.45290e+04   -1.26520e+05   -1.49146e+05    3.41100e+02
 Pres. DC (bar) Pressure (bar)   Constr. rmsd
   -1.87192e+02    6.66933e+02    2.62157e-06


DD  step 456999 load imb.: force 14.8%
           Step           Time
         457000      914.00000

   Energies (kJ/mol)
           Bond          Angle    Proper Dih. Per. Imp. Dih.          LJ-14
    1.61371e+02    3.30626e+02    3.41891e+02    2.16890e+01    1.94475e+02
     Coulomb-14        LJ (SR)  Disper. corr.   Coulomb (SR)   Coul. recip.
    2.37186e+03    2.29154e+04   -1.40738e+03   -1.86999e+05    1.25961e+03
      Potential    Kinetic En.   Total Energy  Conserved En.    Temperature
   -1.60809e+05    3.39231e+04   -1.26886e+05   -1.49142e+05    3.35114e+02
 Pres. DC (bar) Pressure (bar)   Constr. rmsd
   -1.87192e+02    2.84810e+02    3.32388e-06


DD  step 457999 load imb.: force 22.4%
           Step           Time
         458000      916.00000

   Energies (kJ/mol)
           Bond          Angle    Proper Dih. Per. Imp. Dih.          LJ-14
    1.49608e+02    3.26485e+02    3.78879e+02    1.24928e+01    1.91668e+02
     Coulomb-14        LJ (SR)  Disper. corr.   Coulomb (SR)   Coul. recip.
    2.37065e+03    2.31654e+04   -1.40738e+03   -1.87351e+05    1.36383e+03
      Potential    Kinetic En.   Total Energy  Conserved En.    Temperature
   -1.60800e+05    3.43390e+04   -1.26461e+05   -1.49150e+05    3.39223e+02
 Pres. DC (bar) Pressure (bar)   Constr. rmsd
   -1.87192e+02    4.51850e+02    2.82937e-06


DD  step 458999 load imb.: force 23.6%
           Step           Time
         459000      918.00000

   Energies (kJ/mol)
           Bond          Angle    Proper Dih. Per. Imp. Dih.          LJ-14
    1.61404e+02    3.05050e+02    3.94532e+02    2.18921e+01    1.76505e+02
     Coulomb-14        LJ (SR)  Disper. corr.   Coulomb (SR)   Coul. recip.
    2.35297e+03    2.32579e+04   -1.40738e+03   -1.87499e+05    1.40682e+03
      Potential    Kinetic En.   Total Energy  Conserved En.    Temperature
   -1.60829e+05    3.43668e+04   -1.26463e+05   -1.49140e+05    3.39497e+02
 Pres. DC (bar) Pressure (bar)   Constr. rmsd
   -1.87192e+02    3.32121e+02    2.04094e-06


DD  step 459999 load imb.: force 23.8%
           Step           Time
         460000      920.00000

   Energies (kJ/mol)
           Bond          Angle    Proper Dih. Per. Imp. Dih.          LJ-14
    1.80379e+02    3.37807e+02    3.93343e+02    3.30125e+01    1.50544e+02
     Coulomb-14        LJ (SR)  Disper. corr.   Coulomb (SR)   Coul. recip.
    2.30225e+03    2.43612e+04   -1.40738e+03   -1.88959e+05    1.32609e+03
      Potential    Kinetic En.   Total Energy  Conserved En.    Temperature
   -1.61282e+05    3.46259e+04   -1.26656e+05   -1.49143e+05    3.42057e+02
 Pres. DC (bar) Pressure (bar)   Constr. rmsd
   -1.87192e+02    5.56353e+02    2.60417e-06


DD  step 460999 load imb.: force 18.0%
           Step           Time
         461000      922.00000

   Energies (kJ/mol)
           Bond          Angle    Proper Dih. Per. Imp. Dih.          LJ-14
    1.84091e+02    2.68644e+02    3.75345e+02    1.89658e+01    1.64836e+02
     Coulomb-14        LJ (SR)  Disper. corr.   Coulomb (SR)   Coul. recip.
    2.33323e+03    2.33880e+04   -1.40738e+03   -1.88305e+05    1.39991e+03
      Potential    Kinetic En.   Total Energy  Conserved En.    Temperature
   -1.61579e+05    3.42163e+04   -1.27363e+05   -1.49133e+05    3.38011e+02
 Pres. DC (bar) Pressure (bar)   Constr. rmsd
   -1.87192e+02    1.84090e+02    2.45397e-06


DD  step 461999 load imb.: force 17.2%
           Step           Time
         462000      924.00000

   Energies (kJ/mol)
           Bond          Angle    Proper Dih. Per. Imp. Dih.          LJ-14
    1.40189e+02    3.33125e+02    3.56932e+02    1.93685e+01    1.78553e+02
     Coulomb-14        LJ (SR)  Disper. corr.   Coulomb (SR)   Coul. recip.
    2.36675e+03    2.31321e+04   -1.40738e+03   -1.87580e+05    1.30876e+03
      Potential    Kinetic En.   Total Energy  Conserved En.    Temperature
   -1.61152e+05    3.50380e+04   -1.26114e+05   -1.49150e+05    3.46128e+02
 Pres. DC (bar) Pressure (bar)   Constr. rmsd
   -1.87192e+02    2.15257e+02    2.33838e-06


DD  step 462999 load imb.: force 16.2%
           Step           Time
         463000      926.00000

   Energies (kJ/mol)
           Bond          Angle    Proper Dih. Per. Imp. Dih.          LJ-14
    1.51373e+02    3.14884e+02    4.33654e+02    2.26556e+01    1.76580e+02
     Coulomb-14        LJ (SR)  Disper. corr.   Coulomb (SR)   Coul. recip.
    2.38567e+03    2.31677e+04   -1.40738e+03   -1.87378e+05    1.36802e+03
      Potential    Kinetic En.   Total Energy  Conserved En.    Temperature
   -1.60765e+05    3.43152e+04   -1.26449e+05   -1.49137e+05    3.38988e+02
 Pres. DC (bar) Pressure (bar)   Constr. rmsd
   -1.87192e+02    2.45343e+02    1.63498e-06


DD  step 463999 load imb.: force 18.5%
           Step           Time
         464000      928.00000

   Energies (kJ/mol)
           Bond          Angle    Proper Dih. Per. Imp. Dih.          LJ-14
    1.68736e+02    3.32274e+02    3.52580e+02    2.67698e+01    1.88108e+02
     Coulomb-14        LJ (SR)  Disper. corr.   Coulomb (SR)   Coul. recip.
    2.35176e+03    2.27172e+04   -1.40738e+03   -1.86591e+05    1.34315e+03
      Potential    Kinetic En.   Total Energy  Conserved En.    Temperature
   -1.60518e+05    3.40415e+04   -1.26476e+05   -1.49137e+05    3.36284e+02
 Pres. DC (bar) Pressure (bar)   Constr. rmsd
   -1.87192e+02    2.11615e+02    2.50575e-06


DD  step 464999 load imb.: force 25.4%
           Step           Time
         465000      930.00000

   Energies (kJ/mol)
           Bond          Angle    Proper Dih. Per. Imp. Dih.          LJ-14
    1.40411e+02    3.12365e+02    3.87521e+02    2.29933e+01    1.68585e+02
     Coulomb-14        LJ (SR)  Disper. corr.   Coulomb (SR)   Coul. recip.
    2.36571e+03    2.35010e+04   -1.40738e+03   -1.88173e+05    1.32425e+03
      Potential    Kinetic En.   Total Energy  Conserved En.    Temperature
   -1.61358e+05    3.47251e+04   -1.26633e+05   -1.49136e+05    3.43036e+02
 Pres. DC (bar) Pressure (bar)   Constr. rmsd
   -1.87192e+02    3.91665e+02    2.56880e-06


DD  step 465999 load imb.: force 23.6%
           Step           Time
         466000      932.00000

   Energies (kJ/mol)
           Bond          Angle    Proper Dih. Per. Imp. Dih.          LJ-14
    1.66813e+02    3.17918e+02    3.49666e+02    2.49731e+01    1.70451e+02
     Coulomb-14        LJ (SR)  Disper. corr.   Coulomb (SR)   Coul. recip.
    2.39955e+03    2.25015e+04   -1.40738e+03   -1.86175e+05    1.39160e+03
      Potential    Kinetic En.   Total Energy  Conserved En.    Temperature
   -1.60260e+05    3.42472e+04   -1.26013e+05   -1.49135e+05    3.38315e+02
 Pres. DC (bar) Pressure (bar)   Constr. rmsd
   -1.87192e+02    1.36381e+02    2.13674e-06


DD  step 466999 load imb.: force 27.8%
           Step           Time
         467000      934.00000

   Energies (kJ/mol)
           Bond          Angle    Proper Dih. Per. Imp. Dih.          LJ-14
    1.78465e+02    3.33825e+02    4.00318e+02    1.57912e+01    1.79222e+02
     Coulomb-14        LJ (SR)  Disper. corr.   Coulomb (SR)   Coul. recip.
    2.37108e+03    2.33712e+04   -1.40738e+03   -1.87265e+05    1.31669e+03
      Potential    Kinetic En.   Total Energy  Conserved En.    Temperature
   -1.60506e+05    3.44474e+04   -1.26058e+05   -1.49130e+05    3.40293e+02
 Pres. DC (bar) Pressure (bar)   Constr. rmsd
   -1.87192e+02    5.19416e+02    2.54795e-06


DD  step 467999 load imb.: force 25.1%
           Step           Time
         468000      936.00000

   Energies (kJ/mol)
           Bond          Angle    Proper Dih. Per. Imp. Dih.          LJ-14
    1.79625e+02    3.54366e+02    3.87902e+02    1.92288e+01    1.80934e+02
     Coulomb-14        LJ (SR)  Disper. corr.   Coulomb (SR)   Coul. recip.
    2.32420e+03    2.35415e+04   -1.40738e+03   -1.87967e+05    1.30934e+03
      Potential    Kinetic En.   Total Energy  Conserved En.    Temperature
   -1.61078e+05    3.44438e+04   -1.26634e+05   -1.49135e+05    3.40257e+02
 Pres. DC (bar) Pressure (bar)   Constr. rmsd
   -1.87192e+02    4.87955e+02    2.77961e-06


DD  step 468999 load imb.: force 22.4%
           Step           Time
         469000      938.00000

   Energies (kJ/mol)
           Bond          Angle    Proper Dih. Per. Imp. Dih.          LJ-14
    1.66079e+02    3.55903e+02    3.64966e+02    2.98977e+01    1.83508e+02
     Coulomb-14        LJ (SR)  Disper. corr.   Coulomb (SR)   Coul. recip.
    2.38966e+03    2.31727e+04   -1.40738e+03   -1.87071e+05    1.32814e+03
      Potential    Kinetic En.   Total Energy  Conserved En.    Temperature
   -1.60487e+05    3.42505e+04   -1.26236e+05   -1.49124e+05    3.38349e+02
 Pres. DC (bar) Pressure (bar)   Constr. rmsd
   -1.87192e+02    3.65732e+02    2.00970e-06


DD  step 469999 load imb.: force 25.1%
           Step           Time
         470000      940.00000

   Energies (kJ/mol)
           Bond          Angle    Proper Dih. Per. Imp. Dih.          LJ-14
    1.81833e+02    3.42809e+02    3.96899e+02    1.61139e+01    1.66449e+02
     Coulomb-14        LJ (SR)  Disper. corr.   Coulomb (SR)   Coul. recip.
    2.35849e+03    2.42966e+04   -1.40738e+03   -1.89323e+05    1.35230e+03
      Potential    Kinetic En.   Total Energy  Conserved En.    Temperature
   -1.61619e+05    3.46430e+04   -1.26976e+05   -1.49130e+05    3.42225e+02
 Pres. DC (bar) Pressure (bar)   Constr. rmsd
   -1.87192e+02    6.74713e+02    3.69531e-06


DD  step 470999 load imb.: force 24.5%
           Step           Time
         471000      942.00000

   Energies (kJ/mol)
           Bond          Angle    Proper Dih. Per. Imp. Dih.          LJ-14
    1.25911e+02    3.45670e+02    3.90267e+02    2.77737e+01    1.72847e+02
     Coulomb-14        LJ (SR)  Disper. corr.   Coulomb (SR)   Coul. recip.
    2.36437e+03    2.30512e+04   -1.40738e+03   -1.87794e+05    1.30885e+03
      Potential    Kinetic En.   Total Energy  Conserved En.    Temperature
   -1.61414e+05    3.48869e+04   -1.26527e+05   -1.49138e+05    3.44635e+02
 Pres. DC (bar) Pressure (bar)   Constr. rmsd
   -1.87192e+02    2.16862e+02    2.40331e-06


DD  step 471999 load imb.: force 23.4%
           Step           Time
         472000      944.00000

   Energies (kJ/mol)
           Bond          Angle    Proper Dih. Per. Imp. Dih.          LJ-14
    1.10693e+02    2.76978e+02    3.87514e+02    1.82058e+01    1.86260e+02
     Coulomb-14        LJ (SR)  Disper. corr.   Coulomb (SR)   Coul. recip.
    2.38327e+03    2.31285e+04   -1.40738e+03   -1.88210e+05    1.30770e+03
      Potential    Kinetic En.   Total Energy  Conserved En.    Temperature
   -1.61818e+05    3.41897e+04   -1.27628e+05   -1.49128e+05    3.37748e+02
 Pres. DC (bar) Pressure (bar)   Constr. rmsd
   -1.87192e+02    2.06156e+02    4.21061e-06


DD  step 472999 load imb.: force 24.3%
           Step           Time
         473000      946.00000

   Energies (kJ/mol)
           Bond          Angle    Proper Dih. Per. Imp. Dih.          LJ-14
    1.45856e+02    3.52925e+02    3.82240e+02    1.99504e+01    1.72318e+02
     Coulomb-14        LJ (SR)  Disper. corr.   Coulomb (SR)   Coul. recip.
    2.26754e+03    2.32286e+04   -1.40738e+03   -1.87911e+05    1.35095e+03
      Potential    Kinetic En.   Total Energy  Conserved En.    Temperature
   -1.61398e+05    3.49178e+04   -1.26481e+05   -1.49133e+05    3.44940e+02
 Pres. DC (bar) Pressure (bar)   Constr. rmsd
   -1.87192e+02    2.12560e+02    2.51128e-06


DD  step 473999 load imb.: force 24.3%
           Step           Time
         474000      948.00000

   Energies (kJ/mol)
           Bond          Angle    Proper Dih. Per. Imp. Dih.          LJ-14
    1.22667e+02    2.98944e+02    3.93545e+02    1.48686e+01    1.86609e+02
     Coulomb-14        LJ (SR)  Disper. corr.   Coulomb (SR)   Coul. recip.
    2.35943e+03    2.36828e+04   -1.40738e+03   -1.88541e+05    1.30426e+03
      Potential    Kinetic En.   Total Energy  Conserved En.    Temperature
   -1.61586e+05    3.44319e+04   -1.27154e+05   -1.49121e+05    3.40140e+02
 Pres. DC (bar) Pressure (bar)   Constr. rmsd
   -1.87192e+02    4.66473e+02    2.34244e-06


DD  step 474999 load imb.: force 22.5%
           Step           Time
         475000      950.00000

   Energies (kJ/mol)
           Bond          Angle    Proper Dih. Per. Imp. Dih.          LJ-14
    1.64250e+02    3.80491e+02    3.54046e+02    1.92127e+01    1.68461e+02
     Coulomb-14        LJ (SR)  Disper. corr.   Coulomb (SR)   Coul. recip.
    2.36545e+03    2.34517e+04   -1.40738e+03   -1.88463e+05    1.30922e+03
      Potential    Kinetic En.   Total Energy  Conserved En.    Temperature
   -1.61657e+05    3.50345e+04   -1.26623e+05   -1.49123e+05    3.46093e+02
 Pres. DC (bar) Pressure (bar)   Constr. rmsd
   -1.87192e+02    3.63496e+02    3.49025e-06


DD  step 475999 load imb.: force 24.3%
           Step           Time
         476000      952.00000

   Energies (kJ/mol)
           Bond          Angle    Proper Dih. Per. Imp. Dih.          LJ-14
    1.31331e+02    3.16229e+02    3.84755e+02    1.57065e+01    1.75132e+02
     Coulomb-14        LJ (SR)  Disper. corr.   Coulomb (SR)   Coul. recip.
    2.36240e+03    2.30036e+04   -1.40738e+03   -1.87393e+05    1.31709e+03
      Potential    Kinetic En.   Total Energy  Conserved En.    Temperature
   -1.61094e+05    3.45626e+04   -1.26532e+05   -1.49133e+05    3.41431e+02
 Pres. DC (bar) Pressure (bar)   Constr. rmsd
   -1.87192e+02    2.35441e+02    3.40964e-06


DD  step 476999 load imb.: force 26.3%
           Step           Time
         477000      954.00000

   Energies (kJ/mol)
           Bond          Angle    Proper Dih. Per. Imp. Dih.          LJ-14
    1.20682e+02    3.18081e+02    3.65797e+02    1.98361e+01    1.62679e+02
     Coulomb-14        LJ (SR)  Disper. corr.   Coulomb (SR)   Coul. recip.
    2.36506e+03    2.35028e+04   -1.40738e+03   -1.88246e+05    1.31622e+03
      Potential    Kinetic En.   Total Energy  Conserved En.    Temperature
   -1.61482e+05    3.35668e+04   -1.27915e+05   -1.49125e+05    3.31594e+02
 Pres. DC (bar) Pressure (bar)   Constr. rmsd
   -1.87192e+02    3.30630e+02    3.64563e-06


DD  step 477999 load imb.: force 21.4%
           Step           Time
         478000      956.00000

   Energies (kJ/mol)
           Bond          Angle    Proper Dih. Per. Imp. Dih.          LJ-14
    1.13578e+02    3.19463e+02    4.03502e+02    1.61219e+01    1.71131e+02
     Coulomb-14        LJ (SR)  Disper. corr.   Coulomb (SR)   Coul. recip.
    2.36562e+03    2.37063e+04   -1.40738e+03   -1.88327e+05    1.35575e+03
      Potential    Kinetic En.   Total Energy  Conserved En.    Temperature
   -1.61282e+05    3.43929e+04   -1.26890e+05   -1.49127e+05    3.39754e+02
 Pres. DC (bar) Pressure (bar)   Constr. rmsd
   -1.87192e+02    3.74998e+02    2.61208e-06


DD  step 478999 load imb.: force 24.4%
           Step           Time
         479000      958.00000

   Energies (kJ/mol)
           Bond          Angle    Proper Dih. Per. Imp. Dih.          LJ-14
    1.83737e+02    3.17277e+02    3.77270e+02    1.54176e+01    1.71639e+02
     Coulomb-14        LJ (SR)  Disper. corr.   Coulomb (SR)   Coul. recip.
    2.34744e+03    2.43748e+04   -1.40738e+03   -1.88895e+05    1.41840e+03
      Potential    Kinetic En.   Total Energy  Conserved En.    Temperature
   -1.61096e+05    3.43973e+04   -1.26699e+05   -1.49110e+05    3.39798e+02
 Pres. DC (bar) Pressure (bar)   Constr. rmsd
   -1.87192e+02    6.16884e+02    3.28720e-06


DD  step 479999 load imb.: force 25.4%
           Step           Time
         480000      960.00000

   Energies (kJ/mol)
           Bond          Angle    Proper Dih. Per. Imp. Dih.          LJ-14
    1.31017e+02    4.07069e+02    3.87028e+02    2.22667e+01    1.87905e+02
     Coulomb-14        LJ (SR)  Disper. corr.   Coulomb (SR)   Coul. recip.
    2.40915e+03    2.36656e+04   -1.40738e+03   -1.88113e+05    1.31404e+03
      Potential    Kinetic En.   Total Energy  Conserved En.    Temperature
   -1.60996e+05    3.47097e+04   -1.26287e+05   -1.49113e+05    3.42884e+02
 Pres. DC (bar) Pressure (bar)   Constr. rmsd
   -1.87192e+02    6.16182e+02    3.79223e-06


DD  step 480999 load imb.: force 22.4%
           Step           Time
         481000      962.00000

   Energies (kJ/mol)
           Bond          Angle    Proper Dih. Per. Imp. Dih.          LJ-14
    1.42010e+02    3.02950e+02    3.51677e+02    1.89584e+01    1.68183e+02
     Coulomb-14        LJ (SR)  Disper. corr.   Coulomb (SR)   Coul. recip.
    2.35570e+03    2.35480e+04   -1.40738e+03   -1.87759e+05    1.40572e+03
      Potential    Kinetic En.   Total Energy  Conserved En.    Temperature
   -1.60874e+05    3.48210e+04   -1.26053e+05   -1.49122e+05    3.43984e+02
 Pres. DC (bar) Pressure (bar)   Constr. rmsd
   -1.87192e+02    4.21093e+02    3.64611e-06


DD  step 481999 load imb.: force 23.1%
           Step           Time
         482000      964.00000

   Energies (kJ/mol)
           Bond          Angle    Proper Dih. Per. Imp. Dih.          LJ-14
    1.23506e+02    3.21994e+02    3.98742e+02    1.57276e+01    1.76212e+02
     Coulomb-14        LJ (SR)  Disper. corr.   Coulomb (SR)   Coul. recip.
    2.39686e+03    2.44344e+04   -1.40738e+03   -1.88767e+05    1.25992e+03
      Potential    Kinetic En.   Total Energy  Conserved En.    Temperature
   -1.61047e+05    3.50490e+04   -1.25998e+05   -1.49121e+05    3.46236e+02
 Pres. DC (bar) Pressure (bar)   Constr. rmsd
   -1.87192e+02    8.03216e+02    3.06772e-06


DD  step 482999 load imb.: force 18.1%
           Step           Time
         483000      966.00000

   Energies (kJ/mol)
           Bond          Angle    Proper Dih. Per. Imp. Dih.          LJ-14
    1.48028e+02    3.49889e+02    3.97108e+02    1.84307e+01    1.63801e+02
     Coulomb-14        LJ (SR)  Disper. corr.   Coulomb (SR)   Coul. recip.
    2.33898e+03    2.32846e+04   -1.40738e+03   -1.87175e+05    1.39232e+03
      Potential    Kinetic En.   Total Energy  Conserved En.    Temperature
   -1.60489e+05    3.47594e+04   -1.25730e+05   -1.49112e+05    3.43375e+02
 Pres. DC (bar) Pressure (bar)   Constr. rmsd
   -1.87192e+02    3.81336e+02    2.67407e-06


DD  step 483999 load imb.: force 19.0%
           Step           Time
         484000      968.00000

   Energies (kJ/mol)
           Bond          Angle    Proper Dih. Per. Imp. Dih.          LJ-14
    1.49229e+02    2.92800e+02    4.00572e+02    1.79810e+01    1.70613e+02
     Coulomb-14        LJ (SR)  Disper. corr.   Coulomb (SR)   Coul. recip.
    2.35393e+03    2.37766e+04   -1.40738e+03   -1.87739e+05    1.26732e+03
      Potential    Kinetic En.   Total Energy  Conserved En.    Temperature
   -1.60717e+05    3.44278e+04   -1.26289e+05   -1.49112e+05    3.40100e+02
 Pres. DC (bar) Pressure (bar)   Constr. rmsd
   -1.87192e+02    5.20537e+02    3.30271e-06


DD  step 484999 load imb.: force 19.4%
           Step           Time
         485000      970.00000

   Energies (kJ/mol)
           Bond          Angle    Proper Dih. Per. Imp. Dih.          LJ-14
    1.72431e+02    2.75155e+02    3.83581e+02    2.90595e+01    1.75868e+02
     Coulomb-14        LJ (SR)  Disper. corr.   Coulomb (SR)   Coul. recip.
    2.34965e+03    2.33357e+04   -1.40738e+03   -1.88482e+05    1.34540e+03
      Potential    Kinetic En.   Total Energy  Conserved En.    Temperature
   -1.61822e+05    3.48441e+04   -1.26978e+05   -1.49112e+05    3.44212e+02
 Pres. DC (bar) Pressure (bar)   Constr. rmsd
   -1.87192e+02    1.73019e+02    2.94909e-06


DD  step 485999 load imb.: force 19.3%
           Step           Time
         486000      972.00000

   Energies (kJ/mol)
           Bond          Angle    Proper Dih. Per. Imp. Dih.          LJ-14
    1.40462e+02    3.23583e+02    3.76486e+02    2.91172e+01    1.88437e+02
     Coulomb-14        LJ (SR)  Disper. corr.   Coulomb (SR)   Coul. recip.
    2.34553e+03    2.34744e+04   -1.40738e+03   -1.88426e+05    1.31661e+03
      Potential    Kinetic En.   Total Energy  Conserved En.    Temperature
   -1.61639e+05    3.44047e+04   -1.27235e+05   -1.49109e+05    3.39871e+02
 Pres. DC (bar) Pressure (bar)   Constr. rmsd
   -1.87192e+02    3.74765e+02    2.26666e-06


DD  step 486999 load imb.: force 17.8%
           Step           Time
         487000      974.00000

   Energies (kJ/mol)
           Bond          Angle    Proper Dih. Per. Imp. Dih.          LJ-14
    1.24746e+02    3.02757e+02    4.09127e+02    2.77040e+01    1.79789e+02
     Coulomb-14        LJ (SR)  Disper. corr.   Coulomb (SR)   Coul. recip.
    2.41717e+03    2.35261e+04   -1.40738e+03   -1.88749e+05    1.30311e+03
      Potential    Kinetic En.   Total Energy  Conserved En.    Temperature
   -1.61866e+05    3.41823e+04   -1.27684e+05   -1.49102e+05    3.37674e+02
 Pres. DC (bar) Pressure (bar)   Constr. rmsd
   -1.87192e+02    2.54320e+02    3.77542e-06


DD  step 487999 load imb.: force 17.6%
           Step           Time
         488000      976.00000

   Energies (kJ/mol)
           Bond          Angle    Proper Dih. Per. Imp. Dih.          LJ-14
    1.63694e+02    3.18488e+02    3.97154e+02    2.57497e+01    1.93270e+02
     Coulomb-14        LJ (SR)  Disper. corr.   Coulomb (SR)   Coul. recip.
    2.37749e+03    2.35093e+04   -1.40738e+03   -1.88513e+05    1.26536e+03
      Potential    Kinetic En.   Total Energy  Conserved En.    Temperature
   -1.61670e+05    3.47231e+04   -1.26947e+05   -1.49110e+05    3.43017e+02
 Pres. DC (bar) Pressure (bar)   Constr. rmsd
   -1.87192e+02    3.64274e+02    2.05771e-06


DD  step 488999 load imb.: force 22.9%
           Step           Time
         489000      978.00000

   Energies (kJ/mol)
           Bond          Angle    Proper Dih. Per. Imp. Dih.          LJ-14
    1.39645e+02    3.09370e+02    3.97836e+02    2.59448e+01    1.75269e+02
     Coulomb-14        LJ (SR)  Disper. corr.   Coulomb (SR)   Coul. recip.
    2.38574e+03    2.34226e+04   -1.40738e+03   -1.87433e+05    1.37753e+03
      Potential    Kinetic En.   Total Energy  Conserved En.    Temperature
   -1.60607e+05    3.48259e+04   -1.25781e+05   -1.49098e+05    3.44032e+02
 Pres. DC (bar) Pressure (bar)   Constr. rmsd
   -1.87192e+02    4.97073e+02    4.26942e-06


DD  step 489999 load imb.: force 18.8%
           Step           Time
         490000      980.00000

   Energies (kJ/mol)
           Bond          Angle    Proper Dih. Per. Imp. Dih.          LJ-14
    1.76353e+02    3.11768e+02    3.57655e+02    2.62398e+01    1.81730e+02
     Coulomb-14        LJ (SR)  Disper. corr.   Coulomb (SR)   Coul. recip.
    2.32736e+03    2.34203e+04   -1.40738e+03   -1.87360e+05    1.30502e+03
      Potential    Kinetic En.   Total Energy  Conserved En.    Temperature
   -1.60661e+05    3.40615e+04   -1.26599e+05   -1.49101e+05    3.36481e+02
 Pres. DC (bar) Pressure (bar)   Constr. rmsd
   -1.87192e+02    3.60599e+02    3.42058e-06


DD  step 490999 load imb.: force 18.0%
           Step           Time
         491000      982.00000

   Energies (kJ/mol)
           Bond          Angle    Proper Dih. Per. Imp. Dih.          LJ-14
    1.36617e+02    3.48247e+02    3.38555e+02    2.33343e+01    2.01779e+02
     Coulomb-14        LJ (SR)  Disper. corr.   Coulomb (SR)   Coul. recip.
    2.35452e+03    2.35100e+04   -1.40738e+03   -1.87725e+05    1.32042e+03
      Potential    Kinetic En.   Total Energy  Conserved En.    Temperature
   -1.60899e+05    3.44346e+04   -1.26464e+05   -1.49101e+05    3.40166e+02
 Pres. DC (bar) Pressure (bar)   Constr. rmsd
   -1.87192e+02    5.12354e+02    3.30630e-06


DD  step 491999 load imb.: force 16.6%
           Step           Time
         492000      984.00000

   Energies (kJ/mol)
           Bond          Angle    Proper Dih. Per. Imp. Dih.          LJ-14
    1.79805e+02    2.87277e+02    3.79843e+02    1.97930e+01    1.63127e+02
     Coulomb-14        LJ (SR)  Disper. corr.   Coulomb (SR)   Coul. recip.
    2.31877e+03    2.34702e+04   -1.40738e+03   -1.88046e+05    1.32611e+03
      Potential    Kinetic En.   Total Energy  Conserved En.    Temperature
   -1.61309e+05    3.44971e+04   -1.26811e+05   -1.49101e+05    3.40784e+02
 Pres. DC (bar) Pressure (bar)   Constr. rmsd
   -1.87192e+02    3.34107e+02    3.02647e-06


DD  step 492999 load imb.: force 18.9%
           Step           Time
         493000      986.00000

   Energies (kJ/mol)
           Bond          Angle    Proper Dih. Per. Imp. Dih.          LJ-14
    1.52291e+02    3.66014e+02    3.68407e+02    2.04246e+01    1.76035e+02
     Coulomb-14        LJ (SR)  Disper. corr.   Coulomb (SR)   Coul. recip.
    2.31955e+03    2.37402e+04   -1.40738e+03   -1.87959e+05    1.38170e+03
      Potential    Kinetic En.   Total Energy  Conserved En.    Temperature
   -1.60842e+05    3.44693e+04   -1.26372e+05   -1.49092e+05    3.40510e+02
 Pres. DC (bar) Pressure (bar)   Constr. rmsd
   -1.87192e+02    4.98792e+02    2.47060e-06


DD  step 493999 load imb.: force 18.1%
           Step           Time
         494000      988.00000

   Energies (kJ/mol)
           Bond          Angle    Proper Dih. Per. Imp. Dih.          LJ-14
    1.41289e+02    3.12508e+02    3.92879e+02    1.65957e+01    1.89492e+02
     Coulomb-14        LJ (SR)  Disper. corr.   Coulomb (SR)   Coul. recip.
    2.36217e+03    2.33067e+04   -1.40738e+03   -1.87623e+05    1.25840e+03
      Potential    Kinetic En.   Total Energy  Conserved En.    Temperature
   -1.61050e+05    3.46261e+04   -1.26424e+05   -1.49103e+05    3.42059e+02
 Pres. DC (bar) Pressure (bar)   Constr. rmsd
   -1.87192e+02    5.38609e+02    4.42304e-06


DD  step 494999 load imb.: force 20.1%
           Step           Time
         495000      990.00000

   Energies (kJ/mol)
           Bond          Angle    Proper Dih. Per. Imp. Dih.          LJ-14
    1.87094e+02    3.02705e+02    3.53437e+02    2.19347e+01    1.72639e+02
     Coulomb-14        LJ (SR)  Disper. corr.   Coulomb (SR)   Coul. recip.
    2.27780e+03    2.27497e+04   -1.40738e+03   -1.86987e+05    1.28596e+03
      Potential    Kinetic En.   Total Energy  Conserved En.    Temperature
   -1.61044e+05    3.42251e+04   -1.26818e+05   -1.49104e+05    3.38097e+02
 Pres. DC (bar) Pressure (bar)   Constr. rmsd
   -1.87192e+02   -2.52482e+01    2.50773e-06


DD  step 495999 load imb.: force 20.8%
           Step           Time
         496000      992.00000

   Energies (kJ/mol)
           Bond          Angle    Proper Dih. Per. Imp. Dih.          LJ-14
    1.74456e+02    3.10461e+02    3.64857e+02    2.30684e+01    1.74947e+02
     Coulomb-14        LJ (SR)  Disper. corr.   Coulomb (SR)   Coul. recip.
    2.35083e+03    2.26854e+04   -1.40738e+03   -1.86826e+05    1.33410e+03
      Potential    Kinetic En.   Total Energy  Conserved En.    Temperature
   -1.60816e+05    3.46296e+04   -1.26186e+05   -1.49098e+05    3.42093e+02
 Pres. DC (bar) Pressure (bar)   Constr. rmsd
   -1.87192e+02    1.15024e+02    3.11438e-06


DD  step 496999 load imb.: force 18.5%
           Step           Time
         497000      994.00000

   Energies (kJ/mol)
           Bond          Angle    Proper Dih. Per. Imp. Dih.          LJ-14
    1.27390e+02    3.44166e+02    3.83136e+02    1.43079e+01    1.70332e+02
     Coulomb-14        LJ (SR)  Disper. corr.   Coulomb (SR)   Coul. recip.
    2.39239e+03    2.31361e+04   -1.40738e+03   -1.87852e+05    1.27464e+03
      Potential    Kinetic En.   Total Energy  Conserved En.    Temperature
   -1.61417e+05    3.48698e+04   -1.26547e+05   -1.49103e+05    3.44466e+02
 Pres. DC (bar) Pressure (bar)   Constr. rmsd
   -1.87192e+02    3.20578e+02    1.57316e-06


DD  step 497999 load imb.: force 17.8%
           Step           Time
         498000      996.00000

   Energies (kJ/mol)
           Bond          Angle    Proper Dih. Per. Imp. Dih.          LJ-14
    1.47716e+02    3.54806e+02    3.54482e+02    2.78602e+01    1.95851e+02
     Coulomb-14        LJ (SR)  Disper. corr.   Coulomb (SR)   Coul. recip.
    2.36752e+03    2.41548e+04   -1.40738e+03   -1.89102e+05    1.31935e+03
      Potential    Kinetic En.   Total Energy  Conserved En.    Temperature
   -1.61587e+05    3.45049e+04   -1.27082e+05   -1.49092e+05    3.40861e+02
 Pres. DC (bar) Pressure (bar)   Constr. rmsd
   -1.87192e+02    7.34893e+02    2.33602e-06


DD  step 498999 load imb.: force 19.4%
           Step           Time
         499000      998.00000

   Energies (kJ/mol)
           Bond          Angle    Proper Dih. Per. Imp. Dih.          LJ-14
    1.36999e+02    3.09054e+02    3.98376e+02    3.21363e+01    1.77247e+02
     Coulomb-14        LJ (SR)  Disper. corr.   Coulomb (SR)   Coul. recip.
    2.37457e+03    2.34919e+04   -1.40738e+03   -1.88245e+05    1.33351e+03
      Potential    Kinetic En.   Total Energy  Conserved En.    Temperature
   -1.61398e+05    3.47860e+04   -1.26612e+05   -1.49090e+05    3.43638e+02
 Pres. DC (bar) Pressure (bar)   Constr. rmsd
   -1.87192e+02    4.44286e+02    1.77621e-06


DD  step 499999 load imb.: force 17.9%
           Step           Time
         500000     1000.00000

Writing checkpoint, step 500000 at Tue Sep 29 20:00:55 2026


   Energies (kJ/mol)
           Bond          Angle    Proper Dih. Per. Imp. Dih.          LJ-14
    1.53680e+02    3.00767e+02    3.96976e+02    3.24161e+01    1.63440e+02
     Coulomb-14        LJ (SR)  Disper. corr.   Coulomb (SR)   Coul. recip.
    2.36101e+03    2.32173e+04   -1.40738e+03   -1.87719e+05    1.31732e+03
      Potential    Kinetic En.   Total Energy  Conserved En.    Temperature
   -1.61184e+05    3.39489e+04   -1.27235e+05   -1.49097e+05    3.35369e+02
 Pres. DC (bar) Pressure (bar)   Constr. rmsd
   -1.87192e+02    9.83293e+01    3.10269e-06


Energy conservation over simulation part #1 of length 1000 ps, time 0 to 1000 ps
  Conserved energy drift: 7.45e-05 kJ/mol/ps per atom


	<======  ###############  ==>
	<====  A V E R A G E S  ====>
	<==  ###############  ======>

	Statistics over 500001 steps using 5001 frames

   Energies (kJ/mol)
           Bond          Angle    Proper Dih. Per. Imp. Dih.          LJ-14
    1.50065e+02    3.29857e+02    3.79996e+02    2.22796e+01    1.79459e+02
     Coulomb-14        LJ (SR)  Disper. corr.   Coulomb (SR)   Coul. recip.
    2.35389e+03    2.34484e+04   -1.40738e+03   -1.87974e+05    1.32765e+03
      Potential    Kinetic En.   Total Energy  Conserved En.    Temperature
   -1.61190e+05    3.44045e+04   -1.26786e+05   -1.49426e+05    3.39869e+02
 Pres. DC (bar) Pressure (bar)   Constr. rmsd
   -1.87192e+02    3.70305e+02    0.00000e+00

   Total Virial (kJ/mol)
    1.00662e+04    1.15482e+01    1.34514e+01
    1.15450e+01    1.00711e+04    2.18120e-01
    1.34265e+01    2.10531e-01    1.00859e+04

   Pressure (bar)
    3.73038e+02   -2.11474e+00   -2.52571e+00
   -2.11389e+00    3.70919e+02   -7.71793e-01
   -2.51910e+00   -7.69777e-01    3.66957e+02

      T-ProteinT-Water_and_ions
    3.41127e+02    3.39847e+02


	M E G A - F L O P S   A C C O U N T I N G

 NB=Group-cutoff nonbonded kernels    NxN=N-by-N cluster Verlet kernels
 RF=Reaction-Field  VdW=Van der Waals  QSTab=quadratic-spline table
 W3=SPC/TIP3p  W4=TIP4p (single or pairs)
 V&F=Potential and force  V=Potential only  F=Force only

 Computing:                               M-Number         M-Flops  % Flops
-----------------------------------------------------------------------------
 Pair Search distance check           53657.319934      482915.879     0.2
 NxN Ewald Elec. + LJ [F]           1800316.781328   118820907.568    49.2
 NxN Ewald Elec. + LJ [V&F]           18188.781616     1946199.633     0.8
 NxN Ewald Elec. [F]                1693813.222768   103322606.589    42.8
 NxN Ewald Elec. [V&F]                17113.857392     1437564.021     0.6
 1,4 nonbonded interactions             214.500429       19305.039     0.0
 Calc Weights                         18177.036354      654373.309     0.3
 Spread Q Bspline                    387776.775552      775553.551     0.3
 Gather F Bspline                    387776.775552     2326660.653     1.0
 3D-FFT                             1198520.397036     9588163.176     4.0
 Solve PME                            19404.038808     1241858.484     0.5
 Reset In Box                           121.167882         363.504     0.0
 CG-CoM                                 121.204236         363.613     0.0
 Bonds                                   49.000098        2891.006     0.0
 Angles                                 149.500299       25116.050     0.0
 Propers                                215.500431       49349.599     0.0
 Impropers                               23.000046        4784.010     0.0
 Virial                                  61.502298        1107.041     0.0
 Stop-CM                                 60.614236         606.142     0.0
 Calc-Ekin                              121.204236        3272.514     0.0
 Lincs                                   36.500219        2190.013     0.0
 Lincs-Mat                              120.000720         480.003     0.0
 Constraint-V                          6037.024148       54333.217     0.0
 Constraint-Vir                          60.017001        1440.408     0.0
 Settle                                1988.011928      735564.413     0.3
-----------------------------------------------------------------------------
 Total                                               241497969.435   100.0
-----------------------------------------------------------------------------


    D O M A I N   D E C O M P O S I T I O N   S T A T I S T I C S

 av. #atoms communicated per step for force:  2 x 11849.6


Dynamic load balancing report:
 DLB got disabled because it was unsuitable to use.
 Average load imbalance: 15.3%.
 The balanceable part of the MD step is 52%, load imbalance is computed from this.
 Part of the total run time spent waiting due to load imbalance: 7.9%.

NOTE: 7.9 % of the available CPU time was lost due to load imbalance
      in the domain decomposition.
      You can consider manually changing the decomposition (option -dd);
      e.g. by using fewer domains along the box dimension in which there is
      considerable inhomogeneity in the simulated system.

      R E A L   C Y C L E   A N D   T I M E   A C C O U N T I N G

On 4 MPI ranks, each using 6 OpenMP threads

 Activity:              Num   Num      Call    Wall time         Giga-Cycles
                        Ranks Threads  Count      (s)         total sum    %
--------------------------------------------------------------------------------
 Domain decomp.            4    6      10001       6.479        358.282   0.9
 DD comm. load             4    6        744       0.012          0.674   0.0
 DD comm. bounds           4    6        269       0.004          0.215   0.0
 Neighbor search           4    6      10001      11.551        638.715   1.6
 Comm. coord.              4    6     490000      21.264       1175.835   3.0
 Force                     4    6     500001     305.584      16897.636  43.1
 Wait + Comm. F            4    6     500001       4.801        265.498   0.7
 PME mesh                  4    6     500001     302.183      16709.613  42.6
 NB X/F buffer ops.        4    6    1490002      27.854       1540.238   3.9
 Write traj.               4    6        101       0.020          1.132   0.0
 Update                    4    6     500001      13.358        738.659   1.9
 Constraints               4    6     500003      13.943        771.009   2.0
 Kinetic energy            4    6      10001       0.182         10.086   0.0
 Comm. energies            4    6       5001       0.377         20.822   0.1
 Rest                                              1.407         77.810   0.2
--------------------------------------------------------------------------------
 Total                                           709.021      39206.224 100.0
--------------------------------------------------------------------------------
 Breakdown of PME mesh activities
--------------------------------------------------------------------------------
 PME redist. X/F           4    6    1000002     119.768       6622.728  16.9
 PME spread                4    6     500001      55.346       3060.403   7.8
 PME gather                4    6     500001      40.693       2250.184   5.7
 PME 3D-FFT                4    6    1000002      49.809       2754.251   7.0
 PME 3D-FFT Comm.          4    6    1000002      32.677       1806.901   4.6
 PME solve Elec            4    6     500001       2.304        127.405   0.3
--------------------------------------------------------------------------------

               Core t (s)   Wall t (s)        (%)
       Time:    17016.500      709.021     2400.0
                 (ns/day)    (hour/ns)    (ms/step)  (Matom*steps/s) 
Performance:      121.858        0.197        1.418            8.546 
Finished mdrun on rank 0 Tue Sep 29 20:00:55 2026

