                :-) GROMACS - gmx mdrun, 2026.3-conda_forge (-:

Copyright 1991-2026 The GROMACS Authors.
GROMACS is free software; you can redistribute it and/or modify it
under the terms of the GNU Lesser General Public License
as published by the Free Software Foundation; either version 2.1
of the License, or (at your option) any later version.

                         Current GROMACS contributors:
       Mark Abraham           Andrey Alekseenko           Brian Andrews       
        Paul Bauer              Cathrine Bergh              Hugh Bird         
      Eliane Briand               Ania Brown                Yiqi Chen         
      Mahesh Doijade            Giacomo Fiorin          Stefan Fleischmann    
      Sergey Gorelov         Gilles Gouaillardet            Alan Gray         
   Farzaneh Jalalypour         Petter Johansson          Carsten Kutzner      
    Grzegorz Łazarski         Justin A. Lemkul          Magnus Lundborg      
        Julio Maia               Pascal Merz             Vedran Miletić      
      Dmitry Morozov           Lukas Müllender           Szilárd Páll      
 Andrea Pasquadibisceglie     Michele Pellegrino         Nicola Piasentin     
     Daniele Rapetti         Muhammad Umair Sadiq         Hubert Santuz       
      Michael Shirts           Tatiana Shugaeva          Alexey Shvetsov      
     Bálint Soproni            Philip Turner            Alessandra Villa     
        Yang Zhang        

                         Previous GROMACS contributors:
        Emile Apol             Rossen Apostolov           James Barnett       
      Vladimir Basov        Herman J.C. Berendsen          Par Bjelkmar       
      Christian Blau          Viacheslav Bolnykh            Kevin Boyd        
    Aldert van Buuren          Carlo Camilloni           Rudi van Drunen      
      Anton Feenstra           Oliver Fleetwood            Vytas Gapsys       
       Gaurav Garg             Gerrit Groenhof            Bert de Groot       
      Anca Hamuraru           Vincent Hindriksen          Victor Holanda      
     M. Eric Irrgang           Aleksei Iupinov              Joe Jordan        
    Christoph Junghans        Prashanth Kanduri        Dimitrios Karkoulis    
       Peter Kasson             Sebastian Kehl           Sebastian Keller     
        Jiri Kraus               Per Larsson              Viveca Lindahl      
      Erik Marklund           Pieter Meulenhoff           Teemu Murtola       
       Julien Nabet              Sander Pronk             Roland Schulz       
      Alfons Sijbers         David van der Spoel          Peter Tieleman      
      Carsten Uphoff             Jon Vincent             Teemu Virolainen     
    Christian Wennberg     Sebastian Wingbermühle         Maarten Wolf       
      Artem Zhmurov       

                  Coordinated by the GROMACS project leaders:
                           Berk Hess and Erik Lindahl

GROMACS:      gmx mdrun, version 2026.3-conda_forge
Executable:   /lmb/home/alexandrebg/.local/share/mamba/envs/gromacs-tutorial/bin.AVX2_256/gmx
Data prefix:  /lmb/home/alexandrebg/.local/share/mamba/envs/gromacs-tutorial
Working dir:  /ssd/gromacs-tutorial
Process ID:   3908709
Command line:
  gmx mdrun -v -deffnm exercise-1/2RVD_npt -ntmpi 4 -ntomp 8 -pin on

GROMACS version:     2026.3-conda_forge
Precision:           mixed
Memory model:        64 bit
MPI library:         thread_mpi
MPI version:         built in
OpenMP support:      enabled (GMX_OPENMP_MAX_THREADS = 128)
GPU support:         OpenCL
NBNxM GPU setup:     super-cluster 2x2x2 / cluster 8 (cluster-pair splitting on)
SIMD instructions:   AVX2_256
CPU FFT library:     fftw-3.3.11-sse2-avx
GPU FFT library:     clFFT
Multi-GPU FFT:       none
RDTSCP:              disabled
TNG support:         enabled
Hwloc support:       disabled
Tracing support:     disabled
Colvars support:     enabled (version 2025-10-13)
CP2K support:        disabled
Torch support:       disabled
Plumed support:      enabled
C compiler:          /home/conda/feedstock_root/build_artifacts/gromacs_1785262702042/_build_env/bin/x86_64-conda-linux-gnu-cc GNU 14.3.0
C compiler flags:    -fexcess-precision=fast -funroll-all-loops -mavx2 -mfma -Wno-missing-field-initializers -O3 -DNDEBUG
C++ compiler:        /home/conda/feedstock_root/build_artifacts/gromacs_1785262702042/_build_env/bin/x86_64-conda-linux-gnu-c++ GNU 14.3.0
C++ compiler flags:  -fexcess-precision=fast -funroll-all-loops -mavx2 -mfma -Wno-missing-field-initializers -Wno-stringop-truncation -Wno-cast-function-type-strict SHELL:-fopenmp -O3 -DNDEBUG
BLAS library:        Internal
LAPACK library:      Internal
OpenCL include dir:  /lmb/home/alexandrebg/.local/share/mamba/envs/gromacs-tutorial/include
OpenCL library:      /lmb/home/alexandrebg/.local/share/mamba/envs/gromacs-tutorial/lib/libOpenCL.so
OpenCL version:      3.0


Running on 1 node with total 32 cores, 64 processing units (GPU detection failed: No valid OpenCL driver found)
Hardware detected on host lg59.lmb.internal:
  CPU info:
    Vendor: AMD
    Brand:  AMD Ryzen Threadripper PRO 7975WX 32-Cores     
    Family: 25   Model: 24   Stepping: 1
    Features: aes amd apic avx avx2 avx512f avx512cd avx512bw avx512vl avx512bf16 avx512secondFMA clfsh cmov cx8 cx16 f16c fma htt lahf misalignsse mmx msr nonstop_tsc pcid pclmuldq pdpe1gb popcnt pse rdrnd rdtscp sha sse2 sse3 sse4a sse4.1 sse4.2 ssse3 x2apic
  Hardware topology: Basic
    Packages, cores, and logical processors:
    [indices refer to OS logical processors]
      Package  0: [   0  32] [   1  33] [   2  34] [   3  35] [   4  36] [   5  37] [   6  38] [   7  39] [   8  40] [   9  41] [  10  42] [  11  43] [  12  44] [  13  45] [  14  46] [  15  47] [  16  48] [  17  49] [  18  50] [  19  51] [  20  52] [  21  53] [  22  54] [  23  55] [  24  56] [  25  57] [  26  58] [  27  59] [  28  60] [  29  61] [  30  62] [  31  63]
    CPU limit set by OS: -1   Recommended max number of threads: 64

Likely fastest SIMD instructions supported by all nodes: AVX_512
SIMD instructions selected at compile time:              AVX2_256
On non-Intel hardware supporting AVX-512, you might gain a few percent
performance by recompiling to use it, at least for CPU-only runs.

The current CPU can measure timings more accurately than the code in
gmx mdrun was configured to use. This might affect your simulation
speed as accurate timings are needed for load-balancing.
Please consider rebuilding gmx mdrun with the GMX_USE_RDTSCP=ON CMake option.

++++ PLEASE READ AND CITE THE FOLLOWING REFERENCE ++++
M. J. Abraham, T. Murtola, R. Schulz, S. Páll, J. C. Smith, B. Hess, E.
Lindahl
GROMACS: High performance molecular simulations through multi-level
parallelism from laptops to supercomputers
SoftwareX (2015)
https://doi.org/10.1016/j.softx.2015.06.001
-------- -------- --- Thank You --- -------- --------


++++ PLEASE READ AND CITE THE FOLLOWING REFERENCE ++++
S. Páll, M. J. Abraham, C. Kutzner, B. Hess, E. Lindahl
Tackling Exascale Software Challenges in Molecular Dynamics Simulations with
GROMACS
In S. Markidis & E. Laure (Eds.), Solving Software Challenges for Exascale (2015)
https://doi.org/10.1007/978-3-319-15976-8_1
-------- -------- --- Thank You --- -------- --------


++++ PLEASE READ AND CITE THE FOLLOWING REFERENCE ++++
S. Pronk, S. Páll, R. Schulz, P. Larsson, P. Bjelkmar, R. Apostolov, M. R.
Shirts, J. C. Smith, P. M. Kasson, D. van der Spoel, B. Hess, E. Lindahl
GROMACS 4.5: a high-throughput and highly parallel open source molecular
simulation toolkit
Bioinformatics (2013)
https://doi.org/10.1093/bioinformatics/btt055
-------- -------- --- Thank You --- -------- --------


++++ PLEASE READ AND CITE THE FOLLOWING REFERENCE ++++
B. Hess, C. Kutzner, D. van der Spoel, E. Lindahl
GROMACS 4: Algorithms for highly efficient, load-balanced, and scalable
molecular simulation
J. Chem. Theory Comput. (2008)
https://doi.org/10.1021/ct700301q
-------- -------- --- Thank You --- -------- --------


++++ PLEASE READ AND CITE THE FOLLOWING REFERENCE ++++
D. van der Spoel, E. Lindahl, B. Hess, G. Groenhof, A. E. Mark, H. J. C.
Berendsen
GROMACS: Fast, Flexible and Free
J. Comp. Chem. (2005)
https://doi.org/10.1002/jcc.20291
-------- -------- --- Thank You --- -------- --------


++++ PLEASE READ AND CITE THE FOLLOWING REFERENCE ++++
E. Lindahl, B. Hess, D. van der Spoel
GROMACS 3.0: A package for molecular simulation and trajectory analysis
J. Mol. Mod. (2001)
https://doi.org/10.1007/s008940100045
-------- -------- --- Thank You --- -------- --------


++++ PLEASE READ AND CITE THE FOLLOWING REFERENCE ++++
H. J. C. Berendsen, D. van der Spoel and R. van Drunen
GROMACS: A message-passing parallel molecular dynamics implementation
Comp. Phys. Comm. (1995)
https://doi.org/10.1016/0010-4655(95)00042-E
-------- -------- --- Thank You --- -------- --------

Input Parameters:
   integrator                     = md
   tinit                          = 0
   dt                             = 0.002
   nsteps                         = 500000
   init-step                      = 0
   simulation-part                = 1
   mts                            = false
   mass-repartition-factor        = 1
   comm-mode                      = Linear
   nstcomm                        = 100
   bd-fric                        = 0
   ld-seed                        = -1285330466
   emtol                          = 10
   emstep                         = 0.01
   niter                          = 20
   fcstep                         = 0
   nstcgsteep                     = 1000
   nbfgscorr                      = 10
   rtpi                           = 0.05
   nstxout                        = 0
   nstvout                        = 0
   nstfout                        = 0
   nstlog                         = 1000
   nstcalcenergy                  = 100
   nstenergy                      = 1000
   nstxout-compressed             = 5000
   compressed-x-precision         = 1000
   cutoff-scheme                  = Verlet
   nstlist                        = 20
   pbc                            = xyz
   periodic-molecules             = false
   verlet-buffer-tolerance        = 0.005
   verlet-buffer-pressure-tolerance = 0.5
   rlist                          = 1.035
   coulombtype                    = PME
   coulomb-modifier               = Potential-shift
   rcoulomb-switch                = 0
   rcoulomb                       = 1
   epsilon-r                      = 1
   epsilon-rf                     = inf
   vdw-type                       = Cut-off
   vdw-modifier                   = Potential-shift
   rvdw-switch                    = 0
   rvdw                           = 1
   DispCorr                       = EnerPres
   table-extension                = 1
   fourierspacing                 = 0.12
   fourier-nx                     = 42
   fourier-ny                     = 42
   fourier-nz                     = 42
   pme-order                      = 4
   ewald-rtol                     = 1e-05
   ewald-rtol-lj                  = 0.001
   lj-pme-comb-rule               = Geometric
   ewald-geometry                 = 3d
   epsilon-surface                = 0
   ensemble-temperature-setting   = constant
   ensemble-temperature           = 340
   tcoupl                         = V-rescale
   nsttcouple                     = 100
   nh-chain-length                = 0
   print-nose-hoover-chain-variables = false
   pcoupl                         = C-rescale
   pcoupltype                     = Isotropic
   nstpcouple                     = 100
   tau-p                          = 5
   compressibility (3x3):
      compressibility[    0]={ 4.50000e-05,  0.00000e+00,  0.00000e+00}
      compressibility[    1]={ 0.00000e+00,  4.50000e-05,  0.00000e+00}
      compressibility[    2]={ 0.00000e+00,  0.00000e+00,  4.50000e-05}
   ref-p (3x3):
      ref-p[    0]={ 1.00000e+00,  0.00000e+00,  0.00000e+00}
      ref-p[    1]={ 0.00000e+00,  1.00000e+00,  0.00000e+00}
      ref-p[    2]={ 0.00000e+00,  0.00000e+00,  1.00000e+00}
   refcoord-scaling               = No
   posres-com: not available
   posres-comB: not available
   QMMM                           = false
qm-opts:
   ngQM                           = 0
   constraint-algorithm           = Lincs
   continuation                   = false
   Shake-SOR                      = false
   shake-tol                      = 0.0001
   lincs-order                    = 4
   lincs-iter                     = 1
   lincs-warnangle                = 30
   nwall                          = 0
   wall-type                      = 9-3
   wall-r-linpot                  = -1
   wall-atomtype[0]               = -1
   wall-atomtype[1]               = -1
   wall-density[0]                = 0
   wall-density[1]                = 0
   wall-ewald-zfac                = 3
   pull                           = false
   awh                            = false
   rotation                       = false
   interactiveMD                  = false
   disre                          = No
   disre-weighting                = Conservative
   disre-mixed                    = false
   dr-fc                          = 1000
   dr-tau                         = 0
   nstdisreout                    = 100
   orire-fc                       = 0
   orire-tau                      = 0
   nstorireout                    = 100
   free-energy                    = no
   cos-acceleration               = 0
   deform (3x3):
      deform[    0]={ 0.00000e+00,  0.00000e+00,  0.00000e+00}
      deform[    1]={ 0.00000e+00,  0.00000e+00,  0.00000e+00}
      deform[    2]={ 0.00000e+00,  0.00000e+00,  0.00000e+00}
   simulated-tempering            = false
   swapcoords                     = no
   userint1                       = 0
   userint2                       = 0
   userint3                       = 0
   userint4                       = 0
   userreal1                      = 0
   userreal2                      = 0
   userreal3                      = 0
   userreal4                      = 0
   applied-forces:
     electric-field:
       x:
         E0                       = 0
         omega                    = 0
         t0                       = 0
         sigma                    = 0
       y:
         E0                       = 0
         omega                    = 0
         t0                       = 0
         sigma                    = 0
       z:
         E0                       = 0
         omega                    = 0
         t0                       = 0
         sigma                    = 0
     density-guided-simulation:
       active                     = false
       group                      = protein
       similarity-measure         = inner-product
       atom-spreading-weight      = unity
       force-constant             = 1e+09
       gaussian-transform-spreading-width = 0.2
       gaussian-transform-spreading-range-in-multiples-of-width = 4
       reference-density-filename = reference.mrc
       nst                        = 1
       normalize-densities        = true
       adaptive-force-scaling     = false
       adaptive-force-scaling-time-constant = 4
       shift-vector               = 
       transformation-matrix      = 
     qmmm-cp2k:
       active                     = false
       qmgroup                    = System
       qmmethod                   = PBE
       qmfilenames                = 
       qmcharge                   = 0
       qmmultiplicity             = 1
     colvars:
       active                     = false
       configfile                 = 
       seed                       = -1
     nnpot:
       active                     = false
       modelfile                  = model.pt
       input-group                = System
       link-type                  = H
       link-distance              = 0.1
       pair-cutoff                = 0
       embedding                  = mechanical
       nnp-charge                 = 0
       model-input1               = 
       model-input2               = 
       model-input3               = 
       model-input4               = 
       model-input5               = 
       model-input6               = 
       model-input7               = 
       model-input8               = 
       model-input9               = 
   fast-multipole-method:
     fmm:
       backend                    = inactive
       exafmm-order               = 6
       exafmm-direct-range        = 2
       exafmm-direct-provider     = GROMACS
       exafmm-tree-type           = uniform
       exafmm-tree-depth          = 0
       exafmm-max-particles-per-cell = 0
       fmsolvr-order              = 8
       fmsolvr-direct-range       = 1
       fmsolvr-direct-provider    = FMM
       fmsolvr-dipole-compensation = true
       fmsolvr-tree-depth         = 3
       fmsolvr-sparse             = false
grpopts:
   nrdf:     424.948     23925.1
   ref-t:         340         340
   tau-t:           1           1
annealing:          No          No
annealing-npoints:           0           0
   acc:	           0           0           0
   nfreeze:           N           N           N
   energygrp-flags[  0]: 0

Changing nstlist from 20 to 50, rlist from 1.035 to 1.118


Initializing Domain Decomposition on 4 ranks
Dynamic load balancing: auto
Using update groups, nr 4093, average size 3.0 atoms, max. radius 0.104 nm
Minimum cell size due to atom displacement: 0.393 nm
Initial maximum distances in bonded interactions:
    two-body bonded interactions: 0.398 nm, LJ-14, atoms 78 84
  multi-body bonded interactions: 0.398 nm, Proper Dih., atoms 84 78
Minimum cell size due to bonded interactions: 0.438 nm
Scaling the initial minimum size with 1/0.8 (option -dds) = 1.25
Using 0 separate PME ranks because: there are too few total ranks for efficient splitting
Optimizing the DD grid for 4 cells with a minimum initial size of 0.547 nm
The maximum allowed number of cells is: X 9 Y 9 Z 9
Domain decomposition grid 4 x 1 x 1, separate PME ranks 0
PME domain decomposition: 4 x 1 x 1
Domain decomposition rank 0, coordinates 0 0 0

The initial number of communication pulses is: X 2
The initial domain decomposition cell size is: X 1.25 nm

The maximum allowed distance for atom groups involved in interactions is:
                 non-bonded interactions           1.327 nm
(the following are initial values, they could change due to box deformation)
            two-body bonded interactions  (-rdd)   1.327 nm
          multi-body bonded interactions  (-rdd)   1.250 nm

When dynamic load balancing gets turned on, these settings will change to:
The maximum number of communication pulses is: X 2
The minimum size for domain decomposition cells is 0.844 nm
The requested allowed shrink of DD cells (option -dds) is: 0.80
The allowed shrink of domain decomposition cells is: X 0.68
The maximum allowed distance for atom groups involved in interactions is:
                 non-bonded interactions           1.327 nm
            two-body bonded interactions  (-rdd)   1.327 nm
          multi-body bonded interactions  (-rdd)   0.844 nm

Local state does not use filler particles

Using 4 MPI threads
Using 8 OpenMP threads per tMPI thread

System total charge: -0.000
Will do PME sum in reciprocal space for electrostatic interactions.

++++ PLEASE READ AND CITE THE FOLLOWING REFERENCE ++++
U. Essmann, L. Perera, M. L. Berkowitz, T. Darden, H. Lee, L. G. Pedersen 
A smooth particle mesh Ewald method
J. Chem. Phys. (1995)
https://doi.org/10.1063/1.470117
-------- -------- --- Thank You --- -------- --------

Using a Gaussian width (1/beta) of 0.320163 nm for Ewald
Potential shift: LJ r^-12: -1.000e+00 r^-6: -1.000e+00, Ewald -1.000e-05
Initialized non-bonded Coulomb Ewald tables, spacing: 9.33e-04 size: 1073

Generated table with 1059 data points for 1-4 COUL.
Tabscale = 500 points/nm
Generated table with 1059 data points for 1-4 LJ6.
Tabscale = 500 points/nm
Generated table with 1059 data points for 1-4 LJ12.
Tabscale = 500 points/nm
Long Range LJ corr.: <C6> 2.8636e-04


Using SIMD4xM 4x8 nonbonded short-range kernels

Using a dual 4x8 pair-list setup updated with dynamic pruning:
  outer list: updated every 50 steps, buffer 0.118 nm, rlist 1.118 nm
  inner list: updated every 10 steps, buffer 0.000 nm, rlist 1.000 nm
At tolerance 0.005 kJ/mol/ps per atom, equivalent classical 1x1 list would be:
  outer list: updated every 50 steps, buffer 0.246 nm, rlist 1.246 nm
  inner list: updated every 10 steps, buffer 0.040 nm, rlist 1.040 nm

The average pressure is off by at most 0.38 bar due to missing LJ interactions

Using Lorentz-Berthelot Lennard-Jones combination rule
Removing pbc first time

Linking all bonded interactions to atoms


Pinning threads with an auto-selected logical cpu stride of 2

Initializing LINear Constraint Solver

++++ PLEASE READ AND CITE THE FOLLOWING REFERENCE ++++
B. Hess, H. Bekker, H. J. C. Berendsen, J. G. E. M. Fraaije
LINCS: A Linear Constraint Solver for molecular simulations
J. Comp. Chem. (1997)
https://doi.org/10.1002/(sici)1096-987x(199709)18:12<1463::aid-jcc4>3.0.co;2-h
-------- -------- --- Thank You --- -------- --------

The number of constraints is 73

++++ PLEASE READ AND CITE THE FOLLOWING REFERENCE ++++
S. Miyamoto, P. A. Kollman
SETTLE: An Analytical Version of the SHAKE and RATTLE Algorithms for Rigid
Water Models
J. Comp. Chem. (1992)
https://doi.org/10.1002/jcc.540130805
-------- -------- --- Thank You --- -------- --------

Intra-simulation communication will occur every 100 steps.

++++ PLEASE READ AND CITE THE FOLLOWING REFERENCE ++++
G. Bussi, D. Donadio, M. Parrinello
Canonical sampling through velocity rescaling
J. Chem. Phys. (2007)
https://doi.org/10.1063/1.2408420
-------- -------- --- Thank You --- -------- --------


++++ PLEASE READ AND CITE THE FOLLOWING REFERENCE ++++
M. Bernetti, G. Bussi
Pressure control using stochastic cell rescaling
J. Chem. Phys. (2020)
https://doi.org/10.1063/5.0020514
-------- -------- --- Thank You --- -------- --------

There are: 12118 Atoms
Atom distribution over 4 domains: av 3029 stddev 67 min 2999 max 3094

Constraining the starting coordinates (step 0)

Constraining the coordinates at t0-dt (step 0)
Center of mass motion removal mode is Linear
We have the following groups for center of mass motion removal:
  0:  rest
RMS relative constraint deviation after constraining: 2.07e-06
Initial temperature: 338.891 K

Started mdrun on rank 0 Wed Sep 23 16:10:03 2026

           Step           Time
              0        0.00000

   Energies (kJ/mol)
           Bond          Angle    Proper Dih. Per. Imp. Dih.          LJ-14
    1.77251e+02    2.80375e+02    3.61911e+02    1.68834e+01    1.73535e+02
     Coulomb-14        LJ (SR)  Disper. corr.   Coulomb (SR)   Coul. recip.
    2.30432e+03    2.37653e+04   -1.40738e+03   -1.89089e+05    1.27001e+03
      Potential    Kinetic En.   Total Energy  Conserved En.    Temperature
   -1.62146e+05    3.42882e+04   -1.27858e+05   -1.27821e+05    3.38721e+02
 Pres. DC (bar) Pressure (bar)   Constr. rmsd
   -1.87192e+02    3.38896e+02    2.52932e-06


DD  step 49 load imb.: force 13.4%

step 100 Turning on dynamic load balancing, because the performance loss due to load imbalance is 5.3 %.

DD  step 999  vol min/aver 0.827  load imb.: force  1.8%
           Step           Time
           1000        2.00000

   Energies (kJ/mol)
           Bond          Angle    Proper Dih. Per. Imp. Dih.          LJ-14
    1.84065e+02    3.01972e+02    3.38423e+02    2.09787e+01    1.69938e+02
     Coulomb-14        LJ (SR)  Disper. corr.   Coulomb (SR)   Coul. recip.
    2.31115e+03    2.29343e+04   -1.39956e+03   -1.87568e+05    1.28297e+03
      Potential    Kinetic En.   Total Energy  Conserved En.    Temperature
   -1.61424e+05    3.40607e+04   -1.27363e+05   -1.27949e+05    3.36473e+02
 Pres. DC (bar) Pressure (bar)   Constr. rmsd
   -1.85118e+02   -9.27456e+01    2.47100e-06


DD  step 1999  vol min/aver 0.801  load imb.: force  0.7%
           Step           Time
           2000        4.00000

   Energies (kJ/mol)
           Bond          Angle    Proper Dih. Per. Imp. Dih.          LJ-14
    1.52987e+02    3.51255e+02    3.45691e+02    1.35508e+01    1.85373e+02
     Coulomb-14        LJ (SR)  Disper. corr.   Coulomb (SR)   Coul. recip.
    2.32230e+03    2.28697e+04   -1.39840e+03   -1.87321e+05    1.31123e+03
      Potential    Kinetic En.   Total Energy  Conserved En.    Temperature
   -1.61167e+05    3.36902e+04   -1.27477e+05   -1.27927e+05    3.32813e+02
 Pres. DC (bar) Pressure (bar)   Constr. rmsd
   -1.84813e+02   -7.19161e+01    2.06510e-06


DD  step 2999  vol min/aver 0.835  load imb.: force  2.5%
           Step           Time
           3000        6.00000

   Energies (kJ/mol)
           Bond          Angle    Proper Dih. Per. Imp. Dih.          LJ-14
    1.37318e+02    3.52405e+02    3.74438e+02    2.72802e+01    1.80834e+02
     Coulomb-14        LJ (SR)  Disper. corr.   Coulomb (SR)   Coul. recip.
    2.23969e+03    2.31100e+04   -1.39540e+03   -1.87386e+05    1.33289e+03
      Potential    Kinetic En.   Total Energy  Conserved En.    Temperature
   -1.61026e+05    3.41964e+04   -1.26830e+05   -1.28020e+05    3.37814e+02
 Pres. DC (bar) Pressure (bar)   Constr. rmsd
   -1.84022e+02    8.86775e+01    3.12548e-06


DD  step 3999  vol min/aver 0.831  load imb.: force  2.4%
           Step           Time
           4000        8.00000

   Energies (kJ/mol)
           Bond          Angle    Proper Dih. Per. Imp. Dih.          LJ-14
    1.64905e+02    3.09708e+02    3.79213e+02    1.76588e+01    1.77391e+02
     Coulomb-14        LJ (SR)  Disper. corr.   Coulomb (SR)   Coul. recip.
    2.30838e+03    2.32211e+04   -1.39144e+03   -1.88221e+05    1.32671e+03
      Potential    Kinetic En.   Total Energy  Conserved En.    Temperature
   -1.61708e+05    3.41011e+04   -1.27607e+05   -1.28086e+05    3.36872e+02
 Pres. DC (bar) Pressure (bar)   Constr. rmsd
   -1.82981e+02   -2.20660e+01    2.48390e-06


DD  step 4999  vol min/aver 0.845  load imb.: force  1.9%
           Step           Time
           5000       10.00000

   Energies (kJ/mol)
           Bond          Angle    Proper Dih. Per. Imp. Dih.          LJ-14
    1.58748e+02    3.48693e+02    4.01263e+02    2.33399e+01    1.61256e+02
     Coulomb-14        LJ (SR)  Disper. corr.   Coulomb (SR)   Coul. recip.
    2.30482e+03    2.32912e+04   -1.38798e+03   -1.87876e+05    1.32679e+03
      Potential    Kinetic En.   Total Energy  Conserved En.    Temperature
   -1.61248e+05    3.40215e+04   -1.27226e+05   -1.28075e+05    3.36086e+02
 Pres. DC (bar) Pressure (bar)   Constr. rmsd
   -1.82072e+02   -3.11108e+01    3.21947e-06


DD  step 5999  vol min/aver 0.839  load imb.: force  1.5%
           Step           Time
           6000       12.00000

   Energies (kJ/mol)
           Bond          Angle    Proper Dih. Per. Imp. Dih.          LJ-14
    1.77012e+02    3.75448e+02    3.51861e+02    1.28866e+01    1.62645e+02
     Coulomb-14        LJ (SR)  Disper. corr.   Coulomb (SR)   Coul. recip.
    2.25798e+03    2.25470e+04   -1.38038e+03   -1.85998e+05    1.36238e+03
      Potential    Kinetic En.   Total Energy  Conserved En.    Temperature
   -1.60131e+05    3.40705e+04   -1.26060e+05   -1.28185e+05    3.36570e+02
 Pres. DC (bar) Pressure (bar)   Constr. rmsd
   -1.80087e+02   -1.49896e+02    1.49522e-06


DD  step 6999  vol min/aver 0.828  load imb.: force  4.8%
           Step           Time
           7000       14.00000

   Energies (kJ/mol)
           Bond          Angle    Proper Dih. Per. Imp. Dih.          LJ-14
    1.73405e+02    3.34449e+02    3.99891e+02    1.22746e+01    1.76808e+02
     Coulomb-14        LJ (SR)  Disper. corr.   Coulomb (SR)   Coul. recip.
    2.37015e+03    2.35413e+04   -1.38776e+03   -1.87475e+05    1.33057e+03
      Potential    Kinetic En.   Total Energy  Conserved En.    Temperature
   -1.60524e+05    3.41400e+04   -1.26384e+05   -1.28041e+05    3.37256e+02
 Pres. DC (bar) Pressure (bar)   Constr. rmsd
   -1.82014e+02    2.18295e+02    2.38642e-06


DD  step 7999  vol min/aver 0.830  load imb.: force  3.3%
           Step           Time
           8000       16.00000

   Energies (kJ/mol)
           Bond          Angle    Proper Dih. Per. Imp. Dih.          LJ-14
    1.70816e+02    3.47509e+02    3.75770e+02    1.89930e+01    1.71898e+02
     Coulomb-14        LJ (SR)  Disper. corr.   Coulomb (SR)   Coul. recip.
    2.33031e+03    2.38660e+04   -1.38843e+03   -1.87667e+05    1.29414e+03
      Potential    Kinetic En.   Total Energy  Conserved En.    Temperature
   -1.60481e+05    3.46540e+04   -1.25827e+05   -1.28076e+05    3.42334e+02
 Pres. DC (bar) Pressure (bar)   Constr. rmsd
   -1.82191e+02    4.56122e+02    4.32625e-06


DD  step 8999  vol min/aver 0.839  load imb.: force  2.0%
           Step           Time
           9000       18.00000

   Energies (kJ/mol)
           Bond          Angle    Proper Dih. Per. Imp. Dih.          LJ-14
    1.27016e+02    3.52413e+02    3.67039e+02    1.53035e+01    1.57826e+02
     Coulomb-14        LJ (SR)  Disper. corr.   Coulomb (SR)   Coul. recip.
    2.25394e+03    2.35288e+04   -1.38448e+03   -1.88087e+05    1.29754e+03
      Potential    Kinetic En.   Total Energy  Conserved En.    Temperature
   -1.61372e+05    3.49665e+04   -1.26405e+05   -1.28156e+05    3.45421e+02
 Pres. DC (bar) Pressure (bar)   Constr. rmsd
   -1.81156e+02    1.71203e+02    1.96108e-06


DD  step 9999  vol min/aver 0.838  load imb.: force  2.2%
           Step           Time
          10000       20.00000

   Energies (kJ/mol)
           Bond          Angle    Proper Dih. Per. Imp. Dih.          LJ-14
    1.28204e+02    3.18468e+02    3.65508e+02    1.86930e+01    1.62010e+02
     Coulomb-14        LJ (SR)  Disper. corr.   Coulomb (SR)   Coul. recip.
    2.29275e+03    2.31450e+04   -1.37828e+03   -1.86664e+05    1.32398e+03
      Potential    Kinetic En.   Total Energy  Conserved En.    Temperature
   -1.60288e+05    3.42456e+04   -1.26042e+05   -1.28199e+05    3.38300e+02
 Pres. DC (bar) Pressure (bar)   Constr. rmsd
   -1.79539e+02    9.28988e+01    2.58441e-06


DD  step 10999  vol min/aver 0.882  load imb.: force  3.5%
           Step           Time
          11000       22.00000

   Energies (kJ/mol)
           Bond          Angle    Proper Dih. Per. Imp. Dih.          LJ-14
    1.37380e+02    3.14473e+02    3.76266e+02    2.13871e+01    1.79675e+02
     Coulomb-14        LJ (SR)  Disper. corr.   Coulomb (SR)   Coul. recip.
    2.28673e+03    2.29918e+04   -1.37447e+03   -1.86202e+05    1.34983e+03
      Potential    Kinetic En.   Total Energy  Conserved En.    Temperature
   -1.59919e+05    3.42262e+04   -1.25692e+05   -1.28279e+05    3.38108e+02
 Pres. DC (bar) Pressure (bar)   Constr. rmsd
   -1.78549e+02    5.01671e+01    1.46882e-06


DD  step 11999  vol min/aver 0.823  load imb.: force  1.9%
           Step           Time
          12000       24.00000

   Energies (kJ/mol)
           Bond          Angle    Proper Dih. Per. Imp. Dih.          LJ-14
    1.48450e+02    3.36462e+02    3.69139e+02    2.40062e+01    1.74077e+02
     Coulomb-14        LJ (SR)  Disper. corr.   Coulomb (SR)   Coul. recip.
    2.23635e+03    2.31005e+04   -1.37238e+03   -1.87090e+05    1.45025e+03
      Potential    Kinetic En.   Total Energy  Conserved En.    Temperature
   -1.60623e+05    3.45392e+04   -1.26084e+05   -1.28280e+05    3.41200e+02
 Pres. DC (bar) Pressure (bar)   Constr. rmsd
   -1.78007e+02   -6.37570e+00    2.74013e-06


DD  step 12999  vol min/aver 0.839  load imb.: force  3.1%
           Step           Time
          13000       26.00000

   Energies (kJ/mol)
           Bond          Angle    Proper Dih. Per. Imp. Dih.          LJ-14
    1.84329e+02    3.96357e+02    4.03749e+02    2.53661e+01    1.80408e+02
     Coulomb-14        LJ (SR)  Disper. corr.   Coulomb (SR)   Coul. recip.
    2.34031e+03    2.30917e+04   -1.36603e+03   -1.86554e+05    1.34603e+03
      Potential    Kinetic En.   Total Energy  Conserved En.    Temperature
   -1.59952e+05    3.46880e+04   -1.25264e+05   -1.28385e+05    3.42670e+02
 Pres. DC (bar) Pressure (bar)   Constr. rmsd
   -1.76365e+02    4.65543e+01    3.55150e-06


DD  step 13999  vol min/aver 0.848  load imb.: force  2.2%
           Step           Time
          14000       28.00000

   Energies (kJ/mol)
           Bond          Angle    Proper Dih. Per. Imp. Dih.          LJ-14
    1.77071e+02    3.16325e+02    3.99528e+02    1.51950e+01    1.65782e+02
     Coulomb-14        LJ (SR)  Disper. corr.   Coulomb (SR)   Coul. recip.
    2.26366e+03    2.21591e+04   -1.37101e+03   -1.85020e+05    1.31508e+03
      Potential    Kinetic En.   Total Energy  Conserved En.    Temperature
   -1.59579e+05    3.42157e+04   -1.25363e+05   -1.28278e+05    3.38005e+02
 Pres. DC (bar) Pressure (bar)   Constr. rmsd
   -1.77653e+02   -3.34863e+02    3.08162e-06


DD  step 14999  vol min/aver 0.862  load imb.: force  3.4%
           Step           Time
          15000       30.00000

   Energies (kJ/mol)
           Bond          Angle    Proper Dih. Per. Imp. Dih.          LJ-14
    1.39390e+02    3.57176e+02    3.49079e+02    2.10976e+01    1.71484e+02
     Coulomb-14        LJ (SR)  Disper. corr.   Coulomb (SR)   Coul. recip.
    2.30268e+03    2.28644e+04   -1.37815e+03   -1.86317e+05    1.36685e+03
      Potential    Kinetic En.   Total Energy  Conserved En.    Temperature
   -1.60123e+05    3.42782e+04   -1.25845e+05   -1.28147e+05    3.38622e+02
 Pres. DC (bar) Pressure (bar)   Constr. rmsd
   -1.79505e+02    8.00396e+01    2.57416e-06


DD  step 15999  vol min/aver 0.847  load imb.: force  2.1%

step 16000 Turning off dynamic load balancing, because it is degrading performance.
Atom distribution over 4 domains: av 3029 stddev 58 min 3013 max 3059
           Step           Time
          16000       32.00000

   Energies (kJ/mol)
           Bond          Angle    Proper Dih. Per. Imp. Dih.          LJ-14
    1.54788e+02    3.24450e+02    3.78949e+02    2.29119e+01    1.79647e+02
     Coulomb-14        LJ (SR)  Disper. corr.   Coulomb (SR)   Coul. recip.
    2.29404e+03    2.35579e+04   -1.37942e+03   -1.87417e+05    1.33965e+03
      Potential    Kinetic En.   Total Energy  Conserved En.    Temperature
   -1.60544e+05    3.49360e+04   -1.25608e+05   -1.28172e+05    3.45120e+02
 Pres. DC (bar) Pressure (bar)   Constr. rmsd
   -1.79837e+02    1.44029e+02    1.95775e-06


DD  step 16999 load imb.: force 16.2%
           Step           Time
          17000       34.00000

   Energies (kJ/mol)
           Bond          Angle    Proper Dih. Per. Imp. Dih.          LJ-14
    1.75547e+02    2.85676e+02    3.90416e+02    1.49147e+01    1.80892e+02
     Coulomb-14        LJ (SR)  Disper. corr.   Coulomb (SR)   Coul. recip.
    2.31659e+03    2.24207e+04   -1.37557e+03   -1.86003e+05    1.41927e+03
      Potential    Kinetic En.   Total Energy  Conserved En.    Temperature
   -1.60174e+05    3.39882e+04   -1.26186e+05   -1.28149e+05    3.35757e+02
 Pres. DC (bar) Pressure (bar)   Constr. rmsd
   -1.78835e+02   -1.98711e+02    2.40675e-06


DD  step 17999 load imb.: force 15.8%
           Step           Time
          18000       36.00000

   Energies (kJ/mol)
           Bond          Angle    Proper Dih. Per. Imp. Dih.          LJ-14
    1.47785e+02    3.58030e+02    3.66459e+02    1.70266e+01    1.94109e+02
     Coulomb-14        LJ (SR)  Disper. corr.   Coulomb (SR)   Coul. recip.
    2.30949e+03    2.28418e+04   -1.37536e+03   -1.86287e+05    1.35994e+03
      Potential    Kinetic En.   Total Energy  Conserved En.    Temperature
   -1.60068e+05    3.46715e+04   -1.25397e+05   -1.28187e+05    3.42507e+02
 Pres. DC (bar) Pressure (bar)   Constr. rmsd
   -1.78781e+02   -2.38556e+01    2.28898e-06


DD  step 18999 load imb.: force 14.2%
           Step           Time
          19000       38.00000

   Energies (kJ/mol)
           Bond          Angle    Proper Dih. Per. Imp. Dih.          LJ-14
    1.71419e+02    3.59731e+02    3.61684e+02    1.97560e+01    1.88477e+02
     Coulomb-14        LJ (SR)  Disper. corr.   Coulomb (SR)   Coul. recip.
    2.29961e+03    2.31071e+04   -1.37984e+03   -1.86248e+05    1.36220e+03
      Potential    Kinetic En.   Total Energy  Conserved En.    Temperature
   -1.59758e+05    3.46021e+04   -1.25156e+05   -1.28135e+05    3.41821e+02
 Pres. DC (bar) Pressure (bar)   Constr. rmsd
   -1.79946e+02    2.57410e+02    3.08605e-06


DD  step 19999 load imb.: force 17.1%
           Step           Time
          20000       40.00000

   Energies (kJ/mol)
           Bond          Angle    Proper Dih. Per. Imp. Dih.          LJ-14
    1.47532e+02    3.48585e+02    3.54997e+02    3.22291e+01    1.82793e+02
     Coulomb-14        LJ (SR)  Disper. corr.   Coulomb (SR)   Coul. recip.
    2.25533e+03    2.24756e+04   -1.36889e+03   -1.85583e+05    1.37439e+03
      Potential    Kinetic En.   Total Energy  Conserved En.    Temperature
   -1.59780e+05    3.43690e+04   -1.25411e+05   -1.28258e+05    3.39519e+02
 Pres. DC (bar) Pressure (bar)   Constr. rmsd
   -1.77105e+02   -2.07855e+02    1.93870e-06


DD  step 20999 load imb.: force 15.5%
           Step           Time
          21000       42.00000

   Energies (kJ/mol)
           Bond          Angle    Proper Dih. Per. Imp. Dih.          LJ-14
    1.57816e+02    3.24102e+02    3.62197e+02    2.15865e+01    1.65999e+02
     Coulomb-14        LJ (SR)  Disper. corr.   Coulomb (SR)   Coul. recip.
    2.29435e+03    2.29209e+04   -1.36943e+03   -1.86158e+05    1.36971e+03
      Potential    Kinetic En.   Total Energy  Conserved En.    Temperature
   -1.59910e+05    3.36331e+04   -1.26277e+05   -1.28228e+05    3.32249e+02
 Pres. DC (bar) Pressure (bar)   Constr. rmsd
   -1.77243e+02   -7.10015e+01    3.82143e-06


DD  step 21999 load imb.: force 16.9%
           Step           Time
          22000       44.00000

   Energies (kJ/mol)
           Bond          Angle    Proper Dih. Per. Imp. Dih.          LJ-14
    2.00564e+02    3.50139e+02    3.62441e+02    1.41655e+01    1.52559e+02
     Coulomb-14        LJ (SR)  Disper. corr.   Coulomb (SR)   Coul. recip.
    2.29032e+03    2.28681e+04   -1.37696e+03   -1.86406e+05    1.31974e+03
      Potential    Kinetic En.   Total Energy  Conserved En.    Temperature
   -1.60224e+05    3.45066e+04   -1.25718e+05   -1.28132e+05    3.40878e+02
 Pres. DC (bar) Pressure (bar)   Constr. rmsd
   -1.79195e+02   -5.24855e+01    2.00335e-06


DD  step 22999 load imb.: force 15.0%
           Step           Time
          23000       46.00000

   Energies (kJ/mol)
           Bond          Angle    Proper Dih. Per. Imp. Dih.          LJ-14
    1.32817e+02    3.21588e+02    3.69044e+02    2.95014e+01    1.73999e+02
     Coulomb-14        LJ (SR)  Disper. corr.   Coulomb (SR)   Coul. recip.
    2.28847e+03    2.29966e+04   -1.37358e+03   -1.86680e+05    1.38662e+03
      Potential    Kinetic En.   Total Energy  Conserved En.    Temperature
   -1.60355e+05    3.40902e+04   -1.26265e+05   -1.28199e+05    3.36765e+02
 Pres. DC (bar) Pressure (bar)   Constr. rmsd
   -1.78318e+02   -5.84622e+01    2.83489e-06


DD  step 23999 load imb.: force 16.5%
           Step           Time
          24000       48.00000

   Energies (kJ/mol)
           Bond          Angle    Proper Dih. Per. Imp. Dih.          LJ-14
    1.65344e+02    3.20233e+02    4.05836e+02    1.78700e+01    1.70102e+02
     Coulomb-14        LJ (SR)  Disper. corr.   Coulomb (SR)   Coul. recip.
    2.31187e+03    2.30579e+04   -1.37259e+03   -1.85775e+05    1.33282e+03
      Potential    Kinetic En.   Total Energy  Conserved En.    Temperature
   -1.59365e+05    3.41600e+04   -1.25205e+05   -1.28139e+05    3.37454e+02
 Pres. DC (bar) Pressure (bar)   Constr. rmsd
   -1.78062e+02    1.79985e+02    3.73225e-06


DD  step 24999 load imb.: force 17.8%

step 25000 Turning on dynamic load balancing, because the performance loss due to load imbalance is 2.3 %.
           Step           Time
          25000       50.00000

   Energies (kJ/mol)
           Bond          Angle    Proper Dih. Per. Imp. Dih.          LJ-14
    1.55108e+02    2.49830e+02    3.59196e+02    1.59370e+01    1.93953e+02
     Coulomb-14        LJ (SR)  Disper. corr.   Coulomb (SR)   Coul. recip.
    2.37372e+03    2.29878e+04   -1.37340e+03   -1.86791e+05    1.35817e+03
      Potential    Kinetic En.   Total Energy  Conserved En.    Temperature
   -1.60471e+05    3.42117e+04   -1.26259e+05   -1.28123e+05    3.37965e+02
 Pres. DC (bar) Pressure (bar)   Constr. rmsd
   -1.78271e+02    3.13758e+00    1.53126e-06


DD  step 25999  vol min/aver 0.816  load imb.: force  2.3%
           Step           Time
          26000       52.00000

   Energies (kJ/mol)
           Bond          Angle    Proper Dih. Per. Imp. Dih.          LJ-14
    1.69738e+02    3.31964e+02    3.73574e+02    1.91050e+01    1.67222e+02
     Coulomb-14        LJ (SR)  Disper. corr.   Coulomb (SR)   Coul. recip.
    2.31792e+03    2.26011e+04   -1.37503e+03   -1.85898e+05    1.36732e+03
      Potential    Kinetic En.   Total Energy  Conserved En.    Temperature
   -1.59925e+05    3.39742e+04   -1.25951e+05   -1.28070e+05    3.35619e+02
 Pres. DC (bar) Pressure (bar)   Constr. rmsd
   -1.78696e+02   -2.16946e+02    1.63841e-06


DD  step 26999  vol min/aver 0.794  load imb.: force  1.6%
           Step           Time
          27000       54.00000

   Energies (kJ/mol)
           Bond          Angle    Proper Dih. Per. Imp. Dih.          LJ-14
    1.59044e+02    3.11914e+02    3.46669e+02    2.10538e+01    1.85594e+02
     Coulomb-14        LJ (SR)  Disper. corr.   Coulomb (SR)   Coul. recip.
    2.33582e+03    2.32181e+04   -1.38222e+03   -1.87001e+05    1.35029e+03
      Potential    Kinetic En.   Total Energy  Conserved En.    Temperature
   -1.60455e+05    3.48365e+04   -1.25618e+05   -1.27969e+05    3.44137e+02
 Pres. DC (bar) Pressure (bar)   Constr. rmsd
   -1.80567e+02    1.68744e+02    2.49704e-06


DD  step 27999  vol min/aver 0.849  load imb.: force  2.7%
           Step           Time
          28000       56.00000

   Energies (kJ/mol)
           Bond          Angle    Proper Dih. Per. Imp. Dih.          LJ-14
    1.45612e+02    3.32808e+02    3.91992e+02    2.90787e+01    1.90857e+02
     Coulomb-14        LJ (SR)  Disper. corr.   Coulomb (SR)   Coul. recip.
    2.34358e+03    2.31973e+04   -1.38165e+03   -1.87576e+05    1.32501e+03
      Potential    Kinetic En.   Total Energy  Conserved En.    Temperature
   -1.61001e+05    3.42336e+04   -1.26767e+05   -1.27964e+05    3.38181e+02
 Pres. DC (bar) Pressure (bar)   Constr. rmsd
   -1.80417e+02    5.19816e+01    1.71056e-06


DD  step 28999  vol min/aver 0.833  load imb.: force  1.7%
           Step           Time
          29000       58.00000

   Energies (kJ/mol)
           Bond          Angle    Proper Dih. Per. Imp. Dih.          LJ-14
    1.38464e+02    3.26165e+02    3.85698e+02    2.70511e+01    1.86940e+02
     Coulomb-14        LJ (SR)  Disper. corr.   Coulomb (SR)   Coul. recip.
    2.37776e+03    2.34246e+04   -1.38687e+03   -1.87899e+05    1.37803e+03
      Potential    Kinetic En.   Total Energy  Conserved En.    Temperature
   -1.61042e+05    3.41158e+04   -1.26926e+05   -1.27900e+05    3.37017e+02
 Pres. DC (bar) Pressure (bar)   Constr. rmsd
   -1.81781e+02    2.03609e+02    1.91015e-06


DD  step 29999  vol min/aver 0.819  load imb.: force  1.3%
           Step           Time
          30000       60.00000

   Energies (kJ/mol)
           Bond          Angle    Proper Dih. Per. Imp. Dih.          LJ-14
    1.59995e+02    3.70383e+02    3.95124e+02    2.47221e+01    1.67946e+02
     Coulomb-14        LJ (SR)  Disper. corr.   Coulomb (SR)   Coul. recip.
    2.29630e+03    2.33222e+04   -1.38125e+03   -1.86274e+05    1.39217e+03
      Potential    Kinetic En.   Total Energy  Conserved En.    Temperature
   -1.59526e+05    3.42652e+04   -1.25261e+05   -1.27933e+05    3.38493e+02
 Pres. DC (bar) Pressure (bar)   Constr. rmsd
   -1.80313e+02    2.65817e+02    2.85627e-06


DD  step 30999  vol min/aver 0.860  load imb.: force  4.6%
           Step           Time
          31000       62.00000

   Energies (kJ/mol)
           Bond          Angle    Proper Dih. Per. Imp. Dih.          LJ-14
    1.52277e+02    3.89220e+02    4.04864e+02    2.57582e+01    1.66660e+02
     Coulomb-14        LJ (SR)  Disper. corr.   Coulomb (SR)   Coul. recip.
    2.26391e+03    2.25204e+04   -1.38184e+03   -1.85614e+05    1.31832e+03
      Potential    Kinetic En.   Total Energy  Conserved En.    Temperature
   -1.59754e+05    3.46038e+04   -1.25151e+05   -1.27978e+05    3.41839e+02
 Pres. DC (bar) Pressure (bar)   Constr. rmsd
   -1.80466e+02   -9.57876e+01    2.48911e-06


DD  step 31999  vol min/aver 0.823  load imb.: force  3.8%
           Step           Time
          32000       64.00000

   Energies (kJ/mol)
           Bond          Angle    Proper Dih. Per. Imp. Dih.          LJ-14
    1.30888e+02    4.05354e+02    3.54828e+02    2.21650e+01    1.80143e+02
     Coulomb-14        LJ (SR)  Disper. corr.   Coulomb (SR)   Coul. recip.
    2.30591e+03    2.27446e+04   -1.37287e+03   -1.85550e+05    1.37915e+03
      Potential    Kinetic En.   Total Energy  Conserved En.    Temperature
   -1.59400e+05    3.45527e+04   -1.24847e+05   -1.28097e+05    3.41333e+02
 Pres. DC (bar) Pressure (bar)   Constr. rmsd
   -1.78134e+02   -9.58506e-01    2.22031e-06


DD  step 32999  vol min/aver 0.828  load imb.: force  3.0%
           Step           Time
          33000       66.00000

   Energies (kJ/mol)
           Bond          Angle    Proper Dih. Per. Imp. Dih.          LJ-14
    1.67341e+02    3.49685e+02    3.74613e+02    1.85921e+01    1.67310e+02
     Coulomb-14        LJ (SR)  Disper. corr.   Coulomb (SR)   Coul. recip.
    2.29223e+03    2.32597e+04   -1.37491e+03   -1.86916e+05    1.34303e+03
      Potential    Kinetic En.   Total Energy  Conserved En.    Temperature
   -1.60318e+05    3.49739e+04   -1.25344e+05   -1.28044e+05    3.45495e+02
 Pres. DC (bar) Pressure (bar)   Constr. rmsd
   -1.78664e+02    5.16571e+01    1.94285e-06


DD  step 33999  vol min/aver 0.857  load imb.: force  1.4%
           Step           Time
          34000       68.00000

   Energies (kJ/mol)
           Bond          Angle    Proper Dih. Per. Imp. Dih.          LJ-14
    1.55305e+02    3.65206e+02    3.39843e+02    2.65195e+01    1.71797e+02
     Coulomb-14        LJ (SR)  Disper. corr.   Coulomb (SR)   Coul. recip.
    2.27697e+03    2.34323e+04   -1.37879e+03   -1.86755e+05    1.35073e+03
      Potential    Kinetic En.   Total Energy  Conserved En.    Temperature
   -1.60015e+05    3.38048e+04   -1.26210e+05   -1.27998e+05    3.33946e+02
 Pres. DC (bar) Pressure (bar)   Constr. rmsd
   -1.79672e+02    2.00647e+02    1.75549e-06


DD  step 34999  vol min/aver 0.825  load imb.: force  2.3%
           Step           Time
          35000       70.00000

   Energies (kJ/mol)
           Bond          Angle    Proper Dih. Per. Imp. Dih.          LJ-14
    1.53421e+02    2.65318e+02    3.76184e+02    1.80501e+01    1.97580e+02
     Coulomb-14        LJ (SR)  Disper. corr.   Coulomb (SR)   Coul. recip.
    2.33176e+03    2.30964e+04   -1.38004e+03   -1.86611e+05    1.40370e+03
      Potential    Kinetic En.   Total Energy  Conserved En.    Temperature
   -1.60149e+05    3.42802e+04   -1.25868e+05   -1.28004e+05    3.38641e+02
 Pres. DC (bar) Pressure (bar)   Constr. rmsd
   -1.79996e+02    1.49816e+02    2.35281e-06


DD  step 35999  vol min/aver 0.819  load imb.: force  2.5%
           Step           Time
          36000       72.00000

   Energies (kJ/mol)
           Bond          Angle    Proper Dih. Per. Imp. Dih.          LJ-14
    1.35666e+02    3.43701e+02    3.77296e+02    1.81212e+01    1.67850e+02
     Coulomb-14        LJ (SR)  Disper. corr.   Coulomb (SR)   Coul. recip.
    2.30349e+03    2.31624e+04   -1.36649e+03   -1.86396e+05    1.37624e+03
      Potential    Kinetic En.   Total Energy  Conserved En.    Temperature
   -1.59877e+05    3.38398e+04   -1.26037e+05   -1.28190e+05    3.34291e+02
 Pres. DC (bar) Pressure (bar)   Constr. rmsd
   -1.76484e+02   -8.83878e+01    2.83161e-06


DD  step 36999  vol min/aver 0.887  load imb.: force  2.3%
           Step           Time
          37000       74.00000

   Energies (kJ/mol)
           Bond          Angle    Proper Dih. Per. Imp. Dih.          LJ-14
    1.14203e+02    3.24593e+02    3.68828e+02    1.28055e+01    2.02430e+02
     Coulomb-14        LJ (SR)  Disper. corr.   Coulomb (SR)   Coul. recip.
    2.31211e+03    2.24861e+04   -1.36762e+03   -1.85736e+05    1.36322e+03
      Potential    Kinetic En.   Total Energy  Conserved En.    Temperature
   -1.59919e+05    3.45208e+04   -1.25398e+05   -1.28121e+05    3.41018e+02
 Pres. DC (bar) Pressure (bar)   Constr. rmsd
   -1.76776e+02   -8.20570e+01    2.26520e-06


DD  step 37999  vol min/aver 0.829  load imb.: force  4.0%
           Step           Time
          38000       76.00000

   Energies (kJ/mol)
           Bond          Angle    Proper Dih. Per. Imp. Dih.          LJ-14
    1.32875e+02    3.09924e+02    3.57167e+02    1.68085e+01    1.91177e+02
     Coulomb-14        LJ (SR)  Disper. corr.   Coulomb (SR)   Coul. recip.
    2.34125e+03    2.28311e+04   -1.36634e+03   -1.85655e+05    1.35079e+03
      Potential    Kinetic En.   Total Energy  Conserved En.    Temperature
   -1.59491e+05    3.44529e+04   -1.25038e+05   -1.28113e+05    3.40347e+02
 Pres. DC (bar) Pressure (bar)   Constr. rmsd
   -1.76446e+02   -7.83231e+00    2.31087e-06


DD  step 38999  vol min/aver 0.811  load imb.: force  1.8%
           Step           Time
          39000       78.00000

   Energies (kJ/mol)
           Bond          Angle    Proper Dih. Per. Imp. Dih.          LJ-14
    1.72748e+02    3.21528e+02    3.91476e+02    2.09738e+01    1.71686e+02
     Coulomb-14        LJ (SR)  Disper. corr.   Coulomb (SR)   Coul. recip.
    2.29661e+03    2.27988e+04   -1.36497e+03   -1.86058e+05    1.32464e+03
      Potential    Kinetic En.   Total Energy  Conserved En.    Temperature
   -1.59925e+05    3.42559e+04   -1.25669e+05   -1.28100e+05    3.38402e+02
 Pres. DC (bar) Pressure (bar)   Constr. rmsd
   -1.76092e+02   -1.01121e+02    1.62882e-06


DD  step 39999  vol min/aver 0.821  load imb.: force  8.5%
           Step           Time
          40000       80.00000

   Energies (kJ/mol)
           Bond          Angle    Proper Dih. Per. Imp. Dih.          LJ-14
    1.64600e+02    3.21538e+02    3.64004e+02    2.22409e+01    1.79860e+02
     Coulomb-14        LJ (SR)  Disper. corr.   Coulomb (SR)   Coul. recip.
    2.29545e+03    2.33302e+04   -1.37048e+03   -1.86833e+05    1.39108e+03
      Potential    Kinetic En.   Total Energy  Conserved En.    Temperature
   -1.60134e+05    3.41377e+04   -1.25997e+05   -1.27985e+05    3.37234e+02
 Pres. DC (bar) Pressure (bar)   Constr. rmsd
   -1.77516e+02    7.07535e+01    1.63455e-06


DD  step 40999  vol min/aver 0.883  load imb.: force  5.1%
           Step           Time
          41000       82.00000

   Energies (kJ/mol)
           Bond          Angle    Proper Dih. Per. Imp. Dih.          LJ-14
    1.29296e+02    2.84842e+02    3.77768e+02    2.69776e+01    1.75341e+02
     Coulomb-14        LJ (SR)  Disper. corr.   Coulomb (SR)   Coul. recip.
    2.28842e+03    2.34955e+04   -1.37478e+03   -1.87316e+05    1.29678e+03
      Potential    Kinetic En.   Total Energy  Conserved En.    Temperature
   -1.60616e+05    3.42935e+04   -1.26322e+05   -1.27964e+05    3.38772e+02
 Pres. DC (bar) Pressure (bar)   Constr. rmsd
   -1.78630e+02    1.30747e+02    1.56817e-06


DD  step 41999  vol min/aver 0.799  load imb.: force  2.0%
           Step           Time
          42000       84.00000

   Energies (kJ/mol)
           Bond          Angle    Proper Dih. Per. Imp. Dih.          LJ-14
    1.63106e+02    3.01895e+02    3.79253e+02    2.95957e+01    1.59619e+02
     Coulomb-14        LJ (SR)  Disper. corr.   Coulomb (SR)   Coul. recip.
    2.31301e+03    2.31423e+04   -1.37510e+03   -1.87107e+05    1.33115e+03
      Potential    Kinetic En.   Total Energy  Conserved En.    Temperature
   -1.60662e+05    3.41845e+04   -1.26478e+05   -1.27906e+05    3.37696e+02
 Pres. DC (bar) Pressure (bar)   Constr. rmsd
   -1.78714e+02   -1.35182e+02    1.71279e-06


DD  step 42999  vol min/aver 0.855  load imb.: force  1.8%
           Step           Time
          43000       86.00000

   Energies (kJ/mol)
           Bond          Angle    Proper Dih. Per. Imp. Dih.          LJ-14
    1.28381e+02    3.53377e+02    3.93832e+02    1.52798e+01    1.81504e+02
     Coulomb-14        LJ (SR)  Disper. corr.   Coulomb (SR)   Coul. recip.
    2.34048e+03    2.21987e+04   -1.37108e+03   -1.86159e+05    1.35168e+03
      Potential    Kinetic En.   Total Energy  Conserved En.    Temperature
   -1.60567e+05    3.36456e+04   -1.26922e+05   -1.27975e+05    3.32372e+02
 Pres. DC (bar) Pressure (bar)   Constr. rmsd
   -1.77671e+02   -3.82740e+02    1.86985e-06


DD  step 43999  vol min/aver 0.813  load imb.: force  3.4%
           Step           Time
          44000       88.00000

   Energies (kJ/mol)
           Bond          Angle    Proper Dih. Per. Imp. Dih.          LJ-14
    1.46751e+02    3.53648e+02    3.67611e+02    2.17554e+01    1.57013e+02
     Coulomb-14        LJ (SR)  Disper. corr.   Coulomb (SR)   Coul. recip.
    2.26771e+03    2.32387e+04   -1.36699e+03   -1.86768e+05    1.38577e+03
      Potential    Kinetic En.   Total Energy  Conserved En.    Temperature
   -1.60196e+05    3.42869e+04   -1.25909e+05   -1.28049e+05    3.38707e+02
 Pres. DC (bar) Pressure (bar)   Constr. rmsd
   -1.76613e+02    4.28218e+00    1.81847e-06


DD  step 44999  vol min/aver 0.805  load imb.: force  2.4%
           Step           Time
          45000       90.00000

   Energies (kJ/mol)
           Bond          Angle    Proper Dih. Per. Imp. Dih.          LJ-14
    1.28017e+02    3.83360e+02    3.69380e+02    2.08425e+01    1.84461e+02
     Coulomb-14        LJ (SR)  Disper. corr.   Coulomb (SR)   Coul. recip.
    2.31168e+03    2.24672e+04   -1.36302e+03   -1.86054e+05    1.35243e+03
      Potential    Kinetic En.   Total Energy  Conserved En.    Temperature
   -1.60199e+05    3.48746e+04   -1.25325e+05   -1.28119e+05    3.44513e+02
 Pres. DC (bar) Pressure (bar)   Constr. rmsd
   -1.75592e+02   -3.15173e+02    3.55736e-06


DD  step 45999  vol min/aver 0.823  load imb.: force  2.4%
           Step           Time
          46000       92.00000

   Energies (kJ/mol)
           Bond          Angle    Proper Dih. Per. Imp. Dih.          LJ-14
    1.51016e+02    2.74123e+02    3.47835e+02    3.54351e+01    1.78587e+02
     Coulomb-14        LJ (SR)  Disper. corr.   Coulomb (SR)   Coul. recip.
    2.34284e+03    2.30886e+04   -1.36811e+03   -1.86580e+05    1.34353e+03
      Potential    Kinetic En.   Total Energy  Conserved En.    Temperature
   -1.60186e+05    3.44239e+04   -1.25763e+05   -1.28044e+05    3.40061e+02
 Pres. DC (bar) Pressure (bar)   Constr. rmsd
   -1.76902e+02   -5.95685e+01    2.02807e-06


DD  step 46999  vol min/aver 0.824  load imb.: force  0.8%
           Step           Time
          47000       94.00000

   Energies (kJ/mol)
           Bond          Angle    Proper Dih. Per. Imp. Dih.          LJ-14
    1.69806e+02    3.30563e+02    3.85665e+02    2.52072e+01    1.45103e+02
     Coulomb-14        LJ (SR)  Disper. corr.   Coulomb (SR)   Coul. recip.
    2.29088e+03    2.34544e+04   -1.36831e+03   -1.86661e+05    1.36472e+03
      Potential    Kinetic En.   Total Energy  Conserved En.    Temperature
   -1.59863e+05    3.43580e+04   -1.25505e+05   -1.28003e+05    3.39410e+02
 Pres. DC (bar) Pressure (bar)   Constr. rmsd
   -1.76955e+02    1.36491e+02    5.24991e-06


DD  step 47999  vol min/aver 0.864  load imb.: force  7.0%
           Step           Time
          48000       96.00000

   Energies (kJ/mol)
           Bond          Angle    Proper Dih. Per. Imp. Dih.          LJ-14
    1.69180e+02    3.35092e+02    3.73387e+02    1.72665e+01    1.66112e+02
     Coulomb-14        LJ (SR)  Disper. corr.   Coulomb (SR)   Coul. recip.
    2.27355e+03    2.27167e+04   -1.36608e+03   -1.86073e+05    1.41763e+03
      Potential    Kinetic En.   Total Energy  Conserved En.    Temperature
   -1.59970e+05    3.44524e+04   -1.25518e+05   -1.27956e+05    3.40343e+02
 Pres. DC (bar) Pressure (bar)   Constr. rmsd
   -1.76378e+02   -2.29697e+02    1.91590e-06


DD  step 48999  vol min/aver 0.817  load imb.: force  2.6%
           Step           Time
          49000       98.00000

   Energies (kJ/mol)
           Bond          Angle    Proper Dih. Per. Imp. Dih.          LJ-14
    1.72402e+02    4.15682e+02    3.43296e+02    2.12291e+01    1.61272e+02
     Coulomb-14        LJ (SR)  Disper. corr.   Coulomb (SR)   Coul. recip.
    2.28061e+03    2.26248e+04   -1.36006e+03   -1.85757e+05    1.34938e+03
      Potential    Kinetic En.   Total Energy  Conserved En.    Temperature
   -1.59749e+05    3.43467e+04   -1.25402e+05   -1.28109e+05    3.39299e+02
 Pres. DC (bar) Pressure (bar)   Constr. rmsd
   -1.74830e+02   -1.38562e+02    2.64591e-06


DD  step 49999  vol min/aver 0.812  load imb.: force  1.5%
           Step           Time
          50000      100.00000

   Energies (kJ/mol)
           Bond          Angle    Proper Dih. Per. Imp. Dih.          LJ-14
    1.48506e+02    3.65834e+02    3.74225e+02    2.42576e+01    1.78154e+02
     Coulomb-14        LJ (SR)  Disper. corr.   Coulomb (SR)   Coul. recip.
    2.30220e+03    2.28561e+04   -1.35908e+03   -1.85779e+05    1.39456e+03
      Potential    Kinetic En.   Total Energy  Conserved En.    Temperature
   -1.59494e+05    3.41027e+04   -1.25391e+05   -1.28079e+05    3.36888e+02
 Pres. DC (bar) Pressure (bar)   Constr. rmsd
   -1.74579e+02   -1.33418e+02    2.28425e-06


DD  step 50999  vol min/aver 0.791  load imb.: force  3.5%
           Step           Time
          51000      102.00000

   Energies (kJ/mol)
           Bond          Angle    Proper Dih. Per. Imp. Dih.          LJ-14
    1.44703e+02    3.35138e+02    4.26289e+02    2.84501e+01    1.97263e+02
     Coulomb-14        LJ (SR)  Disper. corr.   Coulomb (SR)   Coul. recip.
    2.32540e+03    2.26480e+04   -1.35658e+03   -1.85185e+05    1.35499e+03
      Potential    Kinetic En.   Total Energy  Conserved En.    Temperature
   -1.59082e+05    3.42051e+04   -1.24877e+05   -1.28085e+05    3.37900e+02
 Pres. DC (bar) Pressure (bar)   Constr. rmsd
   -1.73938e+02   -7.10485e+01    2.14397e-06


DD  step 51999  vol min/aver 0.822  load imb.: force  2.8%
           Step           Time
          52000      104.00000

   Energies (kJ/mol)
           Bond          Angle    Proper Dih. Per. Imp. Dih.          LJ-14
    1.44424e+02    2.91630e+02    3.98440e+02    2.04360e+01    1.78896e+02
     Coulomb-14        LJ (SR)  Disper. corr.   Coulomb (SR)   Coul. recip.
    2.32061e+03    2.28407e+04   -1.35824e+03   -1.86353e+05    1.41274e+03
      Potential    Kinetic En.   Total Energy  Conserved En.    Temperature
   -1.60103e+05    3.44501e+04   -1.25653e+05   -1.28132e+05    3.40320e+02
 Pres. DC (bar) Pressure (bar)   Constr. rmsd
   -1.74363e+02   -1.76002e+02    1.69504e-06


DD  step 52999  vol min/aver 0.813  load imb.: force  3.0%
           Step           Time
          53000      106.00000

   Energies (kJ/mol)
           Bond          Angle    Proper Dih. Per. Imp. Dih.          LJ-14
    1.69650e+02    4.25254e+02    3.86947e+02    2.46660e+01    1.69115e+02
     Coulomb-14        LJ (SR)  Disper. corr.   Coulomb (SR)   Coul. recip.
    2.29787e+03    2.35447e+04   -1.35502e+03   -1.86782e+05    1.40654e+03
      Potential    Kinetic En.   Total Energy  Conserved En.    Temperature
   -1.59712e+05    3.50975e+04   -1.24615e+05   -1.28167e+05    3.46715e+02
 Pres. DC (bar) Pressure (bar)   Constr. rmsd
   -1.73538e+02    1.88616e+01    2.73931e-06


DD  step 53999  vol min/aver 0.817  load imb.: force  2.5%
           Step           Time
          54000      108.00000

   Energies (kJ/mol)
           Bond          Angle    Proper Dih. Per. Imp. Dih.          LJ-14
    1.33835e+02    3.44638e+02    4.04841e+02    1.28900e+01    1.93653e+02
     Coulomb-14        LJ (SR)  Disper. corr.   Coulomb (SR)   Coul. recip.
    2.29064e+03    2.29764e+04   -1.36582e+03   -1.85713e+05    1.36631e+03
      Potential    Kinetic En.   Total Energy  Conserved En.    Temperature
   -1.59356e+05    3.49454e+04   -1.24410e+05   -1.27989e+05    3.45213e+02
 Pres. DC (bar) Pressure (bar)   Constr. rmsd
   -1.76311e+02    2.15596e+02    3.16828e-06


DD  step 54999  vol min/aver 0.831  load imb.: force  4.3%
           Step           Time
          55000      110.00000

   Energies (kJ/mol)
           Bond          Angle    Proper Dih. Per. Imp. Dih.          LJ-14
    1.38561e+02    2.85740e+02    3.84247e+02    2.89471e+01    1.72448e+02
     Coulomb-14        LJ (SR)  Disper. corr.   Coulomb (SR)   Coul. recip.
    2.31611e+03    2.19993e+04   -1.36094e+03   -1.85093e+05    1.42049e+03
      Potential    Kinetic En.   Total Energy  Conserved En.    Temperature
   -1.59708e+05    3.45238e+04   -1.25184e+05   -1.28022e+05    3.41048e+02
 Pres. DC (bar) Pressure (bar)   Constr. rmsd
   -1.75057e+02   -5.62536e+02    3.46810e-06


DD  step 55999  vol min/aver 0.813  load imb.: force  2.0%
           Step           Time
          56000      112.00000

   Energies (kJ/mol)
           Bond          Angle    Proper Dih. Per. Imp. Dih.          LJ-14
    1.47697e+02    3.49967e+02    3.61119e+02    2.69693e+01    1.92580e+02
     Coulomb-14        LJ (SR)  Disper. corr.   Coulomb (SR)   Coul. recip.
    2.27613e+03    2.29641e+04   -1.35482e+03   -1.86187e+05    1.35920e+03
      Potential    Kinetic En.   Total Energy  Conserved En.    Temperature
   -1.59864e+05    3.47457e+04   -1.25118e+05   -1.28115e+05    3.43240e+02
 Pres. DC (bar) Pressure (bar)   Constr. rmsd
   -1.73487e+02   -1.60949e+02    1.58946e-06


DD  step 56999  vol min/aver 0.817  load imb.: force  1.4%
           Step           Time
          57000      114.00000

   Energies (kJ/mol)
           Bond          Angle    Proper Dih. Per. Imp. Dih.          LJ-14
    1.98638e+02    3.01519e+02    3.73759e+02    2.12049e+01    1.66108e+02
     Coulomb-14        LJ (SR)  Disper. corr.   Coulomb (SR)   Coul. recip.
    2.26835e+03    2.31471e+04   -1.35348e+03   -1.85558e+05    1.36688e+03
      Potential    Kinetic En.   Total Energy  Conserved En.    Temperature
   -1.59068e+05    3.45754e+04   -1.24492e+05   -1.28169e+05    3.41558e+02
 Pres. DC (bar) Pressure (bar)   Constr. rmsd
   -1.73144e+02   -4.37863e+01    2.10399e-06


DD  step 57999  vol min/aver 0.830  load imb.: force  2.8%
           Step           Time
          58000      116.00000

   Energies (kJ/mol)
           Bond          Angle    Proper Dih. Per. Imp. Dih.          LJ-14
    1.46478e+02    2.98035e+02    3.93775e+02    1.72067e+01    1.82146e+02
     Coulomb-14        LJ (SR)  Disper. corr.   Coulomb (SR)   Coul. recip.
    2.32622e+03    2.25529e+04   -1.35855e+03   -1.85328e+05    1.40421e+03
      Potential    Kinetic En.   Total Energy  Conserved En.    Temperature
   -1.59366e+05    3.47430e+04   -1.24623e+05   -1.28069e+05    3.43214e+02
 Pres. DC (bar) Pressure (bar)   Constr. rmsd
   -1.74443e+02   -3.97351e+01    1.92408e-06


DD  step 58999  vol min/aver 0.812  load imb.: force  1.9%
           Step           Time
          59000      118.00000

   Energies (kJ/mol)
           Bond          Angle    Proper Dih. Per. Imp. Dih.          LJ-14
    1.05509e+02    3.42609e+02    3.97102e+02    3.35136e+01    1.78664e+02
     Coulomb-14        LJ (SR)  Disper. corr.   Coulomb (SR)   Coul. recip.
    2.33836e+03    2.27761e+04   -1.36111e+03   -1.85371e+05    1.38499e+03
      Potential    Kinetic En.   Total Energy  Conserved En.    Temperature
   -1.59176e+05    3.41956e+04   -1.24980e+05   -1.28004e+05    3.37806e+02
 Pres. DC (bar) Pressure (bar)   Constr. rmsd
   -1.75100e+02   -1.33784e+00    3.26246e-06


DD  step 59999  vol min/aver 0.782  load imb.: force  7.3%
           Step           Time
          60000      120.00000

   Energies (kJ/mol)
           Bond          Angle    Proper Dih. Per. Imp. Dih.          LJ-14
    1.33226e+02    2.99971e+02    3.63675e+02    2.16988e+01    1.92887e+02
     Coulomb-14        LJ (SR)  Disper. corr.   Coulomb (SR)   Coul. recip.
    2.28366e+03    2.27638e+04   -1.36055e+03   -1.85754e+05    1.35962e+03
      Potential    Kinetic En.   Total Energy  Conserved En.    Temperature
   -1.59696e+05    3.45012e+04   -1.25195e+05   -1.28029e+05    3.40825e+02
 Pres. DC (bar) Pressure (bar)   Constr. rmsd
   -1.74955e+02   -1.09305e+02    2.24111e-06


DD  step 60999  vol min/aver 0.799  load imb.: force  2.5%
           Step           Time
          61000      122.00000

   Energies (kJ/mol)
           Bond          Angle    Proper Dih. Per. Imp. Dih.          LJ-14
    1.52268e+02    3.12010e+02    3.99545e+02    1.88278e+01    1.59843e+02
     Coulomb-14        LJ (SR)  Disper. corr.   Coulomb (SR)   Coul. recip.
    2.31236e+03    2.28952e+04   -1.36476e+03   -1.85785e+05    1.43585e+03
      Potential    Kinetic En.   Total Energy  Conserved En.    Temperature
   -1.59464e+05    3.48874e+04   -1.24577e+05   -1.27895e+05    3.44640e+02
 Pres. DC (bar) Pressure (bar)   Constr. rmsd
   -1.76038e+02   -1.23836e+01    1.78038e-06


DD  step 61999  vol min/aver 0.811  load imb.: force  1.6%
           Step           Time
          62000      124.00000

   Energies (kJ/mol)
           Bond          Angle    Proper Dih. Per. Imp. Dih.          LJ-14
    1.68631e+02    3.26395e+02    3.71150e+02    2.33769e+01    1.86389e+02
     Coulomb-14        LJ (SR)  Disper. corr.   Coulomb (SR)   Coul. recip.
    2.32308e+03    2.32948e+04   -1.36764e+03   -1.86032e+05    1.35681e+03
      Potential    Kinetic En.   Total Energy  Conserved En.    Temperature
   -1.59349e+05    3.42545e+04   -1.25094e+05   -1.27809e+05    3.38387e+02
 Pres. DC (bar) Pressure (bar)   Constr. rmsd
   -1.76783e+02    2.26179e+02    2.46123e-06


DD  step 62999  vol min/aver 0.822  load imb.: force  2.1%
           Step           Time
          63000      126.00000

   Energies (kJ/mol)
           Bond          Angle    Proper Dih. Per. Imp. Dih.          LJ-14
    1.36132e+02    3.77218e+02    3.72394e+02    2.43785e+01    1.83370e+02
     Coulomb-14        LJ (SR)  Disper. corr.   Coulomb (SR)   Coul. recip.
    2.30181e+03    2.24281e+04   -1.35857e+03   -1.85528e+05    1.38559e+03
      Potential    Kinetic En.   Total Energy  Conserved En.    Temperature
   -1.59678e+05    3.47234e+04   -1.24954e+05   -1.28003e+05    3.43020e+02
 Pres. DC (bar) Pressure (bar)   Constr. rmsd
   -1.74448e+02   -2.26266e+02    3.18229e-06


DD  step 63999  vol min/aver 0.832  load imb.: force  1.4%
           Step           Time
          64000      128.00000

   Energies (kJ/mol)
           Bond          Angle    Proper Dih. Per. Imp. Dih.          LJ-14
    1.77400e+02    2.80961e+02    3.58959e+02    2.66798e+01    1.67536e+02
     Coulomb-14        LJ (SR)  Disper. corr.   Coulomb (SR)   Coul. recip.
    2.32419e+03    2.23803e+04   -1.36096e+03   -1.85313e+05    1.45572e+03
      Potential    Kinetic En.   Total Energy  Conserved En.    Temperature
   -1.59503e+05    3.45590e+04   -1.24944e+05   -1.27953e+05    3.41395e+02
 Pres. DC (bar) Pressure (bar)   Constr. rmsd
   -1.75060e+02   -3.38323e+02    2.10935e-06


DD  step 64999  vol min/aver 0.839  load imb.: force  2.2%
           Step           Time
          65000      130.00000

   Energies (kJ/mol)
           Bond          Angle    Proper Dih. Per. Imp. Dih.          LJ-14
    1.84865e+02    3.30296e+02    3.61738e+02    1.80439e+01    1.94048e+02
     Coulomb-14        LJ (SR)  Disper. corr.   Coulomb (SR)   Coul. recip.
    2.35001e+03    2.29081e+04   -1.36980e+03   -1.86574e+05    1.38203e+03
      Potential    Kinetic En.   Total Energy  Conserved En.    Temperature
   -1.60215e+05    3.48887e+04   -1.25326e+05   -1.27772e+05    3.44652e+02
 Pres. DC (bar) Pressure (bar)   Constr. rmsd
   -1.77338e+02    4.63925e+01    1.81311e-06


DD  step 65999  vol min/aver 0.812  load imb.: force  1.8%
           Step           Time
          66000      132.00000

   Energies (kJ/mol)
           Bond          Angle    Proper Dih. Per. Imp. Dih.          LJ-14
    1.91423e+02    3.44815e+02    3.89154e+02    1.68809e+01    1.63118e+02
     Coulomb-14        LJ (SR)  Disper. corr.   Coulomb (SR)   Coul. recip.
    2.25861e+03    2.31291e+04   -1.36679e+03   -1.86260e+05    1.37019e+03
      Potential    Kinetic En.   Total Energy  Conserved En.    Temperature
   -1.59763e+05    3.45867e+04   -1.25176e+05   -1.27863e+05    3.41669e+02
 Pres. DC (bar) Pressure (bar)   Constr. rmsd
   -1.76561e+02    1.74019e+01    3.05036e-06


DD  step 66999  vol min/aver 0.822  load imb.: force  1.4%
           Step           Time
          67000      134.00000

   Energies (kJ/mol)
           Bond          Angle    Proper Dih. Per. Imp. Dih.          LJ-14
    1.54114e+02    2.88536e+02    3.58272e+02    2.12387e+01    1.71413e+02
     Coulomb-14        LJ (SR)  Disper. corr.   Coulomb (SR)   Coul. recip.
    2.34562e+03    2.25576e+04   -1.36457e+03   -1.86046e+05    1.39003e+03
      Potential    Kinetic En.   Total Energy  Conserved En.    Temperature
   -1.60124e+05    3.46806e+04   -1.25444e+05   -1.27874e+05    3.42597e+02
 Pres. DC (bar) Pressure (bar)   Constr. rmsd
   -1.75989e+02   -3.33572e+02    1.95047e-06


DD  step 67999  vol min/aver 0.801  load imb.: force  2.2%
           Step           Time
          68000      136.00000

   Energies (kJ/mol)
           Bond          Angle    Proper Dih. Per. Imp. Dih.          LJ-14
    1.75099e+02    3.13031e+02    3.84745e+02    1.78273e+01    1.83172e+02
     Coulomb-14        LJ (SR)  Disper. corr.   Coulomb (SR)   Coul. recip.
    2.31820e+03    2.30615e+04   -1.37083e+03   -1.87033e+05    1.37171e+03
      Potential    Kinetic En.   Total Energy  Conserved En.    Temperature
   -1.60579e+05    3.46512e+04   -1.25928e+05   -1.27718e+05    3.42306e+02
 Pres. DC (bar) Pressure (bar)   Constr. rmsd
   -1.77606e+02   -2.53023e+01    1.48398e-06


DD  step 68999  vol min/aver 0.836  load imb.: force  4.8%
           Step           Time
          69000      138.00000

   Energies (kJ/mol)
           Bond          Angle    Proper Dih. Per. Imp. Dih.          LJ-14
    1.06959e+02    3.66116e+02    3.83004e+02    2.05594e+01    1.96886e+02
     Coulomb-14        LJ (SR)  Disper. corr.   Coulomb (SR)   Coul. recip.
    2.32137e+03    2.28913e+04   -1.37523e+03   -1.86498e+05    1.39758e+03
      Potential    Kinetic En.   Total Energy  Conserved En.    Temperature
   -1.60189e+05    3.45061e+04   -1.25683e+05   -1.27666e+05    3.40873e+02
 Pres. DC (bar) Pressure (bar)   Constr. rmsd
   -1.78747e+02    1.05837e+02    1.66646e-06


DD  step 69999  vol min/aver 0.808  load imb.: force  1.1%
           Step           Time
          70000      140.00000

   Energies (kJ/mol)
           Bond          Angle    Proper Dih. Per. Imp. Dih.          LJ-14
    1.32984e+02    3.58798e+02    3.43819e+02    2.02044e+01    1.82210e+02
     Coulomb-14        LJ (SR)  Disper. corr.   Coulomb (SR)   Coul. recip.
    2.29823e+03    2.29946e+04   -1.37650e+03   -1.86460e+05    1.41112e+03
      Potential    Kinetic En.   Total Energy  Conserved En.    Temperature
   -1.60095e+05    3.40729e+04   -1.26022e+05   -1.27643e+05    3.36593e+02
 Pres. DC (bar) Pressure (bar)   Constr. rmsd
   -1.79076e+02    1.75874e+01    1.66848e-06


DD  step 70999  vol min/aver 0.821  load imb.: force  3.0%
           Step           Time
          71000      142.00000

   Energies (kJ/mol)
           Bond          Angle    Proper Dih. Per. Imp. Dih.          LJ-14
    1.53638e+02    3.11933e+02    3.84240e+02    2.63222e+01    1.77732e+02
     Coulomb-14        LJ (SR)  Disper. corr.   Coulomb (SR)   Coul. recip.
    2.28550e+03    2.30585e+04   -1.37388e+03   -1.86271e+05    1.35089e+03
      Potential    Kinetic En.   Total Energy  Conserved En.    Temperature
   -1.59896e+05    3.46649e+04   -1.25231e+05   -1.27659e+05    3.42442e+02
 Pres. DC (bar) Pressure (bar)   Constr. rmsd
   -1.78396e+02    7.57604e+01    2.71252e-06


DD  step 71999  vol min/aver 0.810  load imb.: force  1.6%
           Step           Time
          72000      144.00000

   Energies (kJ/mol)
           Bond          Angle    Proper Dih. Per. Imp. Dih.          LJ-14
    1.39969e+02    3.38853e+02    3.77701e+02    2.13074e+01    1.74532e+02
     Coulomb-14        LJ (SR)  Disper. corr.   Coulomb (SR)   Coul. recip.
    2.33423e+03    2.30114e+04   -1.38020e+03   -1.86742e+05    1.36678e+03
      Potential    Kinetic En.   Total Energy  Conserved En.    Temperature
   -1.60357e+05    3.42632e+04   -1.26094e+05   -1.27551e+05    3.38474e+02
 Pres. DC (bar) Pressure (bar)   Constr. rmsd
   -1.80040e+02   -6.74658e+01    1.88881e-06


DD  step 72999  vol min/aver 0.842  load imb.: force  4.4%
           Step           Time
          73000      146.00000

   Energies (kJ/mol)
           Bond          Angle    Proper Dih. Per. Imp. Dih.          LJ-14
    1.86058e+02    3.33631e+02    3.70230e+02    1.57395e+01    1.87810e+02
     Coulomb-14        LJ (SR)  Disper. corr.   Coulomb (SR)   Coul. recip.
    2.29891e+03    2.34242e+04   -1.37162e+03   -1.86701e+05    1.37987e+03
      Potential    Kinetic En.   Total Energy  Conserved En.    Temperature
   -1.59877e+05    3.48151e+04   -1.25061e+05   -1.27702e+05    3.43926e+02
 Pres. DC (bar) Pressure (bar)   Constr. rmsd
   -1.77809e+02    3.13872e+02    3.54942e-06


DD  step 73999  vol min/aver 0.818  load imb.: force  2.2%
           Step           Time
          74000      148.00000

   Energies (kJ/mol)
           Bond          Angle    Proper Dih. Per. Imp. Dih.          LJ-14
    1.78842e+02    3.34143e+02    3.62988e+02    1.40633e+01    1.61580e+02
     Coulomb-14        LJ (SR)  Disper. corr.   Coulomb (SR)   Coul. recip.
    2.31501e+03    2.28297e+04   -1.36380e+03   -1.86285e+05    1.33323e+03
      Potential    Kinetic En.   Total Energy  Conserved En.    Temperature
   -1.60119e+05    3.45652e+04   -1.25554e+05   -1.27820e+05    3.41457e+02
 Pres. DC (bar) Pressure (bar)   Constr. rmsd
   -1.75791e+02   -1.60288e+02    2.79085e-06


DD  step 74999  vol min/aver 0.792  load imb.: force  2.3%
           Step           Time
          75000      150.00000

   Energies (kJ/mol)
           Bond          Angle    Proper Dih. Per. Imp. Dih.          LJ-14
    1.46833e+02    3.23006e+02    4.15137e+02    2.30347e+01    1.83786e+02
     Coulomb-14        LJ (SR)  Disper. corr.   Coulomb (SR)   Coul. recip.
    2.35796e+03    2.33978e+04   -1.36728e+03   -1.86562e+05    1.37208e+03
      Potential    Kinetic En.   Total Energy  Conserved En.    Temperature
   -1.59710e+05    3.44023e+04   -1.25308e+05   -1.27773e+05    3.39848e+02
 Pres. DC (bar) Pressure (bar)   Constr. rmsd
   -1.76689e+02    1.33810e+02    1.77700e-06


DD  step 75999  vol min/aver 0.816  load imb.: force  2.5%
           Step           Time
          76000      152.00000

   Energies (kJ/mol)
           Bond          Angle    Proper Dih. Per. Imp. Dih.          LJ-14
    1.68028e+02    3.28221e+02    3.40880e+02    2.51795e+01    1.80190e+02
     Coulomb-14        LJ (SR)  Disper. corr.   Coulomb (SR)   Coul. recip.
    2.29385e+03    2.30455e+04   -1.36817e+03   -1.85971e+05    1.45084e+03
      Potential    Kinetic En.   Total Energy  Conserved En.    Temperature
   -1.59506e+05    3.42192e+04   -1.25287e+05   -1.27718e+05    3.38039e+02
 Pres. DC (bar) Pressure (bar)   Constr. rmsd
   -1.76917e+02    1.29417e+02    2.00631e-06


DD  step 76999  vol min/aver 0.805  load imb.: force  1.7%
           Step           Time
          77000      154.00000

   Energies (kJ/mol)
           Bond          Angle    Proper Dih. Per. Imp. Dih.          LJ-14
    1.25592e+02    3.24487e+02    4.28128e+02    2.14626e+01    1.80340e+02
     Coulomb-14        LJ (SR)  Disper. corr.   Coulomb (SR)   Coul. recip.
    2.25592e+03    2.33966e+04   -1.36777e+03   -1.85752e+05    1.38480e+03
      Potential    Kinetic En.   Total Energy  Conserved En.    Temperature
   -1.59003e+05    3.45168e+04   -1.24486e+05   -1.27671e+05    3.40979e+02
 Pres. DC (bar) Pressure (bar)   Constr. rmsd
   -1.76814e+02    3.85261e+02    2.90662e-06


DD  step 77999  vol min/aver 0.804  load imb.: force  2.3%
           Step           Time
          78000      156.00000

   Energies (kJ/mol)
           Bond          Angle    Proper Dih. Per. Imp. Dih.          LJ-14
    1.11653e+02    3.36118e+02    3.82425e+02    2.72602e+01    1.84996e+02
     Coulomb-14        LJ (SR)  Disper. corr.   Coulomb (SR)   Coul. recip.
    2.30576e+03    2.28035e+04   -1.37078e+03   -1.85630e+05    1.36680e+03
      Potential    Kinetic En.   Total Energy  Conserved En.    Temperature
   -1.59482e+05    3.50283e+04   -1.24454e+05   -1.27669e+05    3.46031e+02
 Pres. DC (bar) Pressure (bar)   Constr. rmsd
   -1.77594e+02    9.82121e+01    2.86205e-06


DD  step 78999  vol min/aver 0.819  load imb.: force  2.1%
           Step           Time
          79000      158.00000

   Energies (kJ/mol)
           Bond          Angle    Proper Dih. Per. Imp. Dih.          LJ-14
    1.16700e+02    3.60661e+02    3.86437e+02    3.28304e+01    1.62850e+02
     Coulomb-14        LJ (SR)  Disper. corr.   Coulomb (SR)   Coul. recip.
    2.32861e+03    2.29112e+04   -1.36651e+03   -1.85740e+05    1.39849e+03
      Potential    Kinetic En.   Total Energy  Conserved En.    Temperature
   -1.59409e+05    3.43509e+04   -1.25058e+05   -1.27735e+05    3.39340e+02
 Pres. DC (bar) Pressure (bar)   Constr. rmsd
   -1.76489e+02   -9.98728e+00    1.59595e-06


DD  step 79999  vol min/aver 0.838  load imb.: force  2.4%
           Step           Time
          80000      160.00000

   Energies (kJ/mol)
           Bond          Angle    Proper Dih. Per. Imp. Dih.          LJ-14
    1.67591e+02    3.25854e+02    3.62296e+02    1.77467e+01    1.45594e+02
     Coulomb-14        LJ (SR)  Disper. corr.   Coulomb (SR)   Coul. recip.
    2.29523e+03    2.30035e+04   -1.37331e+03   -1.86747e+05    1.36016e+03
      Potential    Kinetic En.   Total Energy  Conserved En.    Temperature
   -1.60442e+05    3.48032e+04   -1.25639e+05   -1.27619e+05    3.43808e+02
 Pres. DC (bar) Pressure (bar)   Constr. rmsd
   -1.78248e+02   -1.07585e+02    2.30256e-06


DD  step 80999  vol min/aver 0.838  load imb.: force  5.4%
           Step           Time
          81000      162.00000

   Energies (kJ/mol)
           Bond          Angle    Proper Dih. Per. Imp. Dih.          LJ-14
    1.23263e+02    3.53680e+02    3.73673e+02    1.94447e+01    1.79317e+02
     Coulomb-14        LJ (SR)  Disper. corr.   Coulomb (SR)   Coul. recip.
    2.36162e+03    2.33966e+04   -1.36862e+03   -1.86343e+05    1.42467e+03
      Potential    Kinetic En.   Total Energy  Conserved En.    Temperature
   -1.59479e+05    3.43306e+04   -1.25148e+05   -1.27705e+05    3.39140e+02
 Pres. DC (bar) Pressure (bar)   Constr. rmsd
   -1.77034e+02    2.94484e+02    2.89477e-06


DD  step 81999  vol min/aver 0.899  load imb.: force  3.1%
           Step           Time
          82000      164.00000

   Energies (kJ/mol)
           Bond          Angle    Proper Dih. Per. Imp. Dih.          LJ-14
    1.53899e+02    3.61748e+02    3.54929e+02    2.67235e+01    1.70436e+02
     Coulomb-14        LJ (SR)  Disper. corr.   Coulomb (SR)   Coul. recip.
    2.34940e+03    2.23582e+04   -1.36834e+03   -1.85722e+05    1.38753e+03
      Potential    Kinetic En.   Total Energy  Conserved En.    Temperature
   -1.59928e+05    3.40151e+04   -1.25912e+05   -1.27600e+05    3.36023e+02
 Pres. DC (bar) Pressure (bar)   Constr. rmsd
   -1.76961e+02   -3.72650e+02    3.53796e-06


DD  step 82999  vol min/aver 0.824  load imb.: force  1.5%
           Step           Time
          83000      166.00000

   Energies (kJ/mol)
           Bond          Angle    Proper Dih. Per. Imp. Dih.          LJ-14
    1.60375e+02    3.04917e+02    3.83571e+02    1.98113e+01    1.72140e+02
     Coulomb-14        LJ (SR)  Disper. corr.   Coulomb (SR)   Coul. recip.
    2.30896e+03    2.24720e+04   -1.37096e+03   -1.85890e+05    1.32823e+03
      Potential    Kinetic En.   Total Energy  Conserved En.    Temperature
   -1.60110e+05    3.46807e+04   -1.25430e+05   -1.27526e+05    3.42598e+02
 Pres. DC (bar) Pressure (bar)   Constr. rmsd
   -1.77638e+02   -2.39821e+02    3.02201e-06


DD  step 83999  vol min/aver 0.845  load imb.: force  2.1%
           Step           Time
          84000      168.00000

   Energies (kJ/mol)
           Bond          Angle    Proper Dih. Per. Imp. Dih.          LJ-14
    1.79274e+02    3.21745e+02    4.01766e+02    1.86414e+01    1.91383e+02
     Coulomb-14        LJ (SR)  Disper. corr.   Coulomb (SR)   Coul. recip.
    2.31804e+03    2.33331e+04   -1.37816e+03   -1.86713e+05    1.34862e+03
      Potential    Kinetic En.   Total Energy  Conserved En.    Temperature
   -1.59978e+05    3.40958e+04   -1.25882e+05   -1.27466e+05    3.36820e+02
 Pres. DC (bar) Pressure (bar)   Constr. rmsd
   -1.79509e+02    2.32844e+02    2.57065e-06


DD  step 84999  vol min/aver 0.814  load imb.: force  1.6%
           Step           Time
          85000      170.00000

   Energies (kJ/mol)
           Bond          Angle    Proper Dih. Per. Imp. Dih.          LJ-14
    1.43102e+02    4.19506e+02    3.62967e+02    2.03572e+01    1.88280e+02
     Coulomb-14        LJ (SR)  Disper. corr.   Coulomb (SR)   Coul. recip.
    2.33661e+03    2.32919e+04   -1.37027e+03   -1.86565e+05    1.35768e+03
      Potential    Kinetic En.   Total Energy  Conserved En.    Temperature
   -1.59815e+05    3.48827e+04   -1.24932e+05   -1.27590e+05    3.44593e+02
 Pres. DC (bar) Pressure (bar)   Constr. rmsd
   -1.77462e+02    1.77195e+02    2.73891e-06


DD  step 85999  vol min/aver 0.838  load imb.: force  2.9%
           Step           Time
          86000      172.00000

   Energies (kJ/mol)
           Bond          Angle    Proper Dih. Per. Imp. Dih.          LJ-14
    1.67862e+02    3.00665e+02    3.68920e+02    1.63914e+01    1.91393e+02
     Coulomb-14        LJ (SR)  Disper. corr.   Coulomb (SR)   Coul. recip.
    2.40970e+03    2.31385e+04   -1.36712e+03   -1.86650e+05    1.32919e+03
      Potential    Kinetic En.   Total Energy  Conserved En.    Temperature
   -1.60094e+05    3.48580e+04   -1.25236e+05   -1.27626e+05    3.44349e+02
 Pres. DC (bar) Pressure (bar)   Constr. rmsd
   -1.76647e+02    7.66808e+01    3.86549e-06


DD  step 86999  vol min/aver 0.837  load imb.: force  3.7%
           Step           Time
          87000      174.00000

   Energies (kJ/mol)
           Bond          Angle    Proper Dih. Per. Imp. Dih.          LJ-14
    1.95307e+02    3.26257e+02    4.03569e+02    2.50834e+01    1.82847e+02
     Coulomb-14        LJ (SR)  Disper. corr.   Coulomb (SR)   Coul. recip.
    2.25104e+03    2.17122e+04   -1.37732e+03   -1.84980e+05    1.40181e+03
      Potential    Kinetic En.   Total Energy  Conserved En.    Temperature
   -1.59859e+05    3.51512e+04   -1.24708e+05   -1.27372e+05    3.47245e+02
 Pres. DC (bar) Pressure (bar)   Constr. rmsd
   -1.79289e+02   -5.52707e+02    2.25836e-06


DD  step 87999  vol min/aver 0.836  load imb.: force  2.1%
           Step           Time
          88000      176.00000

   Energies (kJ/mol)
           Bond          Angle    Proper Dih. Per. Imp. Dih.          LJ-14
    1.52490e+02    3.30790e+02    4.12086e+02    1.40068e+01    1.85442e+02
     Coulomb-14        LJ (SR)  Disper. corr.   Coulomb (SR)   Coul. recip.
    2.29265e+03    2.29714e+04   -1.37325e+03   -1.86610e+05    1.31907e+03
      Potential    Kinetic En.   Total Energy  Conserved En.    Temperature
   -1.60305e+05    3.50308e+04   -1.25274e+05   -1.27468e+05    3.46057e+02
 Pres. DC (bar) Pressure (bar)   Constr. rmsd
   -1.78234e+02   -8.74293e+01    3.18524e-06


DD  step 88999  vol min/aver 0.830  load imb.: force  3.1%
           Step           Time
          89000      178.00000

   Energies (kJ/mol)
           Bond          Angle    Proper Dih. Per. Imp. Dih.          LJ-14
    1.85145e+02    3.54971e+02    3.96686e+02    3.14849e+01    1.88653e+02
     Coulomb-14        LJ (SR)  Disper. corr.   Coulomb (SR)   Coul. recip.
    2.35088e+03    2.30668e+04   -1.37493e+03   -1.86556e+05    1.36325e+03
      Potential    Kinetic En.   Total Energy  Conserved En.    Temperature
   -1.59993e+05    3.49839e+04   -1.25009e+05   -1.27475e+05    3.45593e+02
 Pres. DC (bar) Pressure (bar)   Constr. rmsd
   -1.78668e+02    1.39377e+02    2.99449e-06


DD  step 89999  vol min/aver 0.822  load imb.: force  2.0%
           Step           Time
          90000      180.00000

   Energies (kJ/mol)
           Bond          Angle    Proper Dih. Per. Imp. Dih.          LJ-14
    1.26001e+02    3.49686e+02    3.66850e+02    9.87003e+00    1.86383e+02
     Coulomb-14        LJ (SR)  Disper. corr.   Coulomb (SR)   Coul. recip.
    2.32435e+03    2.21828e+04   -1.37435e+03   -1.85652e+05    1.34413e+03
      Potential    Kinetic En.   Total Energy  Conserved En.    Temperature
   -1.60136e+05    3.43831e+04   -1.25753e+05   -1.27439e+05    3.39658e+02
 Pres. DC (bar) Pressure (bar)   Constr. rmsd
   -1.78519e+02   -4.01550e+02    4.84183e-06


DD  step 90999  vol min/aver 0.847  load imb.: force  1.8%
           Step           Time
          91000      182.00000

   Energies (kJ/mol)
           Bond          Angle    Proper Dih. Per. Imp. Dih.          LJ-14
    1.17943e+02    3.33916e+02    4.11624e+02    2.27117e+01    1.80491e+02
     Coulomb-14        LJ (SR)  Disper. corr.   Coulomb (SR)   Coul. recip.
    2.31663e+03    2.24779e+04   -1.37651e+03   -1.85423e+05    1.34713e+03
      Potential    Kinetic En.   Total Energy  Conserved En.    Temperature
   -1.59591e+05    3.43122e+04   -1.25279e+05   -1.27423e+05    3.38958e+02
 Pres. DC (bar) Pressure (bar)   Constr. rmsd
   -1.79078e+02   -1.98642e+01    3.07874e-06


DD  step 91999  vol min/aver 0.824  load imb.: force  2.1%
           Step           Time
          92000      184.00000

   Energies (kJ/mol)
           Bond          Angle    Proper Dih. Per. Imp. Dih.          LJ-14
    1.50274e+02    3.45235e+02    3.89166e+02    1.23162e+01    1.63816e+02
     Coulomb-14        LJ (SR)  Disper. corr.   Coulomb (SR)   Coul. recip.
    2.27854e+03    2.32652e+04   -1.37919e+03   -1.86380e+05    1.43975e+03
      Potential    Kinetic En.   Total Energy  Conserved En.    Temperature
   -1.59714e+05    3.45587e+04   -1.25156e+05   -1.27364e+05    3.41393e+02
 Pres. DC (bar) Pressure (bar)   Constr. rmsd
   -1.79777e+02    2.60410e+02    1.50686e-06


DD  step 92999  vol min/aver 0.839  load imb.: force  2.5%
           Step           Time
          93000      186.00000

   Energies (kJ/mol)
           Bond          Angle    Proper Dih. Per. Imp. Dih.          LJ-14
    1.66292e+02    3.31912e+02    3.59052e+02    2.01839e+01    1.81460e+02
     Coulomb-14        LJ (SR)  Disper. corr.   Coulomb (SR)   Coul. recip.
    2.31050e+03    2.26426e+04   -1.38523e+03   -1.86034e+05    1.38454e+03
      Potential    Kinetic En.   Total Energy  Conserved En.    Temperature
   -1.60023e+05    3.48711e+04   -1.25152e+05   -1.27247e+05    3.44479e+02
 Pres. DC (bar) Pressure (bar)   Constr. rmsd
   -1.81351e+02    7.01238e+00    2.22748e-06


DD  step 93999  vol min/aver 0.824  load imb.: force  2.3%
           Step           Time
          94000      188.00000

   Energies (kJ/mol)
           Bond          Angle    Proper Dih. Per. Imp. Dih.          LJ-14
    1.77003e+02    3.44624e+02    3.51019e+02    3.30150e+01    1.65634e+02
     Coulomb-14        LJ (SR)  Disper. corr.   Coulomb (SR)   Coul. recip.
    2.27521e+03    2.33230e+04   -1.38999e+03   -1.87203e+05    1.35937e+03
      Potential    Kinetic En.   Total Energy  Conserved En.    Temperature
   -1.60564e+05    3.48150e+04   -1.25749e+05   -1.27182e+05    3.43925e+02
 Pres. DC (bar) Pressure (bar)   Constr. rmsd
   -1.82599e+02    1.68409e+02    2.55338e-06


DD  step 94999  vol min/aver 0.846  load imb.: force  2.0%
           Step           Time
          95000      190.00000

   Energies (kJ/mol)
           Bond          Angle    Proper Dih. Per. Imp. Dih.          LJ-14
    1.63316e+02    3.42185e+02    3.68430e+02    2.16057e+01    1.76040e+02
     Coulomb-14        LJ (SR)  Disper. corr.   Coulomb (SR)   Coul. recip.
    2.30846e+03    2.28899e+04   -1.37870e+03   -1.87124e+05    1.27957e+03
      Potential    Kinetic En.   Total Energy  Conserved En.    Temperature
   -1.60953e+05    3.50255e+04   -1.25927e+05   -1.27312e+05    3.46004e+02
 Pres. DC (bar) Pressure (bar)   Constr. rmsd
   -1.79650e+02   -7.36495e+01    3.30208e-06


DD  step 95999  vol min/aver 0.817  load imb.: force  5.5%
           Step           Time
          96000      192.00000

   Energies (kJ/mol)
           Bond          Angle    Proper Dih. Per. Imp. Dih.          LJ-14
    1.51599e+02    3.13113e+02    3.59141e+02    1.76964e+01    1.71474e+02
     Coulomb-14        LJ (SR)  Disper. corr.   Coulomb (SR)   Coul. recip.
    2.29590e+03    2.32461e+04   -1.37912e+03   -1.87306e+05    1.34735e+03
      Potential    Kinetic En.   Total Energy  Conserved En.    Temperature
   -1.60783e+05    3.44387e+04   -1.26344e+05   -1.27273e+05    3.40207e+02
 Pres. DC (bar) Pressure (bar)   Constr. rmsd
   -1.79758e+02    1.71070e+02    1.81941e-06


DD  step 96999  vol min/aver 0.829  load imb.: force  1.6%
           Step           Time
          97000      194.00000

   Energies (kJ/mol)
           Bond          Angle    Proper Dih. Per. Imp. Dih.          LJ-14
    1.50044e+02    3.74624e+02    3.87743e+02    1.73209e+01    1.67384e+02
     Coulomb-14        LJ (SR)  Disper. corr.   Coulomb (SR)   Coul. recip.
    2.32487e+03    2.32769e+04   -1.38235e+03   -1.86555e+05    1.25949e+03
      Potential    Kinetic En.   Total Energy  Conserved En.    Temperature
   -1.59979e+05    3.41362e+04   -1.25843e+05   -1.27253e+05    3.37219e+02
 Pres. DC (bar) Pressure (bar)   Constr. rmsd
   -1.80600e+02    2.86520e+02    3.45162e-06


DD  step 97999  vol min/aver 0.814  load imb.: force  2.6%
           Step           Time
          98000      196.00000

   Energies (kJ/mol)
           Bond          Angle    Proper Dih. Per. Imp. Dih.          LJ-14
    1.36479e+02    3.36355e+02    3.78124e+02    2.97423e+01    1.86044e+02
     Coulomb-14        LJ (SR)  Disper. corr.   Coulomb (SR)   Coul. recip.
    2.30741e+03    2.32167e+04   -1.38386e+03   -1.87273e+05    1.32216e+03
      Potential    Kinetic En.   Total Energy  Conserved En.    Temperature
   -1.60744e+05    3.49914e+04   -1.25753e+05   -1.27211e+05    3.45667e+02
 Pres. DC (bar) Pressure (bar)   Constr. rmsd
   -1.80993e+02    1.58386e+02    2.12768e-06


DD  step 98999  vol min/aver 0.823  load imb.: force  2.7%
           Step           Time
          99000      198.00000

   Energies (kJ/mol)
           Bond          Angle    Proper Dih. Per. Imp. Dih.          LJ-14
    1.49258e+02    2.96698e+02    3.76881e+02    1.81028e+01    1.79130e+02
     Coulomb-14        LJ (SR)  Disper. corr.   Coulomb (SR)   Coul. recip.
    2.34644e+03    2.27333e+04   -1.37811e+03   -1.86269e+05    1.40297e+03
      Potential    Kinetic En.   Total Energy  Conserved En.    Temperature
   -1.60144e+05    3.44121e+04   -1.25732e+05   -1.27299e+05    3.39944e+02
 Pres. DC (bar) Pressure (bar)   Constr. rmsd
   -1.79496e+02   -6.19090e+01    2.56606e-06


DD  step 99999  vol min/aver 0.830  load imb.: force  4.9%
           Step           Time
         100000      200.00000

   Energies (kJ/mol)
           Bond          Angle    Proper Dih. Per. Imp. Dih.          LJ-14
    1.45993e+02    3.51031e+02    3.37984e+02    2.72962e+01    1.85009e+02
     Coulomb-14        LJ (SR)  Disper. corr.   Coulomb (SR)   Coul. recip.
    2.29027e+03    2.26205e+04   -1.37346e+03   -1.85913e+05    1.32535e+03
      Potential    Kinetic En.   Total Energy  Conserved En.    Temperature
   -1.60003e+05    3.44120e+04   -1.25591e+05   -1.27349e+05    3.39943e+02
 Pres. DC (bar) Pressure (bar)   Constr. rmsd
   -1.78288e+02   -1.23803e+02    2.66927e-06


DD  step 100999  vol min/aver 0.817  load imb.: force  1.4%
           Step           Time
         101000      202.00000

   Energies (kJ/mol)
           Bond          Angle    Proper Dih. Per. Imp. Dih.          LJ-14
    1.89405e+02    2.92833e+02    4.35464e+02    3.07291e+01    1.89683e+02
     Coulomb-14        LJ (SR)  Disper. corr.   Coulomb (SR)   Coul. recip.
    2.35189e+03    2.30350e+04   -1.37145e+03   -1.86416e+05    1.36410e+03
      Potential    Kinetic En.   Total Energy  Conserved En.    Temperature
   -1.59899e+05    3.48468e+04   -1.25052e+05   -1.27390e+05    3.44239e+02
 Pres. DC (bar) Pressure (bar)   Constr. rmsd
   -1.77767e+02    1.08532e+01    2.33038e-06


DD  step 101999  vol min/aver 0.825  load imb.: force  1.8%
           Step           Time
         102000      204.00000

   Energies (kJ/mol)
           Bond          Angle    Proper Dih. Per. Imp. Dih.          LJ-14
    1.36406e+02    3.72956e+02    3.73566e+02    2.60207e+01    1.82874e+02
     Coulomb-14        LJ (SR)  Disper. corr.   Coulomb (SR)   Coul. recip.
    2.31630e+03    2.23146e+04   -1.37186e+03   -1.85576e+05    1.36300e+03
      Potential    Kinetic En.   Total Energy  Conserved En.    Temperature
   -1.59862e+05    3.50564e+04   -1.24806e+05   -1.27374e+05    3.46310e+02
 Pres. DC (bar) Pressure (bar)   Constr. rmsd
   -1.77874e+02   -2.17193e+02    2.73199e-06


DD  step 102999  vol min/aver 0.829  load imb.: force  2.0%
           Step           Time
         103000      206.00000

   Energies (kJ/mol)
           Bond          Angle    Proper Dih. Per. Imp. Dih.          LJ-14
    1.47339e+02    3.32645e+02    3.69569e+02    3.47832e+01    1.76134e+02
     Coulomb-14        LJ (SR)  Disper. corr.   Coulomb (SR)   Coul. recip.
    2.31628e+03    2.25198e+04   -1.37208e+03   -1.85122e+05    1.40285e+03
      Potential    Kinetic En.   Total Energy  Conserved En.    Temperature
   -1.59194e+05    3.51557e+04   -1.24039e+05   -1.27401e+05    3.47290e+02
 Pres. DC (bar) Pressure (bar)   Constr. rmsd
   -1.77931e+02   -5.86073e+01    3.76030e-06


DD  step 103999  vol min/aver 0.826  load imb.: force  6.0%
           Step           Time
         104000      208.00000

   Energies (kJ/mol)
           Bond          Angle    Proper Dih. Per. Imp. Dih.          LJ-14
    1.14971e+02    3.62987e+02    3.50890e+02    1.36114e+01    1.75864e+02
     Coulomb-14        LJ (SR)  Disper. corr.   Coulomb (SR)   Coul. recip.
    2.29187e+03    2.32506e+04   -1.37555e+03   -1.86954e+05    1.37024e+03
      Potential    Kinetic En.   Total Energy  Conserved En.    Temperature
   -1.60398e+05    3.48694e+04   -1.25529e+05   -1.27283e+05    3.44461e+02
 Pres. DC (bar) Pressure (bar)   Constr. rmsd
   -1.78830e+02    6.14549e+01    2.01594e-06


DD  step 104999  vol min/aver 0.829  load imb.: force  1.0%
           Step           Time
         105000      210.00000

   Energies (kJ/mol)
           Bond          Angle    Proper Dih. Per. Imp. Dih.          LJ-14
    1.25122e+02    3.15566e+02    3.60629e+02    2.53866e+01    1.70877e+02
     Coulomb-14        LJ (SR)  Disper. corr.   Coulomb (SR)   Coul. recip.
    2.28025e+03    2.30357e+04   -1.37566e+03   -1.86913e+05    1.26146e+03
      Potential    Kinetic En.   Total Energy  Conserved En.    Temperature
   -1.60714e+05    3.42129e+04   -1.26501e+05   -1.27244e+05    3.37977e+02
 Pres. DC (bar) Pressure (bar)   Constr. rmsd
   -1.78858e+02    3.52310e+01    2.79603e-06


DD  step 105999  vol min/aver 0.821  load imb.: force  2.3%
           Step           Time
         106000      212.00000

   Energies (kJ/mol)
           Bond          Angle    Proper Dih. Per. Imp. Dih.          LJ-14
    1.65211e+02    2.97830e+02    3.52694e+02    3.82150e+01    1.95596e+02
     Coulomb-14        LJ (SR)  Disper. corr.   Coulomb (SR)   Coul. recip.
    2.31069e+03    2.23539e+04   -1.37001e+03   -1.86232e+05    1.43042e+03
      Potential    Kinetic En.   Total Energy  Conserved En.    Temperature
   -1.60457e+05    3.45809e+04   -1.25876e+05   -1.27334e+05    3.41612e+02
 Pres. DC (bar) Pressure (bar)   Constr. rmsd
   -1.77394e+02   -2.09791e+02    2.35306e-06


DD  step 106999  vol min/aver 0.840  load imb.: force  0.5%
           Step           Time
         107000      214.00000

   Energies (kJ/mol)
           Bond          Angle    Proper Dih. Per. Imp. Dih.          LJ-14
    1.34432e+02    3.05962e+02    3.56534e+02    2.56037e+01    1.71178e+02
     Coulomb-14        LJ (SR)  Disper. corr.   Coulomb (SR)   Coul. recip.
    2.29197e+03    2.24498e+04   -1.37061e+03   -1.86228e+05    1.29884e+03
      Potential    Kinetic En.   Total Energy  Conserved En.    Temperature
   -1.60565e+05    3.40709e+04   -1.26494e+05   -1.27286e+05    3.36574e+02
 Pres. DC (bar) Pressure (bar)   Constr. rmsd
   -1.77548e+02   -3.11916e+02    3.92142e-06


DD  step 107999  vol min/aver 0.863  load imb.: force  5.3%
           Step           Time
         108000      216.00000

   Energies (kJ/mol)
           Bond          Angle    Proper Dih. Per. Imp. Dih.          LJ-14
    1.57645e+02    3.15906e+02    3.32454e+02    1.09604e+01    1.83957e+02
     Coulomb-14        LJ (SR)  Disper. corr.   Coulomb (SR)   Coul. recip.
    2.27535e+03    2.27977e+04   -1.37002e+03   -1.86310e+05    1.36053e+03
      Potential    Kinetic En.   Total Energy  Conserved En.    Temperature
   -1.60246e+05    3.33640e+04   -1.26881e+05   -1.27344e+05    3.29591e+02
 Pres. DC (bar) Pressure (bar)   Constr. rmsd
   -1.77397e+02   -2.25235e+02    2.64346e-06


DD  step 108999  vol min/aver 0.811  load imb.: force  1.5%
           Step           Time
         109000      218.00000

   Energies (kJ/mol)
           Bond          Angle    Proper Dih. Per. Imp. Dih.          LJ-14
    1.13200e+02    2.81529e+02    3.98545e+02    1.73825e+01    1.86265e+02
     Coulomb-14        LJ (SR)  Disper. corr.   Coulomb (SR)   Coul. recip.
    2.32301e+03    2.29156e+04   -1.36560e+03   -1.86996e+05    1.38767e+03
      Potential    Kinetic En.   Total Energy  Conserved En.    Temperature
   -1.60738e+05    3.46061e+04   -1.26132e+05   -1.27439e+05    3.41861e+02
 Pres. DC (bar) Pressure (bar)   Constr. rmsd
   -1.76254e+02   -1.13061e+02    3.62328e-06


DD  step 109999  vol min/aver 0.834  load imb.: force  0.9%
           Step           Time
         110000      220.00000

   Energies (kJ/mol)
           Bond          Angle    Proper Dih. Per. Imp. Dih.          LJ-14
    1.20606e+02    3.04856e+02    3.68271e+02    1.44692e+01    1.80770e+02
     Coulomb-14        LJ (SR)  Disper. corr.   Coulomb (SR)   Coul. recip.
    2.34134e+03    2.27645e+04   -1.36530e+03   -1.85865e+05    1.37836e+03
      Potential    Kinetic En.   Total Energy  Conserved En.    Temperature
   -1.59757e+05    3.39215e+04   -1.25836e+05   -1.27400e+05    3.35098e+02
 Pres. DC (bar) Pressure (bar)   Constr. rmsd
   -1.76176e+02   -4.68486e+01    2.16741e-06


DD  step 110999  vol min/aver 0.840  load imb.: force  1.9%
           Step           Time
         111000      222.00000

   Energies (kJ/mol)
           Bond          Angle    Proper Dih. Per. Imp. Dih.          LJ-14
    1.54901e+02    3.58543e+02    3.91096e+02    3.67336e+01    1.56229e+02
     Coulomb-14        LJ (SR)  Disper. corr.   Coulomb (SR)   Coul. recip.
    2.33762e+03    2.32327e+04   -1.37358e+03   -1.86614e+05    1.41494e+03
      Potential    Kinetic En.   Total Energy  Conserved En.    Temperature
   -1.59905e+05    3.47519e+04   -1.25153e+05   -1.27205e+05    3.43302e+02
 Pres. DC (bar) Pressure (bar)   Constr. rmsd
   -1.78319e+02    9.55071e+01    2.54991e-06


DD  step 111999  vol min/aver 0.824  load imb.: force  2.5%
           Step           Time
         112000      224.00000

   Energies (kJ/mol)
           Bond          Angle    Proper Dih. Per. Imp. Dih.          LJ-14
    1.22454e+02    3.44430e+02    3.54946e+02    1.78104e+01    1.91510e+02
     Coulomb-14        LJ (SR)  Disper. corr.   Coulomb (SR)   Coul. recip.
    2.38137e+03    2.28245e+04   -1.37670e+03   -1.86246e+05    1.42155e+03
      Potential    Kinetic En.   Total Energy  Conserved En.    Temperature
   -1.59964e+05    3.38612e+04   -1.26103e+05   -1.27138e+05    3.34502e+02
 Pres. DC (bar) Pressure (bar)   Constr. rmsd
   -1.79128e+02    8.36162e+01    1.77710e-06


DD  step 112999  vol min/aver 0.829  load imb.: force  2.5%
           Step           Time
         113000      226.00000

   Energies (kJ/mol)
           Bond          Angle    Proper Dih. Per. Imp. Dih.          LJ-14
    1.35680e+02    3.04939e+02    3.96730e+02    2.03607e+01    1.69671e+02
     Coulomb-14        LJ (SR)  Disper. corr.   Coulomb (SR)   Coul. recip.
    2.26643e+03    2.32069e+04   -1.37547e+03   -1.87175e+05    1.37573e+03
      Potential    Kinetic En.   Total Energy  Conserved En.    Temperature
   -1.60674e+05    3.45328e+04   -1.26141e+05   -1.27220e+05    3.41136e+02
 Pres. DC (bar) Pressure (bar)   Constr. rmsd
   -1.78810e+02   -2.30958e+01    2.09666e-06


DD  step 113999  vol min/aver 0.808  load imb.: force  2.9%
           Step           Time
         114000      228.00000

   Energies (kJ/mol)
           Bond          Angle    Proper Dih. Per. Imp. Dih.          LJ-14
    2.00472e+02    3.06937e+02    3.90734e+02    3.04076e+01    1.84881e+02
     Coulomb-14        LJ (SR)  Disper. corr.   Coulomb (SR)   Coul. recip.
    2.31402e+03    2.24095e+04   -1.37611e+03   -1.86094e+05    1.36405e+03
      Potential    Kinetic En.   Total Energy  Conserved En.    Temperature
   -1.60269e+05    3.43076e+04   -1.25961e+05   -1.27143e+05    3.38912e+02
 Pres. DC (bar) Pressure (bar)   Constr. rmsd
   -1.78975e+02   -2.13354e+02    1.94691e-06


DD  step 114999  vol min/aver 0.831  load imb.: force  1.3%
           Step           Time
         115000      230.00000

   Energies (kJ/mol)
           Bond          Angle    Proper Dih. Per. Imp. Dih.          LJ-14
    1.41794e+02    3.21530e+02    3.56582e+02    1.72053e+01    1.69084e+02
     Coulomb-14        LJ (SR)  Disper. corr.   Coulomb (SR)   Coul. recip.
    2.29661e+03    2.31349e+04   -1.38101e+03   -1.87116e+05    1.42295e+03
      Potential    Kinetic En.   Total Energy  Conserved En.    Temperature
   -1.60637e+05    3.41333e+04   -1.26503e+05   -1.27108e+05    3.37190e+02
 Pres. DC (bar) Pressure (bar)   Constr. rmsd
   -1.80249e+02    3.93277e+01    2.08220e-06


DD  step 115999  vol min/aver 0.878  load imb.: force  6.1%
           Step           Time
         116000      232.00000

   Energies (kJ/mol)
           Bond          Angle    Proper Dih. Per. Imp. Dih.          LJ-14
    1.22953e+02    3.38048e+02    3.62168e+02    2.50811e+01    1.72204e+02
     Coulomb-14        LJ (SR)  Disper. corr.   Coulomb (SR)   Coul. recip.
    2.31246e+03    2.29269e+04   -1.37659e+03   -1.86983e+05    1.33877e+03
      Potential    Kinetic En.   Total Energy  Conserved En.    Temperature
   -1.60761e+05    3.42714e+04   -1.26490e+05   -1.27119e+05    3.38555e+02
 Pres. DC (bar) Pressure (bar)   Constr. rmsd
   -1.79099e+02   -9.24921e+01    2.31074e-06


DD  step 116999  vol min/aver 0.813  load imb.: force  2.1%
           Step           Time
         117000      234.00000

   Energies (kJ/mol)
           Bond          Angle    Proper Dih. Per. Imp. Dih.          LJ-14
    1.64744e+02    2.92768e+02    3.62378e+02    2.84289e+01    1.68978e+02
     Coulomb-14        LJ (SR)  Disper. corr.   Coulomb (SR)   Coul. recip.
    2.33554e+03    2.29725e+04   -1.36553e+03   -1.86789e+05    1.30646e+03
      Potential    Kinetic En.   Total Energy  Conserved En.    Temperature
   -1.60522e+05    3.43970e+04   -1.26125e+05   -1.27302e+05    3.39796e+02
 Pres. DC (bar) Pressure (bar)   Constr. rmsd
   -1.76237e+02   -7.09170e+01    2.39441e-06


DD  step 117999  vol min/aver 0.852  load imb.: force  2.1%
           Step           Time
         118000      236.00000

   Energies (kJ/mol)
           Bond          Angle    Proper Dih. Per. Imp. Dih.          LJ-14
    1.94598e+02    3.11490e+02    3.80225e+02    2.86656e+01    1.65565e+02
     Coulomb-14        LJ (SR)  Disper. corr.   Coulomb (SR)   Coul. recip.
    2.28792e+03    2.31583e+04   -1.37210e+03   -1.87153e+05    1.37183e+03
      Potential    Kinetic En.   Total Energy  Conserved En.    Temperature
   -1.60627e+05    3.45191e+04   -1.26108e+05   -1.27159e+05    3.41002e+02
 Pres. DC (bar) Pressure (bar)   Constr. rmsd
   -1.77934e+02   -1.11876e+01    1.99402e-06


DD  step 118999  vol min/aver 0.808  load imb.: force  1.7%
           Step           Time
         119000      238.00000

   Energies (kJ/mol)
           Bond          Angle    Proper Dih. Per. Imp. Dih.          LJ-14
    1.66332e+02    2.91125e+02    4.03391e+02    2.17369e+01    1.79089e+02
     Coulomb-14        LJ (SR)  Disper. corr.   Coulomb (SR)   Coul. recip.
    2.35024e+03    2.35294e+04   -1.37231e+03   -1.87290e+05    1.34289e+03
      Potential    Kinetic En.   Total Energy  Conserved En.    Temperature
   -1.60378e+05    3.44066e+04   -1.25971e+05   -1.27153e+05    3.39890e+02
 Pres. DC (bar) Pressure (bar)   Constr. rmsd
   -1.77990e+02    2.03345e+02    1.42220e-06


DD  step 119999  vol min/aver 0.806  load imb.: force  1.6%
           Step           Time
         120000      240.00000

   Energies (kJ/mol)
           Bond          Angle    Proper Dih. Per. Imp. Dih.          LJ-14
    1.70330e+02    3.62929e+02    3.64927e+02    1.47205e+01    1.77135e+02
     Coulomb-14        LJ (SR)  Disper. corr.   Coulomb (SR)   Coul. recip.
    2.30128e+03    2.31743e+04   -1.37298e+03   -1.87008e+05    1.39186e+03
      Potential    Kinetic En.   Total Energy  Conserved En.    Temperature
   -1.60423e+05    3.43530e+04   -1.26070e+05   -1.27126e+05    3.39361e+02
 Pres. DC (bar) Pressure (bar)   Constr. rmsd
   -1.78163e+02   -1.46915e+01    2.16726e-06


DD  step 120999  vol min/aver 0.828  load imb.: force  1.4%
           Step           Time
         121000      242.00000

   Energies (kJ/mol)
           Bond          Angle    Proper Dih. Per. Imp. Dih.          LJ-14
    2.19745e+02    3.72358e+02    3.85071e+02    2.00831e+01    1.79356e+02
     Coulomb-14        LJ (SR)  Disper. corr.   Coulomb (SR)   Coul. recip.
    2.34481e+03    2.30192e+04   -1.37689e+03   -1.86063e+05    1.36202e+03
      Potential    Kinetic En.   Total Energy  Conserved En.    Temperature
   -1.59537e+05    3.45049e+04   -1.25032e+05   -1.27092e+05    3.40862e+02
 Pres. DC (bar) Pressure (bar)   Constr. rmsd
   -1.79177e+02    1.24858e+02    3.12064e-06


DD  step 121999  vol min/aver 0.851  load imb.: force  2.5%
           Step           Time
         122000      244.00000

   Energies (kJ/mol)
           Bond          Angle    Proper Dih. Per. Imp. Dih.          LJ-14
    1.57463e+02    3.18098e+02    3.89483e+02    1.87758e+01    1.79271e+02
     Coulomb-14        LJ (SR)  Disper. corr.   Coulomb (SR)   Coul. recip.
    2.31170e+03    2.32063e+04   -1.37927e+03   -1.86651e+05    1.36864e+03
      Potential    Kinetic En.   Total Energy  Conserved En.    Temperature
   -1.60081e+05    3.46774e+04   -1.25403e+05   -1.27065e+05    3.42566e+02
 Pres. DC (bar) Pressure (bar)   Constr. rmsd
   -1.79796e+02    1.23644e+02    3.64207e-06


DD  step 122999  vol min/aver 0.827  load imb.: force  1.3%
           Step           Time
         123000      246.00000

   Energies (kJ/mol)
           Bond          Angle    Proper Dih. Per. Imp. Dih.          LJ-14
    1.66888e+02    2.97149e+02    3.62902e+02    2.08166e+01    1.77094e+02
     Coulomb-14        LJ (SR)  Disper. corr.   Coulomb (SR)   Coul. recip.
    2.33455e+03    2.34981e+04   -1.38118e+03   -1.87790e+05    1.32520e+03
      Potential    Kinetic En.   Total Energy  Conserved En.    Temperature
   -1.60988e+05    3.44467e+04   -1.26542e+05   -1.27008e+05    3.40286e+02
 Pres. DC (bar) Pressure (bar)   Constr. rmsd
   -1.80294e+02    4.63486e+01    1.87775e-06


DD  step 123999  vol min/aver 0.806  load imb.: force  3.9%
           Step           Time
         124000      248.00000

   Energies (kJ/mol)
           Bond          Angle    Proper Dih. Per. Imp. Dih.          LJ-14
    1.49886e+02    3.00154e+02    3.69954e+02    2.59164e+01    1.77199e+02
     Coulomb-14        LJ (SR)  Disper. corr.   Coulomb (SR)   Coul. recip.
    2.32908e+03    2.26930e+04   -1.37878e+03   -1.86721e+05    1.31650e+03
      Potential    Kinetic En.   Total Energy  Conserved En.    Temperature
   -1.60738e+05    3.42434e+04   -1.26494e+05   -1.27016e+05    3.38278e+02
 Pres. DC (bar) Pressure (bar)   Constr. rmsd
   -1.79669e+02   -1.29451e+02    3.83967e-06


DD  step 124999  vol min/aver 0.806  load imb.: force  1.0%
           Step           Time
         125000      250.00000

   Energies (kJ/mol)
           Bond          Angle    Proper Dih. Per. Imp. Dih.          LJ-14
    1.59703e+02    2.90764e+02    3.70937e+02    1.67930e+01    1.83130e+02
     Coulomb-14        LJ (SR)  Disper. corr.   Coulomb (SR)   Coul. recip.
    2.37786e+03    2.23500e+04   -1.37376e+03   -1.85484e+05    1.39948e+03
      Potential    Kinetic En.   Total Energy  Conserved En.    Temperature
   -1.59709e+05    3.45291e+04   -1.25180e+05   -1.27100e+05    3.41100e+02
 Pres. DC (bar) Pressure (bar)   Constr. rmsd
   -1.78366e+02   -6.94232e+01    4.28196e-06


DD  step 125999  vol min/aver 0.810  load imb.: force  1.1%
           Step           Time
         126000      252.00000

   Energies (kJ/mol)
           Bond          Angle    Proper Dih. Per. Imp. Dih.          LJ-14
    1.45519e+02    2.85343e+02    4.02790e+02    2.94267e+01    1.84819e+02
     Coulomb-14        LJ (SR)  Disper. corr.   Coulomb (SR)   Coul. recip.
    2.33639e+03    2.32141e+04   -1.37948e+03   -1.86365e+05    1.35925e+03
      Potential    Kinetic En.   Total Energy  Conserved En.    Temperature
   -1.59787e+05    3.43742e+04   -1.25413e+05   -1.26964e+05    3.39570e+02
 Pres. DC (bar) Pressure (bar)   Constr. rmsd
   -1.79851e+02    3.50635e+02    1.86520e-06


DD  step 126999  vol min/aver 0.852  load imb.: force  1.8%
           Step           Time
         127000      254.00000

   Energies (kJ/mol)
           Bond          Angle    Proper Dih. Per. Imp. Dih.          LJ-14
    1.36467e+02    3.68423e+02    3.64615e+02    3.11305e+01    1.85003e+02
     Coulomb-14        LJ (SR)  Disper. corr.   Coulomb (SR)   Coul. recip.
    2.32079e+03    2.31037e+04   -1.38221e+03   -1.87147e+05    1.38887e+03
      Potential    Kinetic En.   Total Energy  Conserved En.    Temperature
   -1.60630e+05    3.49479e+04   -1.25682e+05   -1.26953e+05    3.45237e+02
 Pres. DC (bar) Pressure (bar)   Constr. rmsd
   -1.80564e+02    1.13468e+02    1.68434e-06


DD  step 127999  vol min/aver 0.823  load imb.: force  1.0%
           Step           Time
         128000      256.00000

   Energies (kJ/mol)
           Bond          Angle    Proper Dih. Per. Imp. Dih.          LJ-14
    1.19744e+02    3.65501e+02    3.81641e+02    2.22847e+01    1.73056e+02
     Coulomb-14        LJ (SR)  Disper. corr.   Coulomb (SR)   Coul. recip.
    2.28919e+03    2.29192e+04   -1.38658e+03   -1.86115e+05    1.31936e+03
      Potential    Kinetic En.   Total Energy  Conserved En.    Temperature
   -1.59912e+05    3.47296e+04   -1.25182e+05   -1.26878e+05    3.43081e+02
 Pres. DC (bar) Pressure (bar)   Constr. rmsd
   -1.81706e+02    1.46865e+02    1.79423e-06


DD  step 128999  vol min/aver 0.787  load imb.: force  2.2%
           Step           Time
         129000      258.00000

   Energies (kJ/mol)
           Bond          Angle    Proper Dih. Per. Imp. Dih.          LJ-14
    1.52020e+02    3.39462e+02    3.74482e+02    2.27247e+01    1.71783e+02
     Coulomb-14        LJ (SR)  Disper. corr.   Coulomb (SR)   Coul. recip.
    2.30505e+03    2.29679e+04   -1.37626e+03   -1.86761e+05    1.34474e+03
      Potential    Kinetic En.   Total Energy  Conserved En.    Temperature
   -1.60459e+05    3.45784e+04   -1.25881e+05   -1.27000e+05    3.41587e+02
 Pres. DC (bar) Pressure (bar)   Constr. rmsd
   -1.79015e+02   -1.14027e+02    2.70218e-06


DD  step 129999  vol min/aver 0.811  load imb.: force  1.4%
           Step           Time
         130000      260.00000

   Energies (kJ/mol)
           Bond          Angle    Proper Dih. Per. Imp. Dih.          LJ-14
    1.57377e+02    3.42756e+02    3.68630e+02    3.18415e+01    1.75535e+02
     Coulomb-14        LJ (SR)  Disper. corr.   Coulomb (SR)   Coul. recip.
    2.31385e+03    2.26281e+04   -1.37452e+03   -1.86643e+05    1.40795e+03
      Potential    Kinetic En.   Total Energy  Conserved En.    Temperature
   -1.60591e+05    3.43247e+04   -1.26266e+05   -1.27012e+05    3.39081e+02
 Pres. DC (bar) Pressure (bar)   Constr. rmsd
   -1.78561e+02   -2.96346e+02    2.35645e-06


DD  step 130999  vol min/aver 0.823  load imb.: force  1.3%
           Step           Time
         131000      262.00000

   Energies (kJ/mol)
           Bond          Angle    Proper Dih. Per. Imp. Dih.          LJ-14
    1.73815e+02    3.14187e+02    3.62930e+02    1.97209e+01    1.71267e+02
     Coulomb-14        LJ (SR)  Disper. corr.   Coulomb (SR)   Coul. recip.
    2.29568e+03    2.25698e+04   -1.37321e+03   -1.86505e+05    1.28668e+03
      Potential    Kinetic En.   Total Energy  Conserved En.    Temperature
   -1.60684e+05    3.46719e+04   -1.26012e+05   -1.27089e+05    3.42511e+02
 Pres. DC (bar) Pressure (bar)   Constr. rmsd
   -1.78221e+02   -3.12449e+02    2.30713e-06


DD  step 131999  vol min/aver 0.870  load imb.: force  2.4%
           Step           Time
         132000      264.00000

   Energies (kJ/mol)
           Bond          Angle    Proper Dih. Per. Imp. Dih.          LJ-14
    1.17588e+02    3.37910e+02    3.69623e+02    3.64696e+01    1.91507e+02
     Coulomb-14        LJ (SR)  Disper. corr.   Coulomb (SR)   Coul. recip.
    2.32733e+03    2.35393e+04   -1.37258e+03   -1.87702e+05    1.38777e+03
      Potential    Kinetic En.   Total Energy  Conserved En.    Temperature
   -1.60767e+05    3.45705e+04   -1.26197e+05   -1.27075e+05    3.41510e+02
 Pres. DC (bar) Pressure (bar)   Constr. rmsd
   -1.78060e+02    2.21415e+02    3.16028e-06


DD  step 132999  vol min/aver 0.828  load imb.: force  2.6%
           Step           Time
         133000      266.00000

   Energies (kJ/mol)
           Bond          Angle    Proper Dih. Per. Imp. Dih.          LJ-14
    1.41526e+02    3.34753e+02    4.03203e+02    1.90365e+01    1.77899e+02
     Coulomb-14        LJ (SR)  Disper. corr.   Coulomb (SR)   Coul. recip.
    2.29919e+03    2.28044e+04   -1.36120e+03   -1.86365e+05    1.37239e+03
      Potential    Kinetic En.   Total Energy  Conserved En.    Temperature
   -1.60174e+05    3.45206e+04   -1.25653e+05   -1.27190e+05    3.41016e+02
 Pres. DC (bar) Pressure (bar)   Constr. rmsd
   -1.75123e+02   -2.35135e+02    2.42448e-06


DD  step 133999  vol min/aver 0.813  load imb.: force  1.6%
           Step           Time
         134000      268.00000

   Energies (kJ/mol)
           Bond          Angle    Proper Dih. Per. Imp. Dih.          LJ-14
    1.39893e+02    4.39660e+02    3.59842e+02    2.22891e+01    1.87357e+02
     Coulomb-14        LJ (SR)  Disper. corr.   Coulomb (SR)   Coul. recip.
    2.24896e+03    2.21701e+04   -1.36066e+03   -1.84850e+05    1.34718e+03
      Potential    Kinetic En.   Total Energy  Conserved En.    Temperature
   -1.59296e+05    3.45347e+04   -1.24761e+05   -1.27201e+05    3.41156e+02
 Pres. DC (bar) Pressure (bar)   Constr. rmsd
   -1.74984e+02   -2.97411e+02    3.34599e-06


DD  step 134999  vol min/aver 0.916  load imb.: force  7.8%
           Step           Time
         135000      270.00000

   Energies (kJ/mol)
           Bond          Angle    Proper Dih. Per. Imp. Dih.          LJ-14
    1.54870e+02    3.28522e+02    3.47780e+02    1.85091e+01    1.83054e+02
     Coulomb-14        LJ (SR)  Disper. corr.   Coulomb (SR)   Coul. recip.
    2.31422e+03    2.32424e+04   -1.36265e+03   -1.86086e+05    1.36224e+03
      Potential    Kinetic En.   Total Energy  Conserved En.    Temperature
   -1.59497e+05    3.43389e+04   -1.25158e+05   -1.27227e+05    3.39221e+02
 Pres. DC (bar) Pressure (bar)   Constr. rmsd
   -1.75497e+02    2.05596e+02    4.70661e-06


DD  step 135999  vol min/aver 0.804  load imb.: force  1.2%
           Step           Time
         136000      272.00000

   Energies (kJ/mol)
           Bond          Angle    Proper Dih. Per. Imp. Dih.          LJ-14
    1.69540e+02    3.59785e+02    3.75844e+02    3.21090e+01    1.92094e+02
     Coulomb-14        LJ (SR)  Disper. corr.   Coulomb (SR)   Coul. recip.
    2.27890e+03    2.34113e+04   -1.36703e+03   -1.86408e+05    1.46674e+03
      Potential    Kinetic En.   Total Energy  Conserved En.    Temperature
   -1.59489e+05    3.48984e+04   -1.24591e+05   -1.27108e+05    3.44749e+02
 Pres. DC (bar) Pressure (bar)   Constr. rmsd
   -1.76625e+02    3.74831e+02    2.49502e-06


DD  step 136999  vol min/aver 0.797  load imb.: force  1.2%
           Step           Time
         137000      274.00000

   Energies (kJ/mol)
           Bond          Angle    Proper Dih. Per. Imp. Dih.          LJ-14
    1.56088e+02    3.03408e+02    3.51723e+02    1.63747e+01    1.75384e+02
     Coulomb-14        LJ (SR)  Disper. corr.   Coulomb (SR)   Coul. recip.
    2.27581e+03    2.25995e+04   -1.36981e+03   -1.85499e+05    1.45107e+03
      Potential    Kinetic En.   Total Energy  Conserved En.    Temperature
   -1.59539e+05    3.41019e+04   -1.25437e+05   -1.27047e+05    3.36880e+02
 Pres. DC (bar) Pressure (bar)   Constr. rmsd
   -1.77342e+02   -5.34418e+01    1.71733e-06


DD  step 137999  vol min/aver 0.808  load imb.: force  1.8%
           Step           Time
         138000      276.00000

   Energies (kJ/mol)
           Bond          Angle    Proper Dih. Per. Imp. Dih.          LJ-14
    1.78419e+02    3.50540e+02    3.90536e+02    2.67859e+01    1.77928e+02
     Coulomb-14        LJ (SR)  Disper. corr.   Coulomb (SR)   Coul. recip.
    2.28344e+03    2.37443e+04   -1.37384e+03   -1.86997e+05    1.39105e+03
      Potential    Kinetic En.   Total Energy  Conserved En.    Temperature
   -1.59828e+05    3.43953e+04   -1.25433e+05   -1.26967e+05    3.39779e+02
 Pres. DC (bar) Pressure (bar)   Constr. rmsd
   -1.78385e+02    3.41531e+02    2.39952e-06


DD  step 138999  vol min/aver 0.836  load imb.: force  3.4%
           Step           Time
         139000      278.00000

   Energies (kJ/mol)
           Bond          Angle    Proper Dih. Per. Imp. Dih.          LJ-14
    1.57236e+02    2.94693e+02    3.51510e+02    2.60555e+01    1.80697e+02
     Coulomb-14        LJ (SR)  Disper. corr.   Coulomb (SR)   Coul. recip.
    2.30163e+03    2.28149e+04   -1.36996e+03   -1.86524e+05    1.39720e+03
      Potential    Kinetic En.   Total Energy  Conserved En.    Temperature
   -1.60370e+05    3.41863e+04   -1.26184e+05   -1.27037e+05    3.37714e+02
 Pres. DC (bar) Pressure (bar)   Constr. rmsd
   -1.77380e+02   -1.64653e+02    2.56336e-06


DD  step 139999  vol min/aver 0.799  load imb.: force  1.1%
           Step           Time
         140000      280.00000

   Energies (kJ/mol)
           Bond          Angle    Proper Dih. Per. Imp. Dih.          LJ-14
    1.82195e+02    3.17639e+02    3.56939e+02    1.91307e+01    1.66447e+02
     Coulomb-14        LJ (SR)  Disper. corr.   Coulomb (SR)   Coul. recip.
    2.30193e+03    2.29423e+04   -1.37618e+03   -1.86524e+05    1.30983e+03
      Potential    Kinetic En.   Total Energy  Conserved En.    Temperature
   -1.60303e+05    3.44901e+04   -1.25813e+05   -1.26905e+05    3.40715e+02
 Pres. DC (bar) Pressure (bar)   Constr. rmsd
   -1.78992e+02   -8.78956e+01    2.74096e-06


DD  step 140999  vol min/aver 0.811  load imb.: force  3.3%
           Step           Time
         141000      282.00000

   Energies (kJ/mol)
           Bond          Angle    Proper Dih. Per. Imp. Dih.          LJ-14
    1.42904e+02    3.20969e+02    3.75574e+02    2.99224e+01    1.81113e+02
     Coulomb-14        LJ (SR)  Disper. corr.   Coulomb (SR)   Coul. recip.
    2.31309e+03    2.33007e+04   -1.37408e+03   -1.87274e+05    1.35367e+03
      Potential    Kinetic En.   Total Energy  Conserved En.    Temperature
   -1.60630e+05    3.41437e+04   -1.26487e+05   -1.26947e+05    3.37293e+02
 Pres. DC (bar) Pressure (bar)   Constr. rmsd
   -1.78449e+02    1.17833e+02    1.88619e-06


DD  step 141999  vol min/aver 0.823  load imb.: force  1.8%
           Step           Time
         142000      284.00000

   Energies (kJ/mol)
           Bond          Angle    Proper Dih. Per. Imp. Dih.          LJ-14
    1.23194e+02    3.59257e+02    3.78239e+02    1.64865e+01    1.79081e+02
     Coulomb-14        LJ (SR)  Disper. corr.   Coulomb (SR)   Coul. recip.
    2.30925e+03    2.29841e+04   -1.37455e+03   -1.86407e+05    1.34277e+03
      Potential    Kinetic En.   Total Energy  Conserved En.    Temperature
   -1.60089e+05    3.40416e+04   -1.26047e+05   -1.26895e+05    3.36285e+02
 Pres. DC (bar) Pressure (bar)   Constr. rmsd
   -1.78569e+02    7.85088e+01    2.80176e-06


DD  step 142999  vol min/aver 0.825  load imb.: force  1.4%
           Step           Time
         143000      286.00000

   Energies (kJ/mol)
           Bond          Angle    Proper Dih. Per. Imp. Dih.          LJ-14
    1.09308e+02    3.01734e+02    3.78912e+02    1.86791e+01    1.82935e+02
     Coulomb-14        LJ (SR)  Disper. corr.   Coulomb (SR)   Coul. recip.
    2.33136e+03    2.34073e+04   -1.38239e+03   -1.86745e+05    1.32879e+03
      Potential    Kinetic En.   Total Energy  Conserved En.    Temperature
   -1.60068e+05    3.40126e+04   -1.26055e+05   -1.26788e+05    3.35998e+02
 Pres. DC (bar) Pressure (bar)   Constr. rmsd
   -1.80609e+02    3.85952e+02    2.49795e-06


DD  step 143999  vol min/aver 0.809  load imb.: force  0.6%
           Step           Time
         144000      288.00000

   Energies (kJ/mol)
           Bond          Angle    Proper Dih. Per. Imp. Dih.          LJ-14
    1.79569e+02    3.04364e+02    3.68434e+02    1.79691e+01    1.57368e+02
     Coulomb-14        LJ (SR)  Disper. corr.   Coulomb (SR)   Coul. recip.
    2.30377e+03    2.31205e+04   -1.38040e+03   -1.86251e+05    1.34854e+03
      Potential    Kinetic En.   Total Energy  Conserved En.    Temperature
   -1.59831e+05    3.47058e+04   -1.25125e+05   -1.26807e+05    3.42845e+02
 Pres. DC (bar) Pressure (bar)   Constr. rmsd
   -1.80090e+02    2.14949e+02    3.32139e-06


DD  step 144999  vol min/aver 0.798  load imb.: force  3.6%
           Step           Time
         145000      290.00000

   Energies (kJ/mol)
           Bond          Angle    Proper Dih. Per. Imp. Dih.          LJ-14
    1.33688e+02    2.97803e+02    3.55700e+02    2.24658e+01    1.69510e+02
     Coulomb-14        LJ (SR)  Disper. corr.   Coulomb (SR)   Coul. recip.
    2.30950e+03    2.24198e+04   -1.37537e+03   -1.86239e+05    1.36028e+03
      Potential    Kinetic En.   Total Energy  Conserved En.    Temperature
   -1.60545e+05    3.42262e+04   -1.26319e+05   -1.26869e+05    3.38108e+02
 Pres. DC (bar) Pressure (bar)   Constr. rmsd
   -1.78783e+02   -3.89559e+02    2.88336e-06


DD  step 145999  vol min/aver 0.795  load imb.: force  3.1%
           Step           Time
         146000      292.00000

   Energies (kJ/mol)
           Bond          Angle    Proper Dih. Per. Imp. Dih.          LJ-14
    1.47831e+02    3.08725e+02    3.44196e+02    1.44746e+01    1.59233e+02
     Coulomb-14        LJ (SR)  Disper. corr.   Coulomb (SR)   Coul. recip.
    2.28004e+03    2.27342e+04   -1.37631e+03   -1.87015e+05    1.36479e+03
      Potential    Kinetic En.   Total Energy  Conserved En.    Temperature
   -1.61038e+05    3.43459e+04   -1.26692e+05   -1.26825e+05    3.39291e+02
 Pres. DC (bar) Pressure (bar)   Constr. rmsd
   -1.79028e+02   -2.81801e+02    2.52813e-06


DD  step 146999  vol min/aver 0.801  load imb.: force  1.1%
           Step           Time
         147000      294.00000

   Energies (kJ/mol)
           Bond          Angle    Proper Dih. Per. Imp. Dih.          LJ-14
    1.06624e+02    3.33491e+02    3.95566e+02    2.38399e+01    1.92388e+02
     Coulomb-14        LJ (SR)  Disper. corr.   Coulomb (SR)   Coul. recip.
    2.32883e+03    2.37150e+04   -1.38197e+03   -1.87385e+05    1.30127e+03
      Potential    Kinetic En.   Total Energy  Conserved En.    Temperature
   -1.60370e+05    3.41310e+04   -1.26239e+05   -1.26756e+05    3.37168e+02
 Pres. DC (bar) Pressure (bar)   Constr. rmsd
   -1.80501e+02    3.58152e+02    1.80493e-06


DD  step 147999  vol min/aver 0.817  load imb.: force  1.3%
           Step           Time
         148000      296.00000

   Energies (kJ/mol)
           Bond          Angle    Proper Dih. Per. Imp. Dih.          LJ-14
    1.24299e+02    3.20131e+02    3.85400e+02    2.82508e+01    1.82263e+02
     Coulomb-14        LJ (SR)  Disper. corr.   Coulomb (SR)   Coul. recip.
    2.32906e+03    2.31484e+04   -1.37998e+03   -1.86635e+05    1.31859e+03
      Potential    Kinetic En.   Total Energy  Conserved En.    Temperature
   -1.60179e+05    3.40246e+04   -1.26154e+05   -1.26765e+05    3.36116e+02
 Pres. DC (bar) Pressure (bar)   Constr. rmsd
   -1.79982e+02    8.32458e+01    1.71811e-06


DD  step 148999  vol min/aver 0.825  load imb.: force  1.1%
           Step           Time
         149000      298.00000

   Energies (kJ/mol)
           Bond          Angle    Proper Dih. Per. Imp. Dih.          LJ-14
    1.35859e+02    3.23973e+02    3.93503e+02    2.34475e+01    1.80502e+02
     Coulomb-14        LJ (SR)  Disper. corr.   Coulomb (SR)   Coul. recip.
    2.29083e+03    2.31118e+04   -1.38353e+03   -1.86255e+05    1.38669e+03
      Potential    Kinetic En.   Total Energy  Conserved En.    Temperature
   -1.59792e+05    3.43170e+04   -1.25475e+05   -1.26744e+05    3.39005e+02
 Pres. DC (bar) Pressure (bar)   Constr. rmsd
   -1.80909e+02    3.12318e+02    1.95140e-06


DD  step 149999  vol min/aver 0.802  load imb.: force  1.4%
           Step           Time
         150000      300.00000

   Energies (kJ/mol)
           Bond          Angle    Proper Dih. Per. Imp. Dih.          LJ-14
    1.60468e+02    3.44350e+02    3.76166e+02    3.49489e+01    1.97071e+02
     Coulomb-14        LJ (SR)  Disper. corr.   Coulomb (SR)   Coul. recip.
    2.40526e+03    2.22246e+04   -1.37862e+03   -1.85590e+05    1.34816e+03
      Potential    Kinetic En.   Total Energy  Conserved En.    Temperature
   -1.59878e+05    3.45991e+04   -1.25278e+05   -1.26714e+05    3.41792e+02
 Pres. DC (bar) Pressure (bar)   Constr. rmsd
   -1.79629e+02   -1.58224e+02    2.23838e-06


DD  step 150999  vol min/aver 0.817  load imb.: force  1.3%
           Step           Time
         151000      302.00000

   Energies (kJ/mol)
           Bond          Angle    Proper Dih. Per. Imp. Dih.          LJ-14
    1.55330e+02    3.48919e+02    3.61111e+02    1.53953e+01    1.97664e+02
     Coulomb-14        LJ (SR)  Disper. corr.   Coulomb (SR)   Coul. recip.
    2.30920e+03    2.21341e+04   -1.37814e+03   -1.85945e+05    1.31634e+03
      Potential    Kinetic En.   Total Energy  Conserved En.    Temperature
   -1.60485e+05    3.46606e+04   -1.25824e+05   -1.26746e+05    3.42399e+02
 Pres. DC (bar) Pressure (bar)   Constr. rmsd
   -1.79503e+02   -2.14271e+02    4.22348e-06


DD  step 151999  vol min/aver 0.802  load imb.: force  3.4%
           Step           Time
         152000      304.00000

   Energies (kJ/mol)
           Bond          Angle    Proper Dih. Per. Imp. Dih.          LJ-14
    1.43052e+02    4.04366e+02    3.89241e+02    1.45925e+01    1.74863e+02
     Coulomb-14        LJ (SR)  Disper. corr.   Coulomb (SR)   Coul. recip.
    2.32476e+03    2.26012e+04   -1.36492e+03   -1.85560e+05    1.34560e+03
      Potential    Kinetic En.   Total Energy  Conserved En.    Temperature
   -1.59527e+05    3.45134e+04   -1.25014e+05   -1.27026e+05    3.40946e+02
 Pres. DC (bar) Pressure (bar)   Constr. rmsd
   -1.76079e+02   -1.86631e+02    3.53981e-06


DD  step 152999  vol min/aver 0.809  load imb.: force  2.0%
           Step           Time
         153000      306.00000

   Energies (kJ/mol)
           Bond          Angle    Proper Dih. Per. Imp. Dih.          LJ-14
    1.45364e+02    3.84069e+02    3.76109e+02    2.19455e+01    1.81140e+02
     Coulomb-14        LJ (SR)  Disper. corr.   Coulomb (SR)   Coul. recip.
    2.25556e+03    2.26335e+04   -1.36595e+03   -1.86105e+05    1.32935e+03
      Potential    Kinetic En.   Total Energy  Conserved En.    Temperature
   -1.60144e+05    3.50153e+04   -1.25128e+05   -1.26939e+05    3.45903e+02
 Pres. DC (bar) Pressure (bar)   Constr. rmsd
   -1.76345e+02   -1.58124e+02    2.51914e-06


DD  step 153999  vol min/aver 0.813  load imb.: force  1.9%
           Step           Time
         154000      308.00000

   Energies (kJ/mol)
           Bond          Angle    Proper Dih. Per. Imp. Dih.          LJ-14
    1.39712e+02    3.34556e+02    3.44612e+02    2.43495e+01    1.57163e+02
     Coulomb-14        LJ (SR)  Disper. corr.   Coulomb (SR)   Coul. recip.
    2.31636e+03    2.24484e+04   -1.37114e+03   -1.85450e+05    1.33024e+03
      Potential    Kinetic En.   Total Energy  Conserved En.    Temperature
   -1.59725e+05    3.46396e+04   -1.25086e+05   -1.26844e+05    3.42192e+02
 Pres. DC (bar) Pressure (bar)   Constr. rmsd
   -1.77686e+02   -2.42644e+02    2.04160e-06


DD  step 154999  vol min/aver 0.806  load imb.: force  4.1%
           Step           Time
         155000      310.00000

   Energies (kJ/mol)
           Bond          Angle    Proper Dih. Per. Imp. Dih.          LJ-14
    1.54052e+02    4.40238e+02    3.58791e+02    1.44306e+01    1.56013e+02
     Coulomb-14        LJ (SR)  Disper. corr.   Coulomb (SR)   Coul. recip.
    2.24419e+03    2.25238e+04   -1.36772e+03   -1.84877e+05    1.40291e+03
      Potential    Kinetic En.   Total Energy  Conserved En.    Temperature
   -1.58950e+05    3.49853e+04   -1.23965e+05   -1.26913e+05    3.45607e+02
 Pres. DC (bar) Pressure (bar)   Constr. rmsd
   -1.76802e+02   -9.03019e+01    3.16944e-06


DD  step 155999  vol min/aver 0.819  load imb.: force  1.8%

step 156000 Turning off dynamic load balancing, because it is degrading performance.
Atom distribution over 4 domains: av 3029 stddev 58 min 2999 max 3045
           Step           Time
         156000      312.00000

   Energies (kJ/mol)
           Bond          Angle    Proper Dih. Per. Imp. Dih.          LJ-14
    1.39695e+02    3.07639e+02    3.79607e+02    2.29661e+01    1.81273e+02
     Coulomb-14        LJ (SR)  Disper. corr.   Coulomb (SR)   Coul. recip.
    2.33307e+03    2.28551e+04   -1.37307e+03   -1.85958e+05    1.36811e+03
      Potential    Kinetic En.   Total Energy  Conserved En.    Temperature
   -1.59744e+05    3.49422e+04   -1.24802e+05   -1.26781e+05    3.45181e+02
 Pres. DC (bar) Pressure (bar)   Constr. rmsd
   -1.78187e+02    7.97813e+01    1.59918e-06


DD  step 156999 load imb.: force 17.3%
           Step           Time
         157000      314.00000

   Energies (kJ/mol)
           Bond          Angle    Proper Dih. Per. Imp. Dih.          LJ-14
    1.63670e+02    2.88343e+02    3.78854e+02    3.64830e+01    1.82393e+02
     Coulomb-14        LJ (SR)  Disper. corr.   Coulomb (SR)   Coul. recip.
    2.32005e+03    2.32279e+04   -1.38051e+03   -1.86542e+05    1.32724e+03
      Potential    Kinetic En.   Total Energy  Conserved En.    Temperature
   -1.59998e+05    3.42470e+04   -1.25751e+05   -1.26673e+05    3.38314e+02
 Pres. DC (bar) Pressure (bar)   Constr. rmsd
   -1.80120e+02    2.33293e+02    2.48784e-06


DD  step 157999 load imb.: force 18.2%
           Step           Time
         158000      316.00000

   Energies (kJ/mol)
           Bond          Angle    Proper Dih. Per. Imp. Dih.          LJ-14
    1.59204e+02    3.34792e+02    3.72690e+02    1.46675e+01    1.71362e+02
     Coulomb-14        LJ (SR)  Disper. corr.   Coulomb (SR)   Coul. recip.
    2.31077e+03    2.36355e+04   -1.38313e+03   -1.87199e+05    1.35598e+03
      Potential    Kinetic En.   Total Energy  Conserved En.    Temperature
   -1.60227e+05    3.44532e+04   -1.25774e+05   -1.26701e+05    3.40351e+02
 Pres. DC (bar) Pressure (bar)   Constr. rmsd
   -1.80802e+02    5.07034e+02    3.20870e-06


DD  step 158999 load imb.: force 15.8%
           Step           Time
         159000      318.00000

   Energies (kJ/mol)
           Bond          Angle    Proper Dih. Per. Imp. Dih.          LJ-14
    1.42621e+02    3.78519e+02    3.72616e+02    2.25689e+01    1.66453e+02
     Coulomb-14        LJ (SR)  Disper. corr.   Coulomb (SR)   Coul. recip.
    2.31016e+03    2.25471e+04   -1.37049e+03   -1.85483e+05    1.36273e+03
      Potential    Kinetic En.   Total Energy  Conserved En.    Temperature
   -1.59551e+05    3.43955e+04   -1.25156e+05   -1.26798e+05    3.39781e+02
 Pres. DC (bar) Pressure (bar)   Constr. rmsd
   -1.77518e+02   -1.65285e+02    3.03330e-06


DD  step 159999 load imb.: force 18.9%
           Step           Time
         160000      320.00000

   Energies (kJ/mol)
           Bond          Angle    Proper Dih. Per. Imp. Dih.          LJ-14
    1.47591e+02    3.70595e+02    3.66978e+02    1.41205e+01    1.66465e+02
     Coulomb-14        LJ (SR)  Disper. corr.   Coulomb (SR)   Coul. recip.
    2.28377e+03    2.22087e+04   -1.36721e+03   -1.85609e+05    1.33820e+03
      Potential    Kinetic En.   Total Energy  Conserved En.    Temperature
   -1.60079e+05    3.50189e+04   -1.25060e+05   -1.26795e+05    3.45939e+02
 Pres. DC (bar) Pressure (bar)   Constr. rmsd
   -1.76670e+02   -3.95009e+02    2.85731e-06


DD  step 160999 load imb.: force 19.2%
           Step           Time
         161000      322.00000

   Energies (kJ/mol)
           Bond          Angle    Proper Dih. Per. Imp. Dih.          LJ-14
    1.44748e+02    3.27385e+02    3.63584e+02    2.20889e+01    1.83913e+02
     Coulomb-14        LJ (SR)  Disper. corr.   Coulomb (SR)   Coul. recip.
    2.31980e+03    2.22902e+04   -1.37249e+03   -1.85816e+05    1.37073e+03
      Potential    Kinetic En.   Total Energy  Conserved En.    Temperature
   -1.60166e+05    3.50067e+04   -1.25160e+05   -1.26761e+05    3.45818e+02
 Pres. DC (bar) Pressure (bar)   Constr. rmsd
   -1.78036e+02   -3.17030e+02    2.51011e-06


DD  step 161999 load imb.: force 16.3%
           Step           Time
         162000      324.00000

   Energies (kJ/mol)
           Bond          Angle    Proper Dih. Per. Imp. Dih.          LJ-14
    1.35730e+02    3.35439e+02    4.07727e+02    2.25347e+01    1.66704e+02
     Coulomb-14        LJ (SR)  Disper. corr.   Coulomb (SR)   Coul. recip.
    2.32888e+03    2.25337e+04   -1.37836e+03   -1.85609e+05    1.28165e+03
      Potential    Kinetic En.   Total Energy  Conserved En.    Temperature
   -1.59775e+05    3.43738e+04   -1.25401e+05   -1.26660e+05    3.39566e+02
 Pres. DC (bar) Pressure (bar)   Constr. rmsd
   -1.79559e+02   -5.26025e+01    3.49071e-06


DD  step 162999 load imb.: force 18.2%
           Step           Time
         163000      326.00000

   Energies (kJ/mol)
           Bond          Angle    Proper Dih. Per. Imp. Dih.          LJ-14
    1.40542e+02    3.37140e+02    3.56895e+02    3.39285e+01    1.71830e+02
     Coulomb-14        LJ (SR)  Disper. corr.   Coulomb (SR)   Coul. recip.
    2.26159e+03    2.31325e+04   -1.38018e+03   -1.87098e+05    1.37398e+03
      Potential    Kinetic En.   Total Energy  Conserved En.    Temperature
   -1.60670e+05    3.43898e+04   -1.26280e+05   -1.26635e+05    3.39725e+02
 Pres. DC (bar) Pressure (bar)   Constr. rmsd
   -1.80033e+02    1.88467e+01    2.47487e-06


DD  step 163999 load imb.: force 16.4%
           Step           Time
         164000      328.00000

   Energies (kJ/mol)
           Bond          Angle    Proper Dih. Per. Imp. Dih.          LJ-14
    1.65456e+02    2.86536e+02    3.54089e+02    1.90274e+01    1.71076e+02
     Coulomb-14        LJ (SR)  Disper. corr.   Coulomb (SR)   Coul. recip.
    2.29966e+03    2.31566e+04   -1.37954e+03   -1.87299e+05    1.36236e+03
      Potential    Kinetic En.   Total Energy  Conserved En.    Temperature
   -1.60864e+05    3.46482e+04   -1.26215e+05   -1.26595e+05    3.42277e+02
 Pres. DC (bar) Pressure (bar)   Constr. rmsd
   -1.79866e+02   -4.49184e+00    2.73982e-06


DD  step 164999 load imb.: force 17.9%
           Step           Time
         165000      330.00000

   Energies (kJ/mol)
           Bond          Angle    Proper Dih. Per. Imp. Dih.          LJ-14
    1.45761e+02    3.18548e+02    3.54455e+02    1.67746e+01    1.75406e+02
     Coulomb-14        LJ (SR)  Disper. corr.   Coulomb (SR)   Coul. recip.
    2.34697e+03    2.27442e+04   -1.38375e+03   -1.87104e+05    1.38211e+03
      Potential    Kinetic En.   Total Energy  Conserved En.    Temperature
   -1.61004e+05    3.44882e+04   -1.26515e+05   -1.26535e+05    3.40696e+02
 Pres. DC (bar) Pressure (bar)   Constr. rmsd
   -1.80966e+02   -2.63141e+02    1.60149e-06


DD  step 165999 load imb.: force 10.9%
           Step           Time
         166000      332.00000

   Energies (kJ/mol)
           Bond          Angle    Proper Dih. Per. Imp. Dih.          LJ-14
    1.20120e+02    3.33057e+02    3.75932e+02    2.20300e+01    1.85738e+02
     Coulomb-14        LJ (SR)  Disper. corr.   Coulomb (SR)   Coul. recip.
    2.26969e+03    2.30826e+04   -1.38300e+03   -1.86970e+05    1.38992e+03
      Potential    Kinetic En.   Total Energy  Conserved En.    Temperature
   -1.60574e+05    3.44857e+04   -1.26088e+05   -1.26513e+05    3.40672e+02
 Pres. DC (bar) Pressure (bar)   Constr. rmsd
   -1.80771e+02    1.38178e+02    1.77436e-06


DD  step 166999 load imb.: force 18.4%
           Step           Time
         167000      334.00000

   Energies (kJ/mol)
           Bond          Angle    Proper Dih. Per. Imp. Dih.          LJ-14
    1.51391e+02    3.19633e+02    3.58979e+02    1.56459e+01    1.96161e+02
     Coulomb-14        LJ (SR)  Disper. corr.   Coulomb (SR)   Coul. recip.
    2.35451e+03    2.34849e+04   -1.37888e+03   -1.87457e+05    1.35232e+03
      Potential    Kinetic En.   Total Energy  Conserved En.    Temperature
   -1.60602e+05    3.49046e+04   -1.25697e+05   -1.26629e+05    3.44810e+02
 Pres. DC (bar) Pressure (bar)   Constr. rmsd
   -1.79697e+02    3.15653e+02    1.57565e-06


DD  step 167999 load imb.: force 17.4%
           Step           Time
         168000      336.00000

   Energies (kJ/mol)
           Bond          Angle    Proper Dih. Per. Imp. Dih.          LJ-14
    1.49992e+02    3.68306e+02    3.70651e+02    1.94286e+01    1.62806e+02
     Coulomb-14        LJ (SR)  Disper. corr.   Coulomb (SR)   Coul. recip.
    2.31173e+03    2.32249e+04   -1.37743e+03   -1.86708e+05    1.37894e+03
      Potential    Kinetic En.   Total Energy  Conserved En.    Temperature
   -1.60099e+05    3.47800e+04   -1.25319e+05   -1.26638e+05    3.43579e+02
 Pres. DC (bar) Pressure (bar)   Constr. rmsd
   -1.79319e+02    1.31593e+02    3.19755e-06


DD  step 168999 load imb.: force 17.8%
           Step           Time
         169000      338.00000

   Energies (kJ/mol)
           Bond          Angle    Proper Dih. Per. Imp. Dih.          LJ-14
    1.64685e+02    3.20373e+02    3.53260e+02    2.30201e+01    1.83072e+02
     Coulomb-14        LJ (SR)  Disper. corr.   Coulomb (SR)   Coul. recip.
    2.31428e+03    2.31133e+04   -1.37280e+03   -1.86832e+05    1.41413e+03
      Potential    Kinetic En.   Total Energy  Conserved En.    Temperature
   -1.60318e+05    3.39141e+04   -1.26404e+05   -1.26688e+05    3.35025e+02
 Pres. DC (bar) Pressure (bar)   Constr. rmsd
   -1.78115e+02    9.35941e+01    2.28871e-06


DD  step 169999 load imb.: force 16.3%
           Step           Time
         170000      340.00000

   Energies (kJ/mol)
           Bond          Angle    Proper Dih. Per. Imp. Dih.          LJ-14
    1.45775e+02    3.39908e+02    3.80980e+02    2.21468e+01    1.75695e+02
     Coulomb-14        LJ (SR)  Disper. corr.   Coulomb (SR)   Coul. recip.
    2.30316e+03    2.31754e+04   -1.37042e+03   -1.87489e+05    1.36468e+03
      Potential    Kinetic En.   Total Energy  Conserved En.    Temperature
   -1.60951e+05    3.38632e+04   -1.27088e+05   -1.26708e+05    3.34523e+02
 Pres. DC (bar) Pressure (bar)   Constr. rmsd
   -1.77500e+02   -1.12541e+02    1.48259e-06


DD  step 170999 load imb.: force  1.9%
           Step           Time
         171000      342.00000

   Energies (kJ/mol)
           Bond          Angle    Proper Dih. Per. Imp. Dih.          LJ-14
    1.47918e+02    3.47359e+02    3.68881e+02    1.99324e+01    1.78889e+02
     Coulomb-14        LJ (SR)  Disper. corr.   Coulomb (SR)   Coul. recip.
    2.31343e+03    2.32139e+04   -1.36888e+03   -1.87542e+05    1.32819e+03
      Potential    Kinetic En.   Total Energy  Conserved En.    Temperature
   -1.60992e+05    3.44937e+04   -1.26498e+05   -1.26718e+05    3.40751e+02
 Pres. DC (bar) Pressure (bar)   Constr. rmsd
   -1.77102e+02   -8.99178e+01    1.57963e-06


DD  step 171999 load imb.: force 15.5%
           Step           Time
         172000      344.00000

   Energies (kJ/mol)
           Bond          Angle    Proper Dih. Per. Imp. Dih.          LJ-14
    1.64161e+02    3.26006e+02    3.72182e+02    2.29700e+01    1.84144e+02
     Coulomb-14        LJ (SR)  Disper. corr.   Coulomb (SR)   Coul. recip.
    2.30411e+03    2.25162e+04   -1.37254e+03   -1.85774e+05    1.35293e+03
      Potential    Kinetic En.   Total Energy  Conserved En.    Temperature
   -1.59904e+05    3.40464e+04   -1.25858e+05   -1.26643e+05    3.36332e+02
 Pres. DC (bar) Pressure (bar)   Constr. rmsd
   -1.78048e+02   -1.58471e+02    3.35525e-06


DD  step 172999 load imb.: force 14.2%
           Step           Time
         173000      346.00000

   Energies (kJ/mol)
           Bond          Angle    Proper Dih. Per. Imp. Dih.          LJ-14
    1.49327e+02    3.40103e+02    3.53630e+02    1.95962e+01    1.78194e+02
     Coulomb-14        LJ (SR)  Disper. corr.   Coulomb (SR)   Coul. recip.
    2.27118e+03    2.31469e+04   -1.38319e+03   -1.87402e+05    1.36514e+03
      Potential    Kinetic En.   Total Energy  Conserved En.    Temperature
   -1.60962e+05    3.47359e+04   -1.26226e+05   -1.26475e+05    3.43143e+02
 Pres. DC (bar) Pressure (bar)   Constr. rmsd
   -1.80818e+02    1.22357e+02    2.37100e-06


DD  step 173999 load imb.: force 13.4%
           Step           Time
         174000      348.00000

   Energies (kJ/mol)
           Bond          Angle    Proper Dih. Per. Imp. Dih.          LJ-14
    1.71445e+02    3.48346e+02    3.46872e+02    2.20452e+01    1.75120e+02
     Coulomb-14        LJ (SR)  Disper. corr.   Coulomb (SR)   Coul. recip.
    2.32453e+03    2.33289e+04   -1.38285e+03   -1.87145e+05    1.38263e+03
      Potential    Kinetic En.   Total Energy  Conserved En.    Temperature
   -1.60428e+05    3.43828e+04   -1.26045e+05   -1.26496e+05    3.39655e+02
 Pres. DC (bar) Pressure (bar)   Constr. rmsd
   -1.80731e+02    1.42911e+02    3.32103e-06


DD  step 174999 load imb.: force 18.2%
           Step           Time
         175000      350.00000

   Energies (kJ/mol)
           Bond          Angle    Proper Dih. Per. Imp. Dih.          LJ-14
    1.53282e+02    3.15711e+02    3.54645e+02    1.72849e+01    1.61009e+02
     Coulomb-14        LJ (SR)  Disper. corr.   Coulomb (SR)   Coul. recip.
    2.28104e+03    2.29523e+04   -1.37498e+03   -1.86989e+05    1.35531e+03
      Potential    Kinetic En.   Total Energy  Conserved En.    Temperature
   -1.60774e+05    3.40066e+04   -1.26767e+05   -1.26601e+05    3.35939e+02
 Pres. DC (bar) Pressure (bar)   Constr. rmsd
   -1.78681e+02   -1.70770e+02    3.78527e-06


DD  step 175999 load imb.: force 13.7%
           Step           Time
         176000      352.00000

   Energies (kJ/mol)
           Bond          Angle    Proper Dih. Per. Imp. Dih.          LJ-14
    1.59296e+02    3.75389e+02    3.81301e+02    2.04656e+01    1.68713e+02
     Coulomb-14        LJ (SR)  Disper. corr.   Coulomb (SR)   Coul. recip.
    2.31684e+03    2.27753e+04   -1.38533e+03   -1.87059e+05    1.33691e+03
      Potential    Kinetic En.   Total Energy  Conserved En.    Temperature
   -1.60910e+05    3.47416e+04   -1.26168e+05   -1.26427e+05    3.43199e+02
 Pres. DC (bar) Pressure (bar)   Constr. rmsd
   -1.81377e+02   -2.17255e+02    1.60669e-06


DD  step 176999 load imb.: force 18.6%
           Step           Time
         177000      354.00000

   Energies (kJ/mol)
           Bond          Angle    Proper Dih. Per. Imp. Dih.          LJ-14
    1.74965e+02    3.49445e+02    3.59346e+02    2.06252e+01    1.86634e+02
     Coulomb-14        LJ (SR)  Disper. corr.   Coulomb (SR)   Coul. recip.
    2.37114e+03    2.28800e+04   -1.38106e+03   -1.86266e+05    1.39274e+03
      Potential    Kinetic En.   Total Energy  Conserved En.    Temperature
   -1.59913e+05    3.42350e+04   -1.25678e+05   -1.26444e+05    3.38195e+02
 Pres. DC (bar) Pressure (bar)   Constr. rmsd
   -1.80264e+02    1.35856e+02    2.94997e-06


DD  step 177999 load imb.: force 14.2%
           Step           Time
         178000      356.00000

   Energies (kJ/mol)
           Bond          Angle    Proper Dih. Per. Imp. Dih.          LJ-14
    1.73925e+02    3.43945e+02    3.90689e+02    2.49912e+01    1.79846e+02
     Coulomb-14        LJ (SR)  Disper. corr.   Coulomb (SR)   Coul. recip.
    2.32756e+03    2.26546e+04   -1.36968e+03   -1.85861e+05    1.39802e+03
      Potential    Kinetic En.   Total Energy  Conserved En.    Temperature
   -1.59737e+05    3.42221e+04   -1.25515e+05   -1.26681e+05    3.38067e+02
 Pres. DC (bar) Pressure (bar)   Constr. rmsd
   -1.77309e+02    2.24043e+01    3.06031e-06


DD  step 178999 load imb.: force 16.8%
           Step           Time
         179000      358.00000

   Energies (kJ/mol)
           Bond          Angle    Proper Dih. Per. Imp. Dih.          LJ-14
    1.66536e+02    3.08070e+02    3.70169e+02    1.58627e+01    1.77350e+02
     Coulomb-14        LJ (SR)  Disper. corr.   Coulomb (SR)   Coul. recip.
    2.30566e+03    2.29181e+04   -1.37636e+03   -1.86318e+05    1.36712e+03
      Potential    Kinetic En.   Total Energy  Conserved En.    Temperature
   -1.60066e+05    3.46937e+04   -1.25372e+05   -1.26537e+05    3.42726e+02
 Pres. DC (bar) Pressure (bar)   Constr. rmsd
   -1.79039e+02   -2.59625e+01    1.42507e-06


DD  step 179999 load imb.: force 13.9%
           Step           Time
         180000      360.00000

   Energies (kJ/mol)
           Bond          Angle    Proper Dih. Per. Imp. Dih.          LJ-14
    1.57491e+02    3.28819e+02    3.65782e+02    1.27166e+01    1.69755e+02
     Coulomb-14        LJ (SR)  Disper. corr.   Coulomb (SR)   Coul. recip.
    2.31119e+03    2.32120e+04   -1.37052e+03   -1.87028e+05    1.42463e+03
      Potential    Kinetic En.   Total Energy  Conserved En.    Temperature
   -1.60416e+05    3.48617e+04   -1.25555e+05   -1.26591e+05    3.44386e+02
 Pres. DC (bar) Pressure (bar)   Constr. rmsd
   -1.77526e+02    3.98908e+01    1.59340e-06


DD  step 180999 load imb.: force 13.1%
           Step           Time
         181000      362.00000

   Energies (kJ/mol)
           Bond          Angle    Proper Dih. Per. Imp. Dih.          LJ-14
    1.68885e+02    3.49036e+02    4.12015e+02    1.78638e+01    1.87814e+02
     Coulomb-14        LJ (SR)  Disper. corr.   Coulomb (SR)   Coul. recip.
    2.31030e+03    2.29210e+04   -1.37317e+03   -1.86731e+05    1.34048e+03
      Potential    Kinetic En.   Total Energy  Conserved En.    Temperature
   -1.60397e+05    3.41301e+04   -1.26267e+05   -1.26569e+05    3.37159e+02
 Pres. DC (bar) Pressure (bar)   Constr. rmsd
   -1.78212e+02   -9.87987e+01    1.95326e-06


DD  step 181999 load imb.: force  2.1%
           Step           Time
         182000      364.00000

   Energies (kJ/mol)
           Bond          Angle    Proper Dih. Per. Imp. Dih.          LJ-14
    1.52773e+02    2.57863e+02    3.76184e+02    3.33648e+01    1.70330e+02
     Coulomb-14        LJ (SR)  Disper. corr.   Coulomb (SR)   Coul. recip.
    2.33746e+03    2.24362e+04   -1.37414e+03   -1.86731e+05    1.37961e+03
      Potential    Kinetic En.   Total Energy  Conserved En.    Temperature
   -1.60961e+05    3.38038e+04   -1.27157e+05   -1.26535e+05    3.33936e+02
 Pres. DC (bar) Pressure (bar)   Constr. rmsd
   -1.78464e+02   -3.89572e+02    1.56239e-06


DD  step 182999 load imb.: force 14.5%
           Step           Time
         183000      366.00000

   Energies (kJ/mol)
           Bond          Angle    Proper Dih. Per. Imp. Dih.          LJ-14
    1.19542e+02    3.18575e+02    3.68586e+02    3.09002e+01    1.96971e+02
     Coulomb-14        LJ (SR)  Disper. corr.   Coulomb (SR)   Coul. recip.
    2.31760e+03    2.34362e+04   -1.37858e+03   -1.87630e+05    1.35346e+03
      Potential    Kinetic En.   Total Energy  Conserved En.    Temperature
   -1.60867e+05    3.42730e+04   -1.26594e+05   -1.26455e+05    3.38570e+02
 Pres. DC (bar) Pressure (bar)   Constr. rmsd
   -1.79617e+02    2.06247e+02    2.66343e-06


DD  step 183999 load imb.: force 15.7%
           Step           Time
         184000      368.00000

   Energies (kJ/mol)
           Bond          Angle    Proper Dih. Per. Imp. Dih.          LJ-14
    1.48415e+02    3.52847e+02    3.44895e+02    1.83059e+01    1.63532e+02
     Coulomb-14        LJ (SR)  Disper. corr.   Coulomb (SR)   Coul. recip.
    2.36551e+03    2.27926e+04   -1.37502e+03   -1.86815e+05    1.36882e+03
      Potential    Kinetic En.   Total Energy  Conserved En.    Temperature
   -1.60635e+05    3.42744e+04   -1.26361e+05   -1.26511e+05    3.38584e+02
 Pres. DC (bar) Pressure (bar)   Constr. rmsd
   -1.78693e+02   -1.86510e+02    2.65993e-06


DD  step 184999 load imb.: force 14.4%
           Step           Time
         185000      370.00000

   Energies (kJ/mol)
           Bond          Angle    Proper Dih. Per. Imp. Dih.          LJ-14
    1.45124e+02    3.43389e+02    3.25796e+02    2.16699e+01    1.77601e+02
     Coulomb-14        LJ (SR)  Disper. corr.   Coulomb (SR)   Coul. recip.
    2.31804e+03    2.25976e+04   -1.37366e+03   -1.86303e+05    1.27832e+03
      Potential    Kinetic En.   Total Energy  Conserved En.    Temperature
   -1.60469e+05    3.44154e+04   -1.26054e+05   -1.26522e+05    3.39977e+02
 Pres. DC (bar) Pressure (bar)   Constr. rmsd
   -1.78339e+02   -1.35312e+02    2.91299e-06


DD  step 185999 load imb.: force 13.3%
           Step           Time
         186000      372.00000

   Energies (kJ/mol)
           Bond          Angle    Proper Dih. Per. Imp. Dih.          LJ-14
    1.53613e+02    3.55831e+02    3.50166e+02    2.41421e+01    1.77997e+02
     Coulomb-14        LJ (SR)  Disper. corr.   Coulomb (SR)   Coul. recip.
    2.33613e+03    2.31136e+04   -1.37047e+03   -1.86673e+05    1.35513e+03
      Potential    Kinetic En.   Total Energy  Conserved En.    Temperature
   -1.60177e+05    3.45371e+04   -1.25640e+05   -1.26570e+05    3.41179e+02
 Pres. DC (bar) Pressure (bar)   Constr. rmsd
   -1.77513e+02    9.39646e+01    2.16247e-06


DD  step 186999 load imb.: force 14.4%
           Step           Time
         187000      374.00000

   Energies (kJ/mol)
           Bond          Angle    Proper Dih. Per. Imp. Dih.          LJ-14
    1.48410e+02    3.72874e+02    3.36596e+02    2.19936e+01    1.79665e+02
     Coulomb-14        LJ (SR)  Disper. corr.   Coulomb (SR)   Coul. recip.
    2.29423e+03    2.29249e+04   -1.37637e+03   -1.86385e+05    1.40141e+03
      Potential    Kinetic En.   Total Energy  Conserved En.    Temperature
   -1.60081e+05    3.43925e+04   -1.25689e+05   -1.26426e+05    3.39751e+02
 Pres. DC (bar) Pressure (bar)   Constr. rmsd
   -1.79042e+02   -1.05112e+02    2.23804e-06


DD  step 187999 load imb.: force 11.5%
           Step           Time
         188000      376.00000

   Energies (kJ/mol)
           Bond          Angle    Proper Dih. Per. Imp. Dih.          LJ-14
    1.62546e+02    3.48944e+02    3.76845e+02    1.91571e+01    1.62161e+02
     Coulomb-14        LJ (SR)  Disper. corr.   Coulomb (SR)   Coul. recip.
    2.27869e+03    2.32665e+04   -1.38182e+03   -1.86661e+05    1.30010e+03
      Potential    Kinetic En.   Total Energy  Conserved En.    Temperature
   -1.60128e+05    3.43900e+04   -1.25738e+05   -1.26379e+05    3.39727e+02
 Pres. DC (bar) Pressure (bar)   Constr. rmsd
   -1.80461e+02    1.02395e+02    3.08124e-06


DD  step 188999 load imb.: force  9.2%
           Step           Time
         189000      378.00000

   Energies (kJ/mol)
           Bond          Angle    Proper Dih. Per. Imp. Dih.          LJ-14
    1.29634e+02    2.86490e+02    3.59808e+02    2.59513e+01    1.81277e+02
     Coulomb-14        LJ (SR)  Disper. corr.   Coulomb (SR)   Coul. recip.
    2.37003e+03    2.36590e+04   -1.38650e+03   -1.87567e+05    1.39921e+03
      Potential    Kinetic En.   Total Energy  Conserved En.    Temperature
   -1.60542e+05    3.45706e+04   -1.25972e+05   -1.26261e+05    3.41510e+02
 Pres. DC (bar) Pressure (bar)   Constr. rmsd
   -1.81685e+02    3.57869e+02    2.57301e-06


DD  step 189999 load imb.: force 10.0%
           Step           Time
         190000      380.00000

   Energies (kJ/mol)
           Bond          Angle    Proper Dih. Per. Imp. Dih.          LJ-14
    1.87727e+02    3.67537e+02    3.55494e+02    2.31327e+01    1.69999e+02
     Coulomb-14        LJ (SR)  Disper. corr.   Coulomb (SR)   Coul. recip.
    2.31823e+03    2.35231e+04   -1.37993e+03   -1.87523e+05    1.39031e+03
      Potential    Kinetic En.   Total Energy  Conserved En.    Temperature
   -1.60567e+05    3.39754e+04   -1.26592e+05   -1.26343e+05    3.35630e+02
 Pres. DC (bar) Pressure (bar)   Constr. rmsd
   -1.79969e+02    1.21736e+02    1.75437e-06


DD  step 190999 load imb.: force 15.2%
           Step           Time
         191000      382.00000

   Energies (kJ/mol)
           Bond          Angle    Proper Dih. Per. Imp. Dih.          LJ-14
    1.58936e+02    3.46688e+02    3.69309e+02    3.39371e+01    1.75287e+02
     Coulomb-14        LJ (SR)  Disper. corr.   Coulomb (SR)   Coul. recip.
    2.32028e+03    2.27684e+04   -1.37923e+03   -1.86697e+05    1.44709e+03
      Potential    Kinetic En.   Total Energy  Conserved En.    Temperature
   -1.60457e+05    3.43514e+04   -1.26105e+05   -1.26359e+05    3.39345e+02
 Pres. DC (bar) Pressure (bar)   Constr. rmsd
   -1.79786e+02   -9.26947e+01    2.14186e-06


DD  step 191999 load imb.: force 19.1%
           Step           Time
         192000      384.00000

   Energies (kJ/mol)
           Bond          Angle    Proper Dih. Per. Imp. Dih.          LJ-14
    1.33911e+02    3.04373e+02    3.50103e+02    3.14028e+01    1.74553e+02
     Coulomb-14        LJ (SR)  Disper. corr.   Coulomb (SR)   Coul. recip.
    2.29877e+03    2.36953e+04   -1.37589e+03   -1.87411e+05    1.37623e+03
      Potential    Kinetic En.   Total Energy  Conserved En.    Temperature
   -1.60422e+05    3.41295e+04   -1.26293e+05   -1.26449e+05    3.37153e+02
 Pres. DC (bar) Pressure (bar)   Constr. rmsd
   -1.78919e+02    2.87116e+02    2.17267e-06


DD  step 192999 load imb.: force 13.1%
           Step           Time
         193000      386.00000

   Energies (kJ/mol)
           Bond          Angle    Proper Dih. Per. Imp. Dih.          LJ-14
    1.20912e+02    3.24559e+02    3.78116e+02    2.43037e+01    1.73115e+02
     Coulomb-14        LJ (SR)  Disper. corr.   Coulomb (SR)   Coul. recip.
    2.29928e+03    2.27008e+04   -1.37564e+03   -1.86401e+05    1.36188e+03
      Potential    Kinetic En.   Total Energy  Conserved En.    Temperature
   -1.60394e+05    3.39101e+04   -1.26483e+05   -1.26422e+05    3.34985e+02
 Pres. DC (bar) Pressure (bar)   Constr. rmsd
   -1.78853e+02   -2.21619e+02    2.37924e-06


DD  step 193999 load imb.: force 17.4%
           Step           Time
         194000      388.00000

   Energies (kJ/mol)
           Bond          Angle    Proper Dih. Per. Imp. Dih.          LJ-14
    1.36877e+02    2.96311e+02    3.68829e+02    1.32792e+01    1.80003e+02
     Coulomb-14        LJ (SR)  Disper. corr.   Coulomb (SR)   Coul. recip.
    2.27236e+03    2.33148e+04   -1.37928e+03   -1.88132e+05    1.30557e+03
      Potential    Kinetic En.   Total Energy  Conserved En.    Temperature
   -1.61623e+05    3.47790e+04   -1.26844e+05   -1.26305e+05    3.43569e+02
 Pres. DC (bar) Pressure (bar)   Constr. rmsd
   -1.79799e+02    2.10505e+01    3.25585e-06


DD  step 194999 load imb.: force 15.4%
           Step           Time
         195000      390.00000

   Energies (kJ/mol)
           Bond          Angle    Proper Dih. Per. Imp. Dih.          LJ-14
    9.93298e+01    2.94991e+02    3.66269e+02    1.72619e+01    1.85914e+02
     Coulomb-14        LJ (SR)  Disper. corr.   Coulomb (SR)   Coul. recip.
    2.32445e+03    2.33096e+04   -1.38360e+03   -1.87489e+05    1.30004e+03
      Potential    Kinetic En.   Total Energy  Conserved En.    Temperature
   -1.60974e+05    3.41318e+04   -1.26843e+05   -1.26279e+05    3.37175e+02
 Pres. DC (bar) Pressure (bar)   Constr. rmsd
   -1.80926e+02    1.52520e+02    1.67932e-06


DD  step 195999 load imb.: force 16.6%
           Step           Time
         196000      392.00000

   Energies (kJ/mol)
           Bond          Angle    Proper Dih. Per. Imp. Dih.          LJ-14
    1.40064e+02    3.09920e+02    3.86158e+02    3.22244e+01    1.77355e+02
     Coulomb-14        LJ (SR)  Disper. corr.   Coulomb (SR)   Coul. recip.
    2.34668e+03    2.22653e+04   -1.37735e+03   -1.85966e+05    1.32712e+03
      Potential    Kinetic En.   Total Energy  Conserved En.    Temperature
   -1.60359e+05    3.43501e+04   -1.26008e+05   -1.26292e+05    3.39332e+02
 Pres. DC (bar) Pressure (bar)   Constr. rmsd
   -1.79298e+02   -1.86758e+02    4.65198e-06


DD  step 196999 load imb.: force 19.0%
           Step           Time
         197000      394.00000

   Energies (kJ/mol)
           Bond          Angle    Proper Dih. Per. Imp. Dih.          LJ-14
    1.65353e+02    2.89358e+02    3.82397e+02    3.30583e+01    1.91206e+02
     Coulomb-14        LJ (SR)  Disper. corr.   Coulomb (SR)   Coul. recip.
    2.30756e+03    2.36032e+04   -1.38564e+03   -1.87391e+05    1.30678e+03
      Potential    Kinetic En.   Total Energy  Conserved En.    Temperature
   -1.60498e+05    3.44037e+04   -1.26094e+05   -1.26205e+05    3.39862e+02
 Pres. DC (bar) Pressure (bar)   Constr. rmsd
   -1.81459e+02    4.15704e+02    2.33470e-06


DD  step 197999 load imb.: force 19.3%
           Step           Time
         198000      396.00000

   Energies (kJ/mol)
           Bond          Angle    Proper Dih. Per. Imp. Dih.          LJ-14
    1.71922e+02    3.36170e+02    3.72443e+02    2.05749e+01    1.75578e+02
     Coulomb-14        LJ (SR)  Disper. corr.   Coulomb (SR)   Coul. recip.
    2.28936e+03    2.32682e+04   -1.38047e+03   -1.86789e+05    1.37042e+03
      Potential    Kinetic En.   Total Energy  Conserved En.    Temperature
   -1.60165e+05    3.45838e+04   -1.25581e+05   -1.26319e+05    3.41641e+02
 Pres. DC (bar) Pressure (bar)   Constr. rmsd
   -1.80110e+02    2.24122e+02    3.81785e-06


DD  step 198999 load imb.: force 12.0%
           Step           Time
         199000      398.00000

   Energies (kJ/mol)
           Bond          Angle    Proper Dih. Per. Imp. Dih.          LJ-14
    1.72533e+02    2.79840e+02    3.80157e+02    2.02716e+01    1.84413e+02
     Coulomb-14        LJ (SR)  Disper. corr.   Coulomb (SR)   Coul. recip.
    2.30701e+03    2.34157e+04   -1.37691e+03   -1.86530e+05    1.31121e+03
      Potential    Kinetic En.   Total Energy  Conserved En.    Temperature
   -1.59835e+05    3.44815e+04   -1.25354e+05   -1.26346e+05    3.40630e+02
 Pres. DC (bar) Pressure (bar)   Constr. rmsd
   -1.79183e+02    2.97355e+02    2.98396e-06


DD  step 199999 load imb.: force 17.2%
           Step           Time
         200000      400.00000

   Energies (kJ/mol)
           Bond          Angle    Proper Dih. Per. Imp. Dih.          LJ-14
    1.17116e+02    3.43110e+02    3.84879e+02    3.34781e+01    1.79647e+02
     Coulomb-14        LJ (SR)  Disper. corr.   Coulomb (SR)   Coul. recip.
    2.27462e+03    2.26335e+04   -1.37227e+03   -1.86001e+05    1.32188e+03
      Potential    Kinetic En.   Total Energy  Conserved En.    Temperature
   -1.60085e+05    3.45442e+04   -1.25540e+05   -1.26413e+05    3.41250e+02
 Pres. DC (bar) Pressure (bar)   Constr. rmsd
   -1.77978e+02   -3.44235e+01    1.97354e-06


DD  step 200999 load imb.: force 15.0%
           Step           Time
         201000      402.00000

   Energies (kJ/mol)
           Bond          Angle    Proper Dih. Per. Imp. Dih.          LJ-14
    1.35081e+02    3.24853e+02    4.08566e+02    2.49532e+01    1.75998e+02
     Coulomb-14        LJ (SR)  Disper. corr.   Coulomb (SR)   Coul. recip.
    2.32239e+03    2.25767e+04   -1.37267e+03   -1.85984e+05    1.35320e+03
      Potential    Kinetic En.   Total Energy  Conserved En.    Temperature
   -1.60035e+05    3.43383e+04   -1.25697e+05   -1.26435e+05    3.39215e+02
 Pres. DC (bar) Pressure (bar)   Constr. rmsd
   -1.78082e+02   -1.13238e+02    3.51889e-06


DD  step 201999 load imb.: force 15.9%
           Step           Time
         202000      404.00000

   Energies (kJ/mol)
           Bond          Angle    Proper Dih. Per. Imp. Dih.          LJ-14
    1.36639e+02    3.58565e+02    3.90583e+02    1.58355e+01    1.82567e+02
     Coulomb-14        LJ (SR)  Disper. corr.   Coulomb (SR)   Coul. recip.
    2.32898e+03    2.28630e+04   -1.36709e+03   -1.86476e+05    1.39644e+03
      Potential    Kinetic En.   Total Energy  Conserved En.    Temperature
   -1.60171e+05    3.42071e+04   -1.25964e+05   -1.26484e+05    3.37920e+02
 Pres. DC (bar) Pressure (bar)   Constr. rmsd
   -1.76641e+02   -7.60163e+01    3.05503e-06


DD  step 202999 load imb.: force 16.1%
           Step           Time
         203000      406.00000

   Energies (kJ/mol)
           Bond          Angle    Proper Dih. Per. Imp. Dih.          LJ-14
    1.48985e+02    3.45755e+02    3.49836e+02    1.83599e+01    1.62817e+02
     Coulomb-14        LJ (SR)  Disper. corr.   Coulomb (SR)   Coul. recip.
    2.33606e+03    2.25635e+04   -1.36207e+03   -1.85711e+05    1.31768e+03
      Potential    Kinetic En.   Total Energy  Conserved En.    Temperature
   -1.59830e+05    3.46964e+04   -1.25134e+05   -1.26530e+05    3.42753e+02
 Pres. DC (bar) Pressure (bar)   Constr. rmsd
   -1.75347e+02   -3.30199e+02    2.45137e-06


DD  step 203999 load imb.: force 17.1%
           Step           Time
         204000      408.00000

   Energies (kJ/mol)
           Bond          Angle    Proper Dih. Per. Imp. Dih.          LJ-14
    1.58712e+02    2.89016e+02    3.62933e+02    3.14552e+01    1.98128e+02
     Coulomb-14        LJ (SR)  Disper. corr.   Coulomb (SR)   Coul. recip.
    2.36591e+03    2.34554e+04   -1.36188e+03   -1.86999e+05    1.41135e+03
      Potential    Kinetic En.   Total Energy  Conserved En.    Temperature
   -1.60088e+05    3.43005e+04   -1.25788e+05   -1.26538e+05    3.38842e+02
 Pres. DC (bar) Pressure (bar)   Constr. rmsd
   -1.75298e+02    1.57291e+02    1.88092e-06


DD  step 204999 load imb.: force 16.3%

step 205000 Turning on dynamic load balancing, because the performance loss due to load imbalance is 2.1 %.
           Step           Time
         205000      410.00000

   Energies (kJ/mol)
           Bond          Angle    Proper Dih. Per. Imp. Dih.          LJ-14
    1.23655e+02    3.16947e+02    3.62109e+02    2.07547e+01    1.81442e+02
     Coulomb-14        LJ (SR)  Disper. corr.   Coulomb (SR)   Coul. recip.
    2.29959e+03    2.25295e+04   -1.35364e+03   -1.86012e+05    1.38251e+03
      Potential    Kinetic En.   Total Energy  Conserved En.    Temperature
   -1.60149e+05    3.44052e+04   -1.25744e+05   -1.26615e+05    3.39877e+02
 Pres. DC (bar) Pressure (bar)   Constr. rmsd
   -1.73186e+02   -3.39562e+02    2.10468e-06


DD  step 205999  vol min/aver 0.822  load imb.: force  2.2%
           Step           Time
         206000      412.00000

   Energies (kJ/mol)
           Bond          Angle    Proper Dih. Per. Imp. Dih.          LJ-14
    1.35487e+02    3.27645e+02    3.97412e+02    2.19517e+01    1.87473e+02
     Coulomb-14        LJ (SR)  Disper. corr.   Coulomb (SR)   Coul. recip.
    2.29888e+03    2.24819e+04   -1.36755e+03   -1.86181e+05    1.38219e+03
      Potential    Kinetic En.   Total Energy  Conserved En.    Temperature
   -1.60315e+05    3.43868e+04   -1.25929e+05   -1.26383e+05    3.39695e+02
 Pres. DC (bar) Pressure (bar)   Constr. rmsd
   -1.76757e+02   -3.20124e+02    1.39010e-06


DD  step 206999  vol min/aver 0.814  load imb.: force  1.3%
           Step           Time
         207000      414.00000

   Energies (kJ/mol)
           Bond          Angle    Proper Dih. Per. Imp. Dih.          LJ-14
    1.45691e+02    3.38692e+02    3.76028e+02    3.28591e+01    1.80296e+02
     Coulomb-14        LJ (SR)  Disper. corr.   Coulomb (SR)   Coul. recip.
    2.28367e+03    2.21370e+04   -1.37021e+03   -1.86056e+05    1.33178e+03
      Potential    Kinetic En.   Total Energy  Conserved En.    Temperature
   -1.60600e+05    3.43304e+04   -1.26270e+05   -1.26376e+05    3.39137e+02
 Pres. DC (bar) Pressure (bar)   Constr. rmsd
   -1.77446e+02   -3.72620e+02    2.09619e-06


DD  step 207999  vol min/aver 0.836  load imb.: force  1.8%
           Step           Time
         208000      416.00000

   Energies (kJ/mol)
           Bond          Angle    Proper Dih. Per. Imp. Dih.          LJ-14
    1.44316e+02    3.43930e+02    3.71461e+02    1.82208e+01    1.91027e+02
     Coulomb-14        LJ (SR)  Disper. corr.   Coulomb (SR)   Coul. recip.
    2.31590e+03    2.29636e+04   -1.36933e+03   -1.86450e+05    1.35099e+03
      Potential    Kinetic En.   Total Energy  Conserved En.    Temperature
   -1.60119e+05    3.47421e+04   -1.25377e+05   -1.26368e+05    3.43205e+02
 Pres. DC (bar) Pressure (bar)   Constr. rmsd
   -1.77217e+02    3.64802e+01    2.64771e-06


DD  step 208999  vol min/aver 0.837  load imb.: force  1.6%
           Step           Time
         209000      418.00000

   Energies (kJ/mol)
           Bond          Angle    Proper Dih. Per. Imp. Dih.          LJ-14
    1.65992e+02    3.02039e+02    3.88274e+02    1.92733e+01    1.86931e+02
     Coulomb-14        LJ (SR)  Disper. corr.   Coulomb (SR)   Coul. recip.
    2.33095e+03    2.31903e+04   -1.36774e+03   -1.86575e+05    1.39025e+03
      Potential    Kinetic En.   Total Energy  Conserved En.    Temperature
   -1.59969e+05    3.41267e+04   -1.25842e+05   -1.26378e+05    3.37125e+02
 Pres. DC (bar) Pressure (bar)   Constr. rmsd
   -1.76808e+02    4.05164e+01    2.56196e-06


DD  step 209999  vol min/aver 0.812  load imb.: force  2.9%
           Step           Time
         210000      420.00000

   Energies (kJ/mol)
           Bond          Angle    Proper Dih. Per. Imp. Dih.          LJ-14
    1.30661e+02    3.07873e+02    3.70794e+02    2.22403e+01    1.85590e+02
     Coulomb-14        LJ (SR)  Disper. corr.   Coulomb (SR)   Coul. recip.
    2.34434e+03    2.27811e+04   -1.36351e+03   -1.86323e+05    1.45575e+03
      Potential    Kinetic En.   Total Energy  Conserved En.    Temperature
   -1.60088e+05    3.47863e+04   -1.25302e+05   -1.26444e+05    3.43641e+02
 Pres. DC (bar) Pressure (bar)   Constr. rmsd
   -1.75716e+02   -1.40434e+02    2.85361e-06


DD  step 210999  vol min/aver 0.811  load imb.: force  2.7%
           Step           Time
         211000      422.00000

   Energies (kJ/mol)
           Bond          Angle    Proper Dih. Per. Imp. Dih.          LJ-14
    1.54850e+02    3.57112e+02    3.80853e+02    1.68783e+01    1.64226e+02
     Coulomb-14        LJ (SR)  Disper. corr.   Coulomb (SR)   Coul. recip.
    2.29150e+03    2.31168e+04   -1.37169e+03   -1.86129e+05    1.37006e+03
      Potential    Kinetic En.   Total Energy  Conserved En.    Temperature
   -1.59648e+05    3.48390e+04   -1.24809e+05   -1.26271e+05    3.44162e+02
 Pres. DC (bar) Pressure (bar)   Constr. rmsd
   -1.77828e+02    1.08781e+02    2.78849e-06


DD  step 211999  vol min/aver 0.825  load imb.: force  0.8%
           Step           Time
         212000      424.00000

   Energies (kJ/mol)
           Bond          Angle    Proper Dih. Per. Imp. Dih.          LJ-14
    1.83111e+02    3.72368e+02    3.81260e+02    3.71688e+01    1.86747e+02
     Coulomb-14        LJ (SR)  Disper. corr.   Coulomb (SR)   Coul. recip.
    2.27335e+03    2.26375e+04   -1.37040e+03   -1.85612e+05    1.36973e+03
      Potential    Kinetic En.   Total Energy  Conserved En.    Temperature
   -1.59542e+05    3.47379e+04   -1.24804e+05   -1.26286e+05    3.43163e+02
 Pres. DC (bar) Pressure (bar)   Constr. rmsd
   -1.77494e+02   -7.56532e+01    5.19215e-06


DD  step 212999  vol min/aver 0.846  load imb.: force  1.0%
           Step           Time
         213000      426.00000

   Energies (kJ/mol)
           Bond          Angle    Proper Dih. Per. Imp. Dih.          LJ-14
    1.58107e+02    3.23000e+02    3.83142e+02    3.13491e+01    1.76125e+02
     Coulomb-14        LJ (SR)  Disper. corr.   Coulomb (SR)   Coul. recip.
    2.27732e+03    2.32038e+04   -1.37191e+03   -1.86926e+05    1.33947e+03
      Potential    Kinetic En.   Total Energy  Conserved En.    Temperature
   -1.60405e+05    3.44220e+04   -1.25983e+05   -1.26265e+05    3.40042e+02
 Pres. DC (bar) Pressure (bar)   Constr. rmsd
   -1.77886e+02    4.83449e+01    3.43830e-06


DD  step 213999  vol min/aver 0.883  load imb.: force  2.7%
           Step           Time
         214000      428.00000

   Energies (kJ/mol)
           Bond          Angle    Proper Dih. Per. Imp. Dih.          LJ-14
    1.95308e+02    3.65370e+02    3.60962e+02    1.78581e+01    1.53537e+02
     Coulomb-14        LJ (SR)  Disper. corr.   Coulomb (SR)   Coul. recip.
    2.27072e+03    2.27995e+04   -1.36938e+03   -1.85792e+05    1.31347e+03
      Potential    Kinetic En.   Total Energy  Conserved En.    Temperature
   -1.59685e+05    3.42095e+04   -1.25475e+05   -1.26277e+05    3.37943e+02
 Pres. DC (bar) Pressure (bar)   Constr. rmsd
   -1.77232e+02   -1.99480e+02    3.48490e-06


DD  step 214999  vol min/aver 0.812  load imb.: force  3.7%
           Step           Time
         215000      430.00000

   Energies (kJ/mol)
           Bond          Angle    Proper Dih. Per. Imp. Dih.          LJ-14
    1.28165e+02    3.33698e+02    3.84076e+02    2.96872e+01    1.74056e+02
     Coulomb-14        LJ (SR)  Disper. corr.   Coulomb (SR)   Coul. recip.
    2.32224e+03    2.25155e+04   -1.37244e+03   -1.85553e+05    1.34114e+03
      Potential    Kinetic En.   Total Energy  Conserved En.    Temperature
   -1.59697e+05    3.44863e+04   -1.25210e+05   -1.26229e+05    3.40678e+02
 Pres. DC (bar) Pressure (bar)   Constr. rmsd
   -1.78024e+02   -1.61819e+02    2.47344e-06


DD  step 215999  vol min/aver 0.840  load imb.: force  1.8%
           Step           Time
         216000      432.00000

   Energies (kJ/mol)
           Bond          Angle    Proper Dih. Per. Imp. Dih.          LJ-14
    1.67963e+02    3.12010e+02    3.66896e+02    2.71816e+01    1.76101e+02
     Coulomb-14        LJ (SR)  Disper. corr.   Coulomb (SR)   Coul. recip.
    2.36657e+03    2.21041e+04   -1.37221e+03   -1.85794e+05    1.29607e+03
      Potential    Kinetic En.   Total Energy  Conserved En.    Temperature
   -1.60350e+05    3.54627e+04   -1.24887e+05   -1.26195e+05    3.50323e+02
 Pres. DC (bar) Pressure (bar)   Constr. rmsd
   -1.77964e+02   -4.33761e+02    2.14059e-06


DD  step 216999  vol min/aver 0.829  load imb.: force  3.7%
           Step           Time
         217000      434.00000

   Energies (kJ/mol)
           Bond          Angle    Proper Dih. Per. Imp. Dih.          LJ-14
    1.75214e+02    3.38670e+02    3.80823e+02    1.32772e+01    1.89777e+02
     Coulomb-14        LJ (SR)  Disper. corr.   Coulomb (SR)   Coul. recip.
    2.31852e+03    2.38631e+04   -1.37159e+03   -1.86913e+05    1.35766e+03
      Potential    Kinetic En.   Total Energy  Conserved En.    Temperature
   -1.59647e+05    3.41611e+04   -1.25486e+05   -1.26269e+05    3.37465e+02
 Pres. DC (bar) Pressure (bar)   Constr. rmsd
   -1.77803e+02    3.93004e+02    1.85852e-06


DD  step 217999  vol min/aver 0.860  load imb.: force  4.1%
           Step           Time
         218000      436.00000

   Energies (kJ/mol)
           Bond          Angle    Proper Dih. Per. Imp. Dih.          LJ-14
    1.99119e+02    3.50015e+02    3.92773e+02    2.27609e+01    1.71373e+02
     Coulomb-14        LJ (SR)  Disper. corr.   Coulomb (SR)   Coul. recip.
    2.28106e+03    2.27938e+04   -1.37141e+03   -1.85599e+05    1.41165e+03
      Potential    Kinetic En.   Total Energy  Conserved En.    Temperature
   -1.59348e+05    3.45941e+04   -1.24754e+05   -1.26224e+05    3.41742e+02
 Pres. DC (bar) Pressure (bar)   Constr. rmsd
   -1.77757e+02   -1.73596e+02    3.22061e-06


DD  step 218999  vol min/aver 0.813  load imb.: force  1.8%
           Step           Time
         219000      438.00000

   Energies (kJ/mol)
           Bond          Angle    Proper Dih. Per. Imp. Dih.          LJ-14
    1.40981e+02    3.91315e+02    3.68984e+02    1.96965e+01    1.75711e+02
     Coulomb-14        LJ (SR)  Disper. corr.   Coulomb (SR)   Coul. recip.
    2.29443e+03    2.36047e+04   -1.37418e+03   -1.86406e+05    1.38659e+03
      Potential    Kinetic En.   Total Energy  Conserved En.    Temperature
   -1.59398e+05    3.43046e+04   -1.25093e+05   -1.26158e+05    3.38882e+02
 Pres. DC (bar) Pressure (bar)   Constr. rmsd
   -1.78474e+02    4.01675e+02    2.31989e-06


DD  step 219999  vol min/aver 0.819  load imb.: force  2.4%
           Step           Time
         220000      440.00000

   Energies (kJ/mol)
           Bond          Angle    Proper Dih. Per. Imp. Dih.          LJ-14
    1.47804e+02    3.60228e+02    3.55382e+02    2.08205e+01    1.65743e+02
     Coulomb-14        LJ (SR)  Disper. corr.   Coulomb (SR)   Coul. recip.
    2.28977e+03    2.26280e+04   -1.37174e+03   -1.85883e+05    1.36623e+03
      Potential    Kinetic En.   Total Energy  Conserved En.    Temperature
   -1.59921e+05    3.41992e+04   -1.25722e+05   -1.26180e+05    3.37841e+02
 Pres. DC (bar) Pressure (bar)   Constr. rmsd
   -1.77842e+02   -1.62092e+02    1.19893e-06


DD  step 220999  vol min/aver 0.830  load imb.: force  2.2%
           Step           Time
         221000      442.00000

   Energies (kJ/mol)
           Bond          Angle    Proper Dih. Per. Imp. Dih.          LJ-14
    1.62917e+02    3.24324e+02    3.71641e+02    2.09637e+01    1.58246e+02
     Coulomb-14        LJ (SR)  Disper. corr.   Coulomb (SR)   Coul. recip.
    2.28116e+03    2.38812e+04   -1.37390e+03   -1.88090e+05    1.36394e+03
      Potential    Kinetic En.   Total Energy  Conserved En.    Temperature
   -1.60900e+05    3.40078e+04   -1.26892e+05   -1.26164e+05    3.35950e+02
 Pres. DC (bar) Pressure (bar)   Constr. rmsd
   -1.78401e+02    2.00624e+02    2.32618e-06


DD  step 221999  vol min/aver 0.828  load imb.: force  1.2%
           Step           Time
         222000      444.00000

   Energies (kJ/mol)
           Bond          Angle    Proper Dih. Per. Imp. Dih.          LJ-14
    1.66884e+02    3.50737e+02    3.56088e+02    1.72117e+01    1.71060e+02
     Coulomb-14        LJ (SR)  Disper. corr.   Coulomb (SR)   Coul. recip.
    2.26579e+03    2.31592e+04   -1.37190e+03   -1.86373e+05    1.34828e+03
      Potential    Kinetic En.   Total Energy  Conserved En.    Temperature
   -1.59910e+05    3.40689e+04   -1.25841e+05   -1.26151e+05    3.36554e+02
 Pres. DC (bar) Pressure (bar)   Constr. rmsd
   -1.77883e+02   -4.36313e+01    1.56865e-06


DD  step 222999  vol min/aver 0.826  load imb.: force  1.7%
           Step           Time
         223000      446.00000

   Energies (kJ/mol)
           Bond          Angle    Proper Dih. Per. Imp. Dih.          LJ-14
    2.07527e+02    3.46890e+02    3.66765e+02    2.20218e+01    1.89021e+02
     Coulomb-14        LJ (SR)  Disper. corr.   Coulomb (SR)   Coul. recip.
    2.30751e+03    2.24537e+04   -1.37427e+03   -1.85508e+05    1.38687e+03
      Potential    Kinetic En.   Total Energy  Conserved En.    Temperature
   -1.59602e+05    3.45520e+04   -1.25050e+05   -1.26127e+05    3.41327e+02
 Pres. DC (bar) Pressure (bar)   Constr. rmsd
   -1.78497e+02   -1.80745e+02    2.11692e-06


DD  step 223999  vol min/aver 0.817  load imb.: force  1.8%
           Step           Time
         224000      448.00000

   Energies (kJ/mol)
           Bond          Angle    Proper Dih. Per. Imp. Dih.          LJ-14
    1.37712e+02    3.61992e+02    3.82586e+02    2.49439e+01    1.89566e+02
     Coulomb-14        LJ (SR)  Disper. corr.   Coulomb (SR)   Coul. recip.
    2.29394e+03    2.31233e+04   -1.37399e+03   -1.86969e+05    1.36940e+03
      Potential    Kinetic En.   Total Energy  Conserved En.    Temperature
   -1.60460e+05    3.49422e+04   -1.25518e+05   -1.26163e+05    3.45181e+02
 Pres. DC (bar) Pressure (bar)   Constr. rmsd
   -1.78424e+02    5.59862e+01    2.75900e-06


DD  step 224999  vol min/aver 0.811  load imb.: force  1.0%
           Step           Time
         225000      450.00000

   Energies (kJ/mol)
           Bond          Angle    Proper Dih. Per. Imp. Dih.          LJ-14
    1.24967e+02    3.09397e+02    3.49342e+02    1.52723e+01    1.75624e+02
     Coulomb-14        LJ (SR)  Disper. corr.   Coulomb (SR)   Coul. recip.
    2.33498e+03    2.33528e+04   -1.37561e+03   -1.86692e+05    1.32780e+03
      Potential    Kinetic En.   Total Energy  Conserved En.    Temperature
   -1.60078e+05    3.44211e+04   -1.25657e+05   -1.26090e+05    3.40033e+02
 Pres. DC (bar) Pressure (bar)   Constr. rmsd
   -1.78845e+02    1.90460e+02    2.51267e-06


DD  step 225999  vol min/aver 0.838  load imb.: force  3.3%
           Step           Time
         226000      452.00000

   Energies (kJ/mol)
           Bond          Angle    Proper Dih. Per. Imp. Dih.          LJ-14
    1.07402e+02    3.19046e+02    4.09539e+02    3.40733e+01    1.83979e+02
     Coulomb-14        LJ (SR)  Disper. corr.   Coulomb (SR)   Coul. recip.
    2.33309e+03    2.33423e+04   -1.37781e+03   -1.87167e+05    1.40166e+03
      Potential    Kinetic En.   Total Energy  Conserved En.    Temperature
   -1.60414e+05    3.43549e+04   -1.26059e+05   -1.26103e+05    3.39380e+02
 Pres. DC (bar) Pressure (bar)   Constr. rmsd
   -1.79417e+02    2.62152e+02    3.40879e-06


DD  step 226999  vol min/aver 0.849  load imb.: force  3.4%
           Step           Time
         227000      454.00000

   Energies (kJ/mol)
           Bond          Angle    Proper Dih. Per. Imp. Dih.          LJ-14
    1.27883e+02    3.36564e+02    3.89491e+02    1.72968e+01    1.74511e+02
     Coulomb-14        LJ (SR)  Disper. corr.   Coulomb (SR)   Coul. recip.
    2.26145e+03    2.32404e+04   -1.37299e+03   -1.87020e+05    1.37130e+03
      Potential    Kinetic En.   Total Energy  Conserved En.    Temperature
   -1.60474e+05    3.41727e+04   -1.26301e+05   -1.26123e+05    3.37579e+02
 Pres. DC (bar) Pressure (bar)   Constr. rmsd
   -1.78166e+02   -8.87446e+00    1.55058e-06


DD  step 227999  vol min/aver 0.807  load imb.: force  1.8%
           Step           Time
         228000      456.00000

   Energies (kJ/mol)
           Bond          Angle    Proper Dih. Per. Imp. Dih.          LJ-14
    1.16959e+02    3.87686e+02    3.85281e+02    1.47708e+01    1.79419e+02
     Coulomb-14        LJ (SR)  Disper. corr.   Coulomb (SR)   Coul. recip.
    2.25390e+03    2.30694e+04   -1.37223e+03   -1.86643e+05    1.29887e+03
      Potential    Kinetic En.   Total Energy  Conserved En.    Temperature
   -1.60309e+05    3.41060e+04   -1.26203e+05   -1.26126e+05    3.36920e+02
 Pres. DC (bar) Pressure (bar)   Constr. rmsd
   -1.77969e+02    9.12514e+01    1.11817e-06


DD  step 228999  vol min/aver 0.815  load imb.: force  1.6%
           Step           Time
         229000      458.00000

   Energies (kJ/mol)
           Bond          Angle    Proper Dih. Per. Imp. Dih.          LJ-14
    1.35633e+02    2.95918e+02    3.77008e+02    3.19847e+01    1.79054e+02
     Coulomb-14        LJ (SR)  Disper. corr.   Coulomb (SR)   Coul. recip.
    2.37341e+03    2.25670e+04   -1.36901e+03   -1.86002e+05    1.37209e+03
      Potential    Kinetic En.   Total Energy  Conserved En.    Temperature
   -1.60039e+05    3.40491e+04   -1.25990e+05   -1.26192e+05    3.36358e+02
 Pres. DC (bar) Pressure (bar)   Constr. rmsd
   -1.77134e+02   -1.90340e+02    2.06591e-06


DD  step 229999  vol min/aver 0.832  load imb.: force  1.1%
           Step           Time
         230000      460.00000

   Energies (kJ/mol)
           Bond          Angle    Proper Dih. Per. Imp. Dih.          LJ-14
    1.73781e+02    2.99539e+02    3.43848e+02    1.66216e+01    1.83834e+02
     Coulomb-14        LJ (SR)  Disper. corr.   Coulomb (SR)   Coul. recip.
    2.28989e+03    2.29105e+04   -1.37867e+03   -1.85876e+05    1.33966e+03
      Potential    Kinetic En.   Total Energy  Conserved En.    Temperature
   -1.59697e+05    3.43684e+04   -1.25328e+05   -1.25998e+05    3.39513e+02
 Pres. DC (bar) Pressure (bar)   Constr. rmsd
   -1.79640e+02    5.63639e+01    1.56134e-06


DD  step 230999  vol min/aver 0.844  load imb.: force  4.1%
           Step           Time
         231000      462.00000

   Energies (kJ/mol)
           Bond          Angle    Proper Dih. Per. Imp. Dih.          LJ-14
    1.52743e+02    3.37355e+02    3.91623e+02    2.06188e+01    1.74006e+02
     Coulomb-14        LJ (SR)  Disper. corr.   Coulomb (SR)   Coul. recip.
    2.30346e+03    2.30053e+04   -1.37424e+03   -1.86414e+05    1.36531e+03
      Potential    Kinetic En.   Total Energy  Conserved En.    Temperature
   -1.60038e+05    3.43174e+04   -1.25720e+05   -1.26043e+05    3.39009e+02
 Pres. DC (bar) Pressure (bar)   Constr. rmsd
   -1.78489e+02   -8.81097e+00    1.58598e-06


DD  step 231999  vol min/aver 0.847  load imb.: force  3.6%
           Step           Time
         232000      464.00000

   Energies (kJ/mol)
           Bond          Angle    Proper Dih. Per. Imp. Dih.          LJ-14
    1.97329e+02    3.10969e+02    3.63407e+02    2.35396e+01    1.73165e+02
     Coulomb-14        LJ (SR)  Disper. corr.   Coulomb (SR)   Coul. recip.
    2.29203e+03    2.31405e+04   -1.37799e+03   -1.86391e+05    1.38581e+03
      Potential    Kinetic En.   Total Energy  Conserved En.    Temperature
   -1.59882e+05    3.43295e+04   -1.25553e+05   -1.26021e+05    3.39128e+02
 Pres. DC (bar) Pressure (bar)   Constr. rmsd
   -1.79464e+02    1.34114e+02    2.16425e-06


DD  step 232999  vol min/aver 0.821  load imb.: force  2.0%
           Step           Time
         233000      466.00000

   Energies (kJ/mol)
           Bond          Angle    Proper Dih. Per. Imp. Dih.          LJ-14
    1.68454e+02    3.50488e+02    3.79229e+02    2.04889e+01    1.54395e+02
     Coulomb-14        LJ (SR)  Disper. corr.   Coulomb (SR)   Coul. recip.
    2.30359e+03    2.35665e+04   -1.37714e+03   -1.87374e+05    1.35108e+03
      Potential    Kinetic En.   Total Energy  Conserved En.    Temperature
   -1.60457e+05    3.43183e+04   -1.26139e+05   -1.25993e+05    3.39018e+02
 Pres. DC (bar) Pressure (bar)   Constr. rmsd
   -1.79243e+02    1.87123e+02    2.39349e-06


DD  step 233999  vol min/aver 0.822  load imb.: force  3.1%
           Step           Time
         234000      468.00000

   Energies (kJ/mol)
           Bond          Angle    Proper Dih. Per. Imp. Dih.          LJ-14
    1.50560e+02    3.27046e+02    3.63687e+02    1.68538e+01    1.74057e+02
     Coulomb-14        LJ (SR)  Disper. corr.   Coulomb (SR)   Coul. recip.
    2.34783e+03    2.40335e+04   -1.38577e+03   -1.88475e+05    1.35427e+03
      Potential    Kinetic En.   Total Energy  Conserved En.    Temperature
   -1.61093e+05    3.46078e+04   -1.26485e+05   -1.25835e+05    3.41878e+02
 Pres. DC (bar) Pressure (bar)   Constr. rmsd
   -1.81492e+02    3.97170e+02    1.62986e-06


DD  step 234999  vol min/aver 0.830  load imb.: force  2.0%
           Step           Time
         235000      470.00000

   Energies (kJ/mol)
           Bond          Angle    Proper Dih. Per. Imp. Dih.          LJ-14
    1.08049e+02    3.32720e+02    3.72472e+02    2.91239e+01    1.68695e+02
     Coulomb-14        LJ (SR)  Disper. corr.   Coulomb (SR)   Coul. recip.
    2.30296e+03    2.36465e+04   -1.36816e+03   -1.88330e+05    1.37034e+03
      Potential    Kinetic En.   Total Energy  Conserved En.    Temperature
   -1.61368e+05    3.43367e+04   -1.27031e+05   -1.26104e+05    3.39199e+02
 Pres. DC (bar) Pressure (bar)   Constr. rmsd
   -1.76916e+02    6.26331e+01    1.18429e-06


DD  step 235999  vol min/aver 0.886  load imb.: force  2.4%
           Step           Time
         236000      472.00000

   Energies (kJ/mol)
           Bond          Angle    Proper Dih. Per. Imp. Dih.          LJ-14
    1.38742e+02    3.72136e+02    3.69599e+02    3.08570e+01    1.81938e+02
     Coulomb-14        LJ (SR)  Disper. corr.   Coulomb (SR)   Coul. recip.
    2.27368e+03    2.32952e+04   -1.37324e+03   -1.87146e+05    1.38437e+03
      Potential    Kinetic En.   Total Energy  Conserved En.    Temperature
   -1.60473e+05    3.41493e+04   -1.26324e+05   -1.26045e+05    3.37349e+02
 Pres. DC (bar) Pressure (bar)   Constr. rmsd
   -1.78231e+02    1.95472e+02    1.95684e-06


DD  step 236999  vol min/aver 0.802  load imb.: force  1.8%
           Step           Time
         237000      474.00000

   Energies (kJ/mol)
           Bond          Angle    Proper Dih. Per. Imp. Dih.          LJ-14
    1.40313e+02    3.11169e+02    4.14169e+02    1.55779e+01    1.81806e+02
     Coulomb-14        LJ (SR)  Disper. corr.   Coulomb (SR)   Coul. recip.
    2.29713e+03    2.26071e+04   -1.38065e+03   -1.86298e+05    1.35609e+03
      Potential    Kinetic En.   Total Energy  Conserved En.    Temperature
   -1.60355e+05    3.37884e+04   -1.26567e+05   -1.25921e+05    3.33783e+02
 Pres. DC (bar) Pressure (bar)   Constr. rmsd
   -1.80155e+02   -8.41630e+01    1.84578e-06


DD  step 237999  vol min/aver 0.810  load imb.: force  1.6%
           Step           Time
         238000      476.00000

   Energies (kJ/mol)
           Bond          Angle    Proper Dih. Per. Imp. Dih.          LJ-14
    1.71876e+02    2.95099e+02    3.79812e+02    2.75032e+01    1.62553e+02
     Coulomb-14        LJ (SR)  Disper. corr.   Coulomb (SR)   Coul. recip.
    2.35186e+03    2.26547e+04   -1.37729e+03   -1.86098e+05    1.32326e+03
      Potential    Kinetic En.   Total Energy  Conserved En.    Temperature
   -1.60109e+05    3.41366e+04   -1.25973e+05   -1.25902e+05    3.37223e+02
 Pres. DC (bar) Pressure (bar)   Constr. rmsd
   -1.79280e+02   -1.54813e+02    2.70278e-06


DD  step 238999  vol min/aver 0.822  load imb.: force  1.8%
           Step           Time
         239000      478.00000

   Energies (kJ/mol)
           Bond          Angle    Proper Dih. Per. Imp. Dih.          LJ-14
    1.51087e+02    3.06426e+02    3.60492e+02    2.09432e+01    1.66475e+02
     Coulomb-14        LJ (SR)  Disper. corr.   Coulomb (SR)   Coul. recip.
    2.27517e+03    2.31313e+04   -1.37756e+03   -1.86772e+05    1.32104e+03
      Potential    Kinetic En.   Total Energy  Conserved En.    Temperature
   -1.60416e+05    3.39755e+04   -1.26441e+05   -1.25914e+05    3.35631e+02
 Pres. DC (bar) Pressure (bar)   Constr. rmsd
   -1.79353e+02   -4.17284e+01    3.02561e-06


DD  step 239999  vol min/aver 0.836  load imb.: force  4.4%
           Step           Time
         240000      480.00000

   Energies (kJ/mol)
           Bond          Angle    Proper Dih. Per. Imp. Dih.          LJ-14
    1.36070e+02    3.00450e+02    3.96333e+02    2.12652e+01    1.75403e+02
     Coulomb-14        LJ (SR)  Disper. corr.   Coulomb (SR)   Coul. recip.
    2.31575e+03    2.25149e+04   -1.38279e+03   -1.86381e+05    1.37803e+03
      Potential    Kinetic En.   Total Energy  Conserved En.    Temperature
   -1.60526e+05    3.43881e+04   -1.26138e+05   -1.25803e+05    3.39707e+02
 Pres. DC (bar) Pressure (bar)   Constr. rmsd
   -1.80715e+02   -1.29263e+02    2.67764e-06


DD  step 240999  vol min/aver 0.807  load imb.: force  1.9%
           Step           Time
         241000      482.00000

   Energies (kJ/mol)
           Bond          Angle    Proper Dih. Per. Imp. Dih.          LJ-14
    1.61784e+02    3.13855e+02    3.79043e+02    1.72189e+01    1.74261e+02
     Coulomb-14        LJ (SR)  Disper. corr.   Coulomb (SR)   Coul. recip.
    2.37258e+03    2.28037e+04   -1.38292e+03   -1.86680e+05    1.29005e+03
      Potential    Kinetic En.   Total Energy  Conserved En.    Temperature
   -1.60550e+05    3.46929e+04   -1.25857e+05   -1.25856e+05    3.42718e+02
 Pres. DC (bar) Pressure (bar)   Constr. rmsd
   -1.80749e+02   -9.07647e+01    2.28752e-06


DD  step 241999  vol min/aver 0.838  load imb.: force  0.8%
           Step           Time
         242000      484.00000

   Energies (kJ/mol)
           Bond          Angle    Proper Dih. Per. Imp. Dih.          LJ-14
    1.37742e+02    3.08757e+02    3.67311e+02    1.73435e+01    1.81214e+02
     Coulomb-14        LJ (SR)  Disper. corr.   Coulomb (SR)   Coul. recip.
    2.35639e+03    2.37167e+04   -1.37757e+03   -1.87343e+05    1.35496e+03
      Potential    Kinetic En.   Total Energy  Conserved En.    Temperature
   -1.60280e+05    3.47951e+04   -1.25485e+05   -1.25889e+05    3.43729e+02
 Pres. DC (bar) Pressure (bar)   Constr. rmsd
   -1.79356e+02    3.48244e+02    3.09876e-06


DD  step 242999  vol min/aver 0.821  load imb.: force  1.5%
           Step           Time
         243000      486.00000

   Energies (kJ/mol)
           Bond          Angle    Proper Dih. Per. Imp. Dih.          LJ-14
    1.22186e+02    3.55992e+02    4.17107e+02    2.47136e+01    1.90034e+02
     Coulomb-14        LJ (SR)  Disper. corr.   Coulomb (SR)   Coul. recip.
    2.32709e+03    2.28889e+04   -1.37397e+03   -1.86357e+05    1.36681e+03
      Potential    Kinetic En.   Total Energy  Conserved En.    Temperature
   -1.60038e+05    3.46001e+04   -1.25438e+05   -1.25906e+05    3.41802e+02
 Pres. DC (bar) Pressure (bar)   Constr. rmsd
   -1.78420e+02    5.50426e+01    1.87778e-06


DD  step 243999  vol min/aver 0.845  load imb.: force  4.4%
           Step           Time
         244000      488.00000

   Energies (kJ/mol)
           Bond          Angle    Proper Dih. Per. Imp. Dih.          LJ-14
    1.42109e+02    3.12142e+02    3.68332e+02    1.74803e+01    1.79568e+02
     Coulomb-14        LJ (SR)  Disper. corr.   Coulomb (SR)   Coul. recip.
    2.32608e+03    2.25337e+04   -1.37128e+03   -1.86564e+05    1.32691e+03
      Potential    Kinetic En.   Total Energy  Conserved En.    Temperature
   -1.60729e+05    3.44148e+04   -1.26314e+05   -1.25969e+05    3.39971e+02
 Pres. DC (bar) Pressure (bar)   Constr. rmsd
   -1.77722e+02   -2.74334e+02    2.00531e-06


DD  step 244999  vol min/aver 0.863  load imb.: force  3.3%
           Step           Time
         245000      490.00000

   Energies (kJ/mol)
           Bond          Angle    Proper Dih. Per. Imp. Dih.          LJ-14
    1.50608e+02    3.67081e+02    3.64326e+02    2.15675e+01    1.89071e+02
     Coulomb-14        LJ (SR)  Disper. corr.   Coulomb (SR)   Coul. recip.
    2.29613e+03    2.36335e+04   -1.36992e+03   -1.87045e+05    1.36820e+03
      Potential    Kinetic En.   Total Energy  Conserved En.    Temperature
   -1.60024e+05    3.46872e+04   -1.25337e+05   -1.25995e+05    3.42662e+02
 Pres. DC (bar) Pressure (bar)   Constr. rmsd
   -1.77370e+02    2.86973e+02    3.41955e-06


DD  step 245999  vol min/aver 0.837  load imb.: force  1.7%
           Step           Time
         246000      492.00000

   Energies (kJ/mol)
           Bond          Angle    Proper Dih. Per. Imp. Dih.          LJ-14
    1.77455e+02    3.25178e+02    3.46394e+02    3.24064e+01    1.84810e+02
     Coulomb-14        LJ (SR)  Disper. corr.   Coulomb (SR)   Coul. recip.
    2.29640e+03    2.31424e+04   -1.37219e+03   -1.86562e+05    1.43153e+03
      Potential    Kinetic En.   Total Energy  Conserved En.    Temperature
   -1.59997e+05    3.45669e+04   -1.25430e+05   -1.25979e+05    3.41474e+02
 Pres. DC (bar) Pressure (bar)   Constr. rmsd
   -1.77958e+02    1.43964e+02    3.61377e-06


DD  step 246999  vol min/aver 0.823  load imb.: force  0.5%
           Step           Time
         247000      494.00000

   Energies (kJ/mol)
           Bond          Angle    Proper Dih. Per. Imp. Dih.          LJ-14
    1.79349e+02    3.07588e+02    3.42890e+02    1.44603e+01    1.72774e+02
     Coulomb-14        LJ (SR)  Disper. corr.   Coulomb (SR)   Coul. recip.
    2.28757e+03    2.26688e+04   -1.36707e+03   -1.85901e+05    1.36478e+03
      Potential    Kinetic En.   Total Energy  Conserved En.    Temperature
   -1.59930e+05    3.42583e+04   -1.25671e+05   -1.26012e+05    3.38425e+02
 Pres. DC (bar) Pressure (bar)   Constr. rmsd
   -1.76635e+02   -1.80149e+02    2.31961e-06


DD  step 247999  vol min/aver 0.802  load imb.: force 13.5%
           Step           Time
         248000      496.00000

   Energies (kJ/mol)
           Bond          Angle    Proper Dih. Per. Imp. Dih.          LJ-14
    1.47870e+02    3.25365e+02    3.81967e+02    1.88445e+01    1.63295e+02
     Coulomb-14        LJ (SR)  Disper. corr.   Coulomb (SR)   Coul. recip.
    2.31226e+03    2.27458e+04   -1.37217e+03   -1.87112e+05    1.36139e+03
      Potential    Kinetic En.   Total Energy  Conserved En.    Temperature
   -1.61028e+05    3.42946e+04   -1.26733e+05   -1.25948e+05    3.38784e+02
 Pres. DC (bar) Pressure (bar)   Constr. rmsd
   -1.77953e+02   -3.43699e+02    1.99762e-06


DD  step 248999  vol min/aver 0.894  load imb.: force  4.7%
           Step           Time
         249000      498.00000

   Energies (kJ/mol)
           Bond          Angle    Proper Dih. Per. Imp. Dih.          LJ-14
    1.49016e+02    3.67146e+02    3.85714e+02    3.43577e+01    1.96347e+02
     Coulomb-14        LJ (SR)  Disper. corr.   Coulomb (SR)   Coul. recip.
    2.30014e+03    2.19052e+04   -1.38009e+03   -1.85608e+05    1.37794e+03
      Potential    Kinetic En.   Total Energy  Conserved En.    Temperature
   -1.60272e+05    3.43051e+04   -1.25967e+05   -1.25753e+05    3.38887e+02
 Pres. DC (bar) Pressure (bar)   Constr. rmsd
   -1.80012e+02   -4.89544e+02    2.79463e-06


DD  step 249999  vol min/aver 0.805  load imb.: force  2.0%
           Step           Time
         250000      500.00000

   Energies (kJ/mol)
           Bond          Angle    Proper Dih. Per. Imp. Dih.          LJ-14
    1.29371e+02    3.87607e+02    3.73969e+02    1.93297e+01    1.69417e+02
     Coulomb-14        LJ (SR)  Disper. corr.   Coulomb (SR)   Coul. recip.
    2.29851e+03    2.27135e+04   -1.38152e+03   -1.86390e+05    1.35162e+03
      Potential    Kinetic En.   Total Energy  Conserved En.    Temperature
   -1.60328e+05    3.44879e+04   -1.25840e+05   -1.25754e+05    3.40693e+02
 Pres. DC (bar) Pressure (bar)   Constr. rmsd
   -1.80384e+02   -7.33594e+01    1.81900e-06


DD  step 250999  vol min/aver 0.823  load imb.: force  0.9%
           Step           Time
         251000      502.00000

   Energies (kJ/mol)
           Bond          Angle    Proper Dih. Per. Imp. Dih.          LJ-14
    1.47191e+02    3.64145e+02    3.93011e+02    2.65101e+01    1.76494e+02
     Coulomb-14        LJ (SR)  Disper. corr.   Coulomb (SR)   Coul. recip.
    2.31125e+03    2.30638e+04   -1.38004e+03   -1.86862e+05    1.37212e+03
      Potential    Kinetic En.   Total Energy  Conserved En.    Temperature
   -1.60387e+05    3.48181e+04   -1.25569e+05   -1.25807e+05    3.43955e+02
 Pres. DC (bar) Pressure (bar)   Constr. rmsd
   -1.79996e+02    3.96228e+01    2.00077e-06


DD  step 251999  vol min/aver 0.852  load imb.: force  2.5%
           Step           Time
         252000      504.00000

   Energies (kJ/mol)
           Bond          Angle    Proper Dih. Per. Imp. Dih.          LJ-14
    1.99192e+02    3.21966e+02    3.94392e+02    1.82522e+01    1.69453e+02
     Coulomb-14        LJ (SR)  Disper. corr.   Coulomb (SR)   Coul. recip.
    2.32765e+03    2.24574e+04   -1.37195e+03   -1.85846e+05    1.39646e+03
      Potential    Kinetic En.   Total Energy  Conserved En.    Temperature
   -1.59933e+05    3.42998e+04   -1.25634e+05   -1.25901e+05    3.38835e+02
 Pres. DC (bar) Pressure (bar)   Constr. rmsd
   -1.77896e+02   -3.28569e+02    3.25894e-06


DD  step 252999  vol min/aver 0.866  load imb.: force  1.3%
           Step           Time
         253000      506.00000

   Energies (kJ/mol)
           Bond          Angle    Proper Dih. Per. Imp. Dih.          LJ-14
    1.47182e+02    3.50290e+02    3.95095e+02    1.72343e+01    1.84109e+02
     Coulomb-14        LJ (SR)  Disper. corr.   Coulomb (SR)   Coul. recip.
    2.32992e+03    2.41909e+04   -1.37080e+03   -1.87447e+05    1.37592e+03
      Potential    Kinetic En.   Total Energy  Conserved En.    Temperature
   -1.59828e+05    3.43846e+04   -1.25443e+05   -1.25965e+05    3.39672e+02
 Pres. DC (bar) Pressure (bar)   Constr. rmsd
   -1.77598e+02    4.68062e+02    3.09543e-06


DD  step 253999  vol min/aver 0.827  load imb.: force  2.0%
           Step           Time
         254000      508.00000

   Energies (kJ/mol)
           Bond          Angle    Proper Dih. Per. Imp. Dih.          LJ-14
    1.16279e+02    3.00682e+02    3.96834e+02    2.47276e+01    1.96950e+02
     Coulomb-14        LJ (SR)  Disper. corr.   Coulomb (SR)   Coul. recip.
    2.34551e+03    2.32488e+04   -1.36965e+03   -1.86941e+05    1.34990e+03
      Potential    Kinetic En.   Total Energy  Conserved En.    Temperature
   -1.60331e+05    3.41285e+04   -1.26203e+05   -1.25894e+05    3.37143e+02
 Pres. DC (bar) Pressure (bar)   Constr. rmsd
   -1.77301e+02    1.45163e+02    1.39735e-06


DD  step 254999  vol min/aver 0.817  load imb.: force  2.7%
           Step           Time
         255000      510.00000

   Energies (kJ/mol)
           Bond          Angle    Proper Dih. Per. Imp. Dih.          LJ-14
    1.54033e+02    3.10181e+02    3.74303e+02    2.37469e+01    1.79745e+02
     Coulomb-14        LJ (SR)  Disper. corr.   Coulomb (SR)   Coul. recip.
    2.33176e+03    2.32474e+04   -1.37483e+03   -1.86547e+05    1.38126e+03
      Potential    Kinetic En.   Total Energy  Conserved En.    Temperature
   -1.59919e+05    3.45137e+04   -1.25405e+05   -1.25806e+05    3.40949e+02
 Pres. DC (bar) Pressure (bar)   Constr. rmsd
   -1.78643e+02    2.02358e+02    1.75526e-06


DD  step 255999  vol min/aver 0.821  load imb.: force  1.5%
           Step           Time
         256000      512.00000

   Energies (kJ/mol)
           Bond          Angle    Proper Dih. Per. Imp. Dih.          LJ-14
    1.51837e+02    3.12745e+02    3.89584e+02    1.81030e+01    1.55532e+02
     Coulomb-14        LJ (SR)  Disper. corr.   Coulomb (SR)   Coul. recip.
    2.36306e+03    2.32368e+04   -1.37714e+03   -1.86700e+05    1.34453e+03
      Potential    Kinetic En.   Total Energy  Conserved En.    Temperature
   -1.60105e+05    3.40419e+04   -1.26063e+05   -1.25726e+05    3.36287e+02
 Pres. DC (bar) Pressure (bar)   Constr. rmsd
   -1.79243e+02   -2.61306e+01    2.07634e-06


DD  step 256999  vol min/aver 0.859  load imb.: force  2.1%
           Step           Time
         257000      514.00000

   Energies (kJ/mol)
           Bond          Angle    Proper Dih. Per. Imp. Dih.          LJ-14
    1.56243e+02    2.98833e+02    3.94605e+02    2.12122e+01    2.00107e+02
     Coulomb-14        LJ (SR)  Disper. corr.   Coulomb (SR)   Coul. recip.
    2.35064e+03    2.34058e+04   -1.37841e+03   -1.87346e+05    1.36759e+03
      Potential    Kinetic En.   Total Energy  Conserved En.    Temperature
   -1.60530e+05    3.44361e+04   -1.26094e+05   -1.25740e+05    3.40181e+02
 Pres. DC (bar) Pressure (bar)   Constr. rmsd
   -1.79572e+02    2.36699e+02    2.27645e-06


DD  step 257999  vol min/aver 0.893  load imb.: force  2.4%
           Step           Time
         258000      516.00000

   Energies (kJ/mol)
           Bond          Angle    Proper Dih. Per. Imp. Dih.          LJ-14
    1.62487e+02    3.41031e+02    3.45259e+02    2.28342e+01    1.75605e+02
     Coulomb-14        LJ (SR)  Disper. corr.   Coulomb (SR)   Coul. recip.
    2.29023e+03    2.32197e+04   -1.37657e+03   -1.86615e+05    1.31979e+03
      Potential    Kinetic En.   Total Energy  Conserved En.    Temperature
   -1.60114e+05    3.43448e+04   -1.25769e+05   -1.25747e+05    3.39280e+02
 Pres. DC (bar) Pressure (bar)   Constr. rmsd
   -1.79095e+02    1.02110e+02    1.97104e-06


DD  step 258999  vol min/aver 0.830  load imb.: force  2.2%
           Step           Time
         259000      518.00000

   Energies (kJ/mol)
           Bond          Angle    Proper Dih. Per. Imp. Dih.          LJ-14
    1.79993e+02    2.73175e+02    3.42757e+02    1.42366e+01    1.85393e+02
     Coulomb-14        LJ (SR)  Disper. corr.   Coulomb (SR)   Coul. recip.
    2.35884e+03    2.19591e+04   -1.37802e+03   -1.85234e+05    1.39580e+03
      Potential    Kinetic En.   Total Energy  Conserved En.    Temperature
   -1.59903e+05    3.44690e+04   -1.25434e+05   -1.25743e+05    3.40506e+02
 Pres. DC (bar) Pressure (bar)   Constr. rmsd
   -1.79472e+02   -3.43170e+02    2.10868e-06


DD  step 259999  vol min/aver 0.855  load imb.: force  1.6%
           Step           Time
         260000      520.00000

   Energies (kJ/mol)
           Bond          Angle    Proper Dih. Per. Imp. Dih.          LJ-14
    1.13472e+02    3.75548e+02    3.86217e+02    3.33400e+01    1.83228e+02
     Coulomb-14        LJ (SR)  Disper. corr.   Coulomb (SR)   Coul. recip.
    2.33936e+03    2.27566e+04   -1.38222e+03   -1.86285e+05    1.35407e+03
      Potential    Kinetic En.   Total Energy  Conserved En.    Temperature
   -1.60125e+05    3.46469e+04   -1.25478e+05   -1.25632e+05    3.42264e+02
 Pres. DC (bar) Pressure (bar)   Constr. rmsd
   -1.80565e+02   -4.73992e+00    1.90907e-06


DD  step 260999  vol min/aver 0.828  load imb.: force  1.8%
           Step           Time
         261000      522.00000

   Energies (kJ/mol)
           Bond          Angle    Proper Dih. Per. Imp. Dih.          LJ-14
    1.72202e+02    3.20270e+02    3.84623e+02    1.58433e+01    1.64549e+02
     Coulomb-14        LJ (SR)  Disper. corr.   Coulomb (SR)   Coul. recip.
    2.29054e+03    2.29533e+04   -1.37647e+03   -1.86527e+05    1.36669e+03
      Potential    Kinetic En.   Total Energy  Conserved En.    Temperature
   -1.60236e+05    3.39919e+04   -1.26244e+05   -1.25735e+05    3.35794e+02
 Pres. DC (bar) Pressure (bar)   Constr. rmsd
   -1.79069e+02   -9.44750e+00    3.63574e-06


DD  step 261999  vol min/aver 0.879  load imb.: force  7.7%

step 262000 Turning off dynamic load balancing, because it is degrading performance.
Atom distribution over 4 domains: av 3029 stddev 56 min 3020 max 3041
           Step           Time
         262000      524.00000

   Energies (kJ/mol)
           Bond          Angle    Proper Dih. Per. Imp. Dih.          LJ-14
    1.27303e+02    3.10148e+02    3.93859e+02    2.39068e+01    1.79870e+02
     Coulomb-14        LJ (SR)  Disper. corr.   Coulomb (SR)   Coul. recip.
    2.35309e+03    2.27869e+04   -1.37143e+03   -1.86575e+05    1.31755e+03
      Potential    Kinetic En.   Total Energy  Conserved En.    Temperature
   -1.60454e+05    3.41552e+04   -1.26299e+05   -1.25814e+05    3.37406e+02
 Pres. DC (bar) Pressure (bar)   Constr. rmsd
   -1.77761e+02   -8.58490e+01    3.41251e-06


DD  step 262999 load imb.: force 15.6%
           Step           Time
         263000      526.00000

   Energies (kJ/mol)
           Bond          Angle    Proper Dih. Per. Imp. Dih.          LJ-14
    1.54947e+02    3.04520e+02    3.54000e+02    1.05970e+01    1.69619e+02
     Coulomb-14        LJ (SR)  Disper. corr.   Coulomb (SR)   Coul. recip.
    2.32374e+03    2.31808e+04   -1.37719e+03   -1.87314e+05    1.31079e+03
      Potential    Kinetic En.   Total Energy  Conserved En.    Temperature
   -1.60882e+05    3.46889e+04   -1.26193e+05   -1.25655e+05    3.42679e+02
 Pres. DC (bar) Pressure (bar)   Constr. rmsd
   -1.79255e+02   -2.87515e+00    2.62507e-06


DD  step 263999 load imb.: force 16.8%
           Step           Time
         264000      528.00000

   Energies (kJ/mol)
           Bond          Angle    Proper Dih. Per. Imp. Dih.          LJ-14
    1.49068e+02    4.13176e+02    4.18257e+02    1.85736e+01    1.76060e+02
     Coulomb-14        LJ (SR)  Disper. corr.   Coulomb (SR)   Coul. recip.
    2.30754e+03    2.31471e+04   -1.37769e+03   -1.86217e+05    1.35750e+03
      Potential    Kinetic En.   Total Energy  Conserved En.    Temperature
   -1.59607e+05    3.46233e+04   -1.24984e+05   -1.25731e+05    3.42030e+02
 Pres. DC (bar) Pressure (bar)   Constr. rmsd
   -1.79386e+02    2.99225e+02    2.58936e-06


DD  step 264999 load imb.: force 15.3%
           Step           Time
         265000      530.00000

   Energies (kJ/mol)
           Bond          Angle    Proper Dih. Per. Imp. Dih.          LJ-14
    1.68986e+02    2.90616e+02    3.79701e+02    1.59984e+01    1.79106e+02
     Coulomb-14        LJ (SR)  Disper. corr.   Coulomb (SR)   Coul. recip.
    2.27232e+03    2.38449e+04   -1.37685e+03   -1.87176e+05    1.40455e+03
      Potential    Kinetic En.   Total Energy  Conserved En.    Temperature
   -1.59997e+05    3.42607e+04   -1.25736e+05   -1.25713e+05    3.38449e+02
 Pres. DC (bar) Pressure (bar)   Constr. rmsd
   -1.79167e+02    3.23421e+02    2.80584e-06


DD  step 265999 load imb.: force 16.0%
           Step           Time
         266000      532.00000

   Energies (kJ/mol)
           Bond          Angle    Proper Dih. Per. Imp. Dih.          LJ-14
    1.55206e+02    3.70427e+02    3.56848e+02    2.67695e+01    1.80469e+02
     Coulomb-14        LJ (SR)  Disper. corr.   Coulomb (SR)   Coul. recip.
    2.28894e+03    2.25666e+04   -1.37795e+03   -1.85920e+05    1.33791e+03
      Potential    Kinetic En.   Total Energy  Conserved En.    Temperature
   -1.60014e+05    3.48731e+04   -1.25141e+05   -1.25713e+05    3.44499e+02
 Pres. DC (bar) Pressure (bar)   Constr. rmsd
   -1.79454e+02   -1.90441e+02    3.21712e-06


DD  step 266999 load imb.: force 17.5%
           Step           Time
         267000      534.00000

   Energies (kJ/mol)
           Bond          Angle    Proper Dih. Per. Imp. Dih.          LJ-14
    1.64879e+02    3.23267e+02    3.92022e+02    2.30644e+01    1.76324e+02
     Coulomb-14        LJ (SR)  Disper. corr.   Coulomb (SR)   Coul. recip.
    2.34500e+03    2.17707e+04   -1.37741e+03   -1.85094e+05    1.38571e+03
      Potential    Kinetic En.   Total Energy  Conserved En.    Temperature
   -1.59891e+05    3.47072e+04   -1.25184e+05   -1.25621e+05    3.42859e+02
 Pres. DC (bar) Pressure (bar)   Constr. rmsd
   -1.79312e+02   -4.04007e+02    1.40779e-06


DD  step 267999 load imb.: force 13.4%
           Step           Time
         268000      536.00000

   Energies (kJ/mol)
           Bond          Angle    Proper Dih. Per. Imp. Dih.          LJ-14
    1.71105e+02    3.71925e+02    3.75312e+02    1.70250e+01    1.69242e+02
     Coulomb-14        LJ (SR)  Disper. corr.   Coulomb (SR)   Coul. recip.
    2.36250e+03    2.22519e+04   -1.36275e+03   -1.85042e+05    1.44306e+03
      Potential    Kinetic En.   Total Energy  Conserved En.    Temperature
   -1.59243e+05    3.45810e+04   -1.24662e+05   -1.25909e+05    3.41613e+02
 Pres. DC (bar) Pressure (bar)   Constr. rmsd
   -1.75521e+02   -2.09289e+02    4.55407e-06


DD  step 268999 load imb.: force 15.0%
           Step           Time
         269000      538.00000

   Energies (kJ/mol)
           Bond          Angle    Proper Dih. Per. Imp. Dih.          LJ-14
    1.72233e+02    3.29555e+02    4.01654e+02    2.10593e+01    1.75981e+02
     Coulomb-14        LJ (SR)  Disper. corr.   Coulomb (SR)   Coul. recip.
    2.26247e+03    2.20354e+04   -1.35662e+03   -1.85122e+05    1.33581e+03
      Potential    Kinetic En.   Total Energy  Conserved En.    Temperature
   -1.59745e+05    3.40649e+04   -1.25680e+05   -1.25999e+05    3.36514e+02
 Pres. DC (bar) Pressure (bar)   Constr. rmsd
   -1.73948e+02   -5.62288e+02    1.98977e-06


DD  step 269999 load imb.: force 18.2%
           Step           Time
         270000      540.00000

   Energies (kJ/mol)
           Bond          Angle    Proper Dih. Per. Imp. Dih.          LJ-14
    1.46325e+02    3.48501e+02    3.75780e+02    1.40439e+01    1.64428e+02
     Coulomb-14        LJ (SR)  Disper. corr.   Coulomb (SR)   Coul. recip.
    2.30267e+03    2.28799e+04   -1.36212e+03   -1.85602e+05    1.39520e+03
      Potential    Kinetic En.   Total Energy  Conserved En.    Temperature
   -1.59337e+05    3.44363e+04   -1.24901e+05   -1.25885e+05    3.40184e+02
 Pres. DC (bar) Pressure (bar)   Constr. rmsd
   -1.75360e+02   -6.59719e+01    2.76651e-06


DD  step 270999 load imb.: force 16.3%
           Step           Time
         271000      542.00000

   Energies (kJ/mol)
           Bond          Angle    Proper Dih. Per. Imp. Dih.          LJ-14
    1.27706e+02    3.35240e+02    3.72116e+02    1.30018e+01    1.77069e+02
     Coulomb-14        LJ (SR)  Disper. corr.   Coulomb (SR)   Coul. recip.
    2.34460e+03    2.33704e+04   -1.36436e+03   -1.87083e+05    1.31626e+03
      Potential    Kinetic En.   Total Energy  Conserved En.    Temperature
   -1.60391e+05    3.44592e+04   -1.25932e+05   -1.25804e+05    3.40409e+02
 Pres. DC (bar) Pressure (bar)   Constr. rmsd
   -1.75934e+02   -4.78163e+00    3.21865e-06


DD  step 271999 load imb.: force 16.5%
           Step           Time
         272000      544.00000

   Energies (kJ/mol)
           Bond          Angle    Proper Dih. Per. Imp. Dih.          LJ-14
    1.46088e+02    3.28659e+02    4.02404e+02    1.85153e+01    1.71478e+02
     Coulomb-14        LJ (SR)  Disper. corr.   Coulomb (SR)   Coul. recip.
    2.35080e+03    2.33252e+04   -1.37103e+03   -1.86979e+05    1.33503e+03
      Potential    Kinetic En.   Total Energy  Conserved En.    Temperature
   -1.60272e+05    3.42907e+04   -1.25981e+05   -1.25746e+05    3.38746e+02
 Pres. DC (bar) Pressure (bar)   Constr. rmsd
   -1.77658e+02    1.49337e+02    1.41849e-06


DD  step 272999 load imb.: force 19.4%
           Step           Time
         273000      546.00000

   Energies (kJ/mol)
           Bond          Angle    Proper Dih. Per. Imp. Dih.          LJ-14
    1.62030e+02    3.28824e+02    3.73003e+02    2.19694e+01    1.65371e+02
     Coulomb-14        LJ (SR)  Disper. corr.   Coulomb (SR)   Coul. recip.
    2.32617e+03    2.27995e+04   -1.37515e+03   -1.87061e+05    1.33686e+03
      Potential    Kinetic En.   Total Energy  Conserved En.    Temperature
   -1.60922e+05    3.48114e+04   -1.26111e+05   -1.25681e+05    3.43889e+02
 Pres. DC (bar) Pressure (bar)   Constr. rmsd
   -1.78726e+02   -1.66938e+02    1.89032e-06


DD  step 273999 load imb.: force 17.0%
           Step           Time
         274000      548.00000

   Energies (kJ/mol)
           Bond          Angle    Proper Dih. Per. Imp. Dih.          LJ-14
    1.83293e+02    2.71822e+02    3.74523e+02    1.26130e+01    1.71353e+02
     Coulomb-14        LJ (SR)  Disper. corr.   Coulomb (SR)   Coul. recip.
    2.28362e+03    2.29899e+04   -1.37317e+03   -1.87273e+05    1.35037e+03
      Potential    Kinetic En.   Total Energy  Conserved En.    Temperature
   -1.61009e+05    3.46883e+04   -1.26321e+05   -1.25630e+05    3.42673e+02
 Pres. DC (bar) Pressure (bar)   Constr. rmsd
   -1.78211e+02   -1.40278e+02    2.52279e-06


DD  step 274999 load imb.: force  4.0%
           Step           Time
         275000      550.00000

   Energies (kJ/mol)
           Bond          Angle    Proper Dih. Per. Imp. Dih.          LJ-14
    1.61965e+02    3.11785e+02    3.35013e+02    2.39760e+01    1.81692e+02
     Coulomb-14        LJ (SR)  Disper. corr.   Coulomb (SR)   Coul. recip.
    2.28594e+03    2.29990e+04   -1.36577e+03   -1.87199e+05    1.36659e+03
      Potential    Kinetic En.   Total Energy  Conserved En.    Temperature
   -1.60899e+05    3.44127e+04   -1.26486e+05   -1.25754e+05    3.39951e+02
 Pres. DC (bar) Pressure (bar)   Constr. rmsd
   -1.76299e+02   -1.67268e+02    1.55124e-06


DD  step 275999 load imb.: force 18.5%
           Step           Time
         276000      552.00000

   Energies (kJ/mol)
           Bond          Angle    Proper Dih. Per. Imp. Dih.          LJ-14
    1.19408e+02    3.10087e+02    3.66862e+02    2.53874e+01    1.87621e+02
     Coulomb-14        LJ (SR)  Disper. corr.   Coulomb (SR)   Coul. recip.
    2.33153e+03    2.34866e+04   -1.36575e+03   -1.87437e+05    1.31881e+03
      Potential    Kinetic En.   Total Energy  Conserved En.    Temperature
   -1.60657e+05    3.42457e+04   -1.26411e+05   -1.25752e+05    3.38301e+02
 Pres. DC (bar) Pressure (bar)   Constr. rmsd
   -1.76294e+02    1.57615e+02    2.66942e-06


DD  step 276999 load imb.: force 15.0%
           Step           Time
         277000      554.00000

   Energies (kJ/mol)
           Bond          Angle    Proper Dih. Per. Imp. Dih.          LJ-14
    1.43289e+02    3.41818e+02    3.75741e+02    2.02781e+01    1.62714e+02
     Coulomb-14        LJ (SR)  Disper. corr.   Coulomb (SR)   Coul. recip.
    2.29645e+03    2.31245e+04   -1.36854e+03   -1.86676e+05    1.41847e+03
      Potential    Kinetic En.   Total Energy  Conserved En.    Temperature
   -1.60161e+05    3.43072e+04   -1.25854e+05   -1.25744e+05    3.38909e+02
 Pres. DC (bar) Pressure (bar)   Constr. rmsd
   -1.77013e+02   -4.24499e+01    2.94343e-06


DD  step 277999 load imb.: force 17.8%
           Step           Time
         278000      556.00000

   Energies (kJ/mol)
           Bond          Angle    Proper Dih. Per. Imp. Dih.          LJ-14
    1.50234e+02    3.32396e+02    3.41653e+02    1.66190e+01    1.75222e+02
     Coulomb-14        LJ (SR)  Disper. corr.   Coulomb (SR)   Coul. recip.
    2.24591e+03    2.28433e+04   -1.37117e+03   -1.86396e+05    1.38030e+03
      Potential    Kinetic En.   Total Energy  Conserved En.    Temperature
   -1.60281e+05    3.47326e+04   -1.25549e+05   -1.25638e+05    3.43111e+02
 Pres. DC (bar) Pressure (bar)   Constr. rmsd
   -1.77693e+02   -3.11752e+01    2.09793e-06


DD  step 278999 load imb.: force 15.2%
           Step           Time
         279000      558.00000

   Energies (kJ/mol)
           Bond          Angle    Proper Dih. Per. Imp. Dih.          LJ-14
    1.38192e+02    3.29514e+02    3.61725e+02    2.39330e+01    1.70834e+02
     Coulomb-14        LJ (SR)  Disper. corr.   Coulomb (SR)   Coul. recip.
    2.25986e+03    2.22887e+04   -1.37877e+03   -1.85972e+05    1.39891e+03
      Potential    Kinetic En.   Total Energy  Conserved En.    Temperature
   -1.60379e+05    3.49180e+04   -1.25461e+05   -1.25505e+05    3.44942e+02
 Pres. DC (bar) Pressure (bar)   Constr. rmsd
   -1.79665e+02   -2.54014e+02    1.65655e-06


DD  step 279999 load imb.: force 17.2%
           Step           Time
         280000      560.00000

   Energies (kJ/mol)
           Bond          Angle    Proper Dih. Per. Imp. Dih.          LJ-14
    1.61675e+02    3.11870e+02    3.48691e+02    2.07136e+01    1.77371e+02
     Coulomb-14        LJ (SR)  Disper. corr.   Coulomb (SR)   Coul. recip.
    2.26311e+03    2.28913e+04   -1.38418e+03   -1.86147e+05    1.32203e+03
      Potential    Kinetic En.   Total Energy  Conserved En.    Temperature
   -1.60035e+05    3.47046e+04   -1.25330e+05   -1.25421e+05    3.42834e+02
 Pres. DC (bar) Pressure (bar)   Constr. rmsd
   -1.81079e+02    5.23866e+00    3.22231e-06


DD  step 280999 load imb.: force 17.9%
           Step           Time
         281000      562.00000

   Energies (kJ/mol)
           Bond          Angle    Proper Dih. Per. Imp. Dih.          LJ-14
    1.60511e+02    3.37464e+02    3.71764e+02    1.44198e+01    1.77258e+02
     Coulomb-14        LJ (SR)  Disper. corr.   Coulomb (SR)   Coul. recip.
    2.30464e+03    2.26163e+04   -1.38127e+03   -1.86830e+05    1.34773e+03
      Potential    Kinetic En.   Total Energy  Conserved En.    Temperature
   -1.60881e+05    3.48519e+04   -1.26029e+05   -1.25444e+05    3.44289e+02
 Pres. DC (bar) Pressure (bar)   Constr. rmsd
   -1.80317e+02   -1.08077e+02    3.32157e-06


DD  step 281999 load imb.: force 15.3%
           Step           Time
         282000      564.00000

   Energies (kJ/mol)
           Bond          Angle    Proper Dih. Per. Imp. Dih.          LJ-14
    1.65331e+02    3.31093e+02    3.56562e+02    1.26616e+01    1.70608e+02
     Coulomb-14        LJ (SR)  Disper. corr.   Coulomb (SR)   Coul. recip.
    2.34310e+03    2.33164e+04   -1.38074e+03   -1.87505e+05    1.36157e+03
      Potential    Kinetic En.   Total Energy  Conserved En.    Temperature
   -1.60828e+05    3.44337e+04   -1.26394e+05   -1.25445e+05    3.40158e+02
 Pres. DC (bar) Pressure (bar)   Constr. rmsd
   -1.80179e+02    1.10884e+02    3.48948e-06


DD  step 282999 load imb.: force 17.2%
           Step           Time
         283000      566.00000

   Energies (kJ/mol)
           Bond          Angle    Proper Dih. Per. Imp. Dih.          LJ-14
    1.43064e+02    2.65646e+02    4.08227e+02    2.04353e+01    1.77220e+02
     Coulomb-14        LJ (SR)  Disper. corr.   Coulomb (SR)   Coul. recip.
    2.34456e+03    2.32096e+04   -1.38320e+03   -1.88051e+05    1.31511e+03
      Potential    Kinetic En.   Total Energy  Conserved En.    Temperature
   -1.61551e+05    3.41916e+04   -1.27359e+05   -1.25451e+05    3.37767e+02
 Pres. DC (bar) Pressure (bar)   Constr. rmsd
   -1.80821e+02    2.91409e+01    1.46176e-06


DD  step 283999 load imb.: force 16.9%
           Step           Time
         284000      568.00000

   Energies (kJ/mol)
           Bond          Angle    Proper Dih. Per. Imp. Dih.          LJ-14
    1.57899e+02    3.54902e+02    3.94352e+02    2.23111e+01    1.74888e+02
     Coulomb-14        LJ (SR)  Disper. corr.   Coulomb (SR)   Coul. recip.
    2.27901e+03    2.26785e+04   -1.37270e+03   -1.86570e+05    1.33802e+03
      Potential    Kinetic En.   Total Energy  Conserved En.    Temperature
   -1.60543e+05    3.39830e+04   -1.26560e+05   -1.25592e+05    3.35706e+02
 Pres. DC (bar) Pressure (bar)   Constr. rmsd
   -1.78091e+02   -2.60282e+02    1.99055e-06


DD  step 284999 load imb.: force 10.1%

step 285000 Turning on dynamic load balancing, because the performance loss due to load imbalance is 2.0 %.
           Step           Time
         285000      570.00000

   Energies (kJ/mol)
           Bond          Angle    Proper Dih. Per. Imp. Dih.          LJ-14
    1.14140e+02    3.47345e+02    3.77499e+02    2.60164e+01    1.88752e+02
     Coulomb-14        LJ (SR)  Disper. corr.   Coulomb (SR)   Coul. recip.
    2.27172e+03    2.36669e+04   -1.38291e+03   -1.88005e+05    1.28572e+03
      Potential    Kinetic En.   Total Energy  Conserved En.    Temperature
   -1.61110e+05    3.45781e+04   -1.26532e+05   -1.25377e+05    3.41584e+02
 Pres. DC (bar) Pressure (bar)   Constr. rmsd
   -1.80745e+02    2.89684e+02    2.96280e-06


DD  step 285999  vol min/aver 0.783  load imb.: force  2.7%
           Step           Time
         286000      572.00000

   Energies (kJ/mol)
           Bond          Angle    Proper Dih. Per. Imp. Dih.          LJ-14
    1.67511e+02    2.87503e+02    3.99258e+02    3.24031e+01    1.60008e+02
     Coulomb-14        LJ (SR)  Disper. corr.   Coulomb (SR)   Coul. recip.
    2.24218e+03    2.27524e+04   -1.38086e+03   -1.86316e+05    1.34067e+03
      Potential    Kinetic En.   Total Energy  Conserved En.    Temperature
   -1.60315e+05    3.42691e+04   -1.26046e+05   -1.25405e+05    3.38532e+02
 Pres. DC (bar) Pressure (bar)   Constr. rmsd
   -1.80210e+02   -1.28219e+02    1.90211e-06


DD  step 286999  vol min/aver 0.779  load imb.: force  0.8%
           Step           Time
         287000      574.00000

   Energies (kJ/mol)
           Bond          Angle    Proper Dih. Per. Imp. Dih.          LJ-14
    1.44606e+02    3.78174e+02    3.81604e+02    3.10595e+01    1.75429e+02
     Coulomb-14        LJ (SR)  Disper. corr.   Coulomb (SR)   Coul. recip.
    2.30456e+03    2.35761e+04   -1.37940e+03   -1.87177e+05    1.33689e+03
      Potential    Kinetic En.   Total Energy  Conserved En.    Temperature
   -1.60228e+05    3.42455e+04   -1.25982e+05   -1.25432e+05    3.38299e+02
 Pres. DC (bar) Pressure (bar)   Constr. rmsd
   -1.79830e+02    2.60330e+02    2.74711e-06


DD  step 287999  vol min/aver 0.766  load imb.: force  0.9%
           Step           Time
         288000      576.00000

   Energies (kJ/mol)
           Bond          Angle    Proper Dih. Per. Imp. Dih.          LJ-14
    1.53322e+02    3.70851e+02    4.03304e+02    3.48629e+01    1.70913e+02
     Coulomb-14        LJ (SR)  Disper. corr.   Coulomb (SR)   Coul. recip.
    2.28820e+03    2.28121e+04   -1.37179e+03   -1.86479e+05    1.39419e+03
      Potential    Kinetic En.   Total Energy  Conserved En.    Temperature
   -1.60223e+05    3.45468e+04   -1.25676e+05   -1.25582e+05    3.41276e+02
 Pres. DC (bar) Pressure (bar)   Constr. rmsd
   -1.77853e+02   -1.15055e+02    2.88830e-06


DD  step 288999  vol min/aver 0.821  load imb.: force  3.2%
           Step           Time
         289000      578.00000

   Energies (kJ/mol)
           Bond          Angle    Proper Dih. Per. Imp. Dih.          LJ-14
    1.61936e+02    3.22110e+02    3.17606e+02    3.43096e+01    1.74079e+02
     Coulomb-14        LJ (SR)  Disper. corr.   Coulomb (SR)   Coul. recip.
    2.31564e+03    2.25403e+04   -1.37564e+03   -1.86123e+05    1.30107e+03
      Potential    Kinetic En.   Total Energy  Conserved En.    Temperature
   -1.60332e+05    3.44669e+04   -1.25865e+05   -1.25463e+05    3.40486e+02
 Pres. DC (bar) Pressure (bar)   Constr. rmsd
   -1.78854e+02   -1.93138e+02    2.05225e-06


DD  step 289999  vol min/aver 0.782  load imb.: force  0.6%
           Step           Time
         290000      580.00000

   Energies (kJ/mol)
           Bond          Angle    Proper Dih. Per. Imp. Dih.          LJ-14
    1.54405e+02    3.13350e+02    4.00406e+02    2.27562e+01    1.66786e+02
     Coulomb-14        LJ (SR)  Disper. corr.   Coulomb (SR)   Coul. recip.
    2.33761e+03    2.30230e+04   -1.37575e+03   -1.86841e+05    1.41995e+03
      Potential    Kinetic En.   Total Energy  Conserved En.    Temperature
   -1.60378e+05    3.44261e+04   -1.25952e+05   -1.25495e+05    3.40082e+02
 Pres. DC (bar) Pressure (bar)   Constr. rmsd
   -1.78882e+02    5.52256e+01    2.67773e-06


DD  step 290999  vol min/aver 0.792  load imb.: force  0.6%
           Step           Time
         291000      582.00000

   Energies (kJ/mol)
           Bond          Angle    Proper Dih. Per. Imp. Dih.          LJ-14
    1.61845e+02    3.94017e+02    3.95298e+02    2.44282e+01    1.94075e+02
     Coulomb-14        LJ (SR)  Disper. corr.   Coulomb (SR)   Coul. recip.
    2.30793e+03    2.35607e+04   -1.38065e+03   -1.86313e+05    1.37302e+03
      Potential    Kinetic En.   Total Energy  Conserved En.    Temperature
   -1.59283e+05    3.44909e+04   -1.24792e+05   -1.25370e+05    3.40723e+02
 Pres. DC (bar) Pressure (bar)   Constr. rmsd
   -1.80155e+02    5.91180e+02    1.74480e-06


DD  step 291999  vol min/aver 0.811  load imb.: force  1.5%
           Step           Time
         292000      584.00000

   Energies (kJ/mol)
           Bond          Angle    Proper Dih. Per. Imp. Dih.          LJ-14
    1.64080e+02    3.18688e+02    3.61194e+02    2.27382e+01    1.67263e+02
     Coulomb-14        LJ (SR)  Disper. corr.   Coulomb (SR)   Coul. recip.
    2.30516e+03    2.28847e+04   -1.38086e+03   -1.86278e+05    1.30084e+03
      Potential    Kinetic En.   Total Energy  Conserved En.    Temperature
   -1.60134e+05    3.51578e+04   -1.24976e+05   -1.25363e+05    3.47311e+02
 Pres. DC (bar) Pressure (bar)   Constr. rmsd
   -1.80211e+02    1.74645e+02    2.41538e-06


DD  step 292999  vol min/aver 0.805  load imb.: force  1.9%
           Step           Time
         293000      586.00000

   Energies (kJ/mol)
           Bond          Angle    Proper Dih. Per. Imp. Dih.          LJ-14
    1.52902e+02    3.46712e+02    3.38668e+02    2.02723e+01    1.71571e+02
     Coulomb-14        LJ (SR)  Disper. corr.   Coulomb (SR)   Coul. recip.
    2.33756e+03    2.33678e+04   -1.37367e+03   -1.86932e+05    1.30844e+03
      Potential    Kinetic En.   Total Energy  Conserved En.    Temperature
   -1.60262e+05    3.48978e+04   -1.25364e+05   -1.25471e+05    3.44742e+02
 Pres. DC (bar) Pressure (bar)   Constr. rmsd
   -1.78341e+02    1.89646e+02    3.04542e-06


DD  step 293999  vol min/aver 0.790  load imb.: force  0.2%
           Step           Time
         294000      588.00000

   Energies (kJ/mol)
           Bond          Angle    Proper Dih. Per. Imp. Dih.          LJ-14
    1.31653e+02    3.57402e+02    3.68908e+02    2.06696e+01    1.54591e+02
     Coulomb-14        LJ (SR)  Disper. corr.   Coulomb (SR)   Coul. recip.
    2.31551e+03    2.22665e+04   -1.37746e+03   -1.85842e+05    1.35074e+03
      Potential    Kinetic En.   Total Energy  Conserved En.    Temperature
   -1.60254e+05    3.44573e+04   -1.25796e+05   -1.25354e+05    3.40391e+02
 Pres. DC (bar) Pressure (bar)   Constr. rmsd
   -1.79326e+02   -3.14973e+02    2.86751e-06


DD  step 294999  vol min/aver 0.798  load imb.: force  0.4%
           Step           Time
         295000      590.00000

   Energies (kJ/mol)
           Bond          Angle    Proper Dih. Per. Imp. Dih.          LJ-14
    9.83790e+01    3.11948e+02    3.86904e+02    2.27333e+01    1.84149e+02
     Coulomb-14        LJ (SR)  Disper. corr.   Coulomb (SR)   Coul. recip.
    2.35138e+03    2.27471e+04   -1.37741e+03   -1.86252e+05    1.35624e+03
      Potential    Kinetic En.   Total Energy  Conserved En.    Temperature
   -1.60170e+05    3.46653e+04   -1.25505e+05   -1.25416e+05    3.42446e+02
 Pres. DC (bar) Pressure (bar)   Constr. rmsd
   -1.79312e+02    4.56709e+01    3.57817e-06


DD  step 295999  vol min/aver 0.833  load imb.: force  1.0%
           Step           Time
         296000      592.00000

   Energies (kJ/mol)
           Bond          Angle    Proper Dih. Per. Imp. Dih.          LJ-14
    1.43932e+02    3.22724e+02    3.59123e+02    2.89164e+01    1.87790e+02
     Coulomb-14        LJ (SR)  Disper. corr.   Coulomb (SR)   Coul. recip.
    2.30707e+03    2.24773e+04   -1.37814e+03   -1.86089e+05    1.31666e+03
      Potential    Kinetic En.   Total Energy  Conserved En.    Temperature
   -1.60324e+05    3.45037e+04   -1.25820e+05   -1.25317e+05    3.40849e+02
 Pres. DC (bar) Pressure (bar)   Constr. rmsd
   -1.79502e+02   -1.25436e+02    2.72149e-06


DD  step 296999  vol min/aver 0.835  load imb.: force  2.4%
           Step           Time
         297000      594.00000

   Energies (kJ/mol)
           Bond          Angle    Proper Dih. Per. Imp. Dih.          LJ-14
    1.77068e+02    3.40955e+02    3.56543e+02    1.92825e+01    1.65507e+02
     Coulomb-14        LJ (SR)  Disper. corr.   Coulomb (SR)   Coul. recip.
    2.30777e+03    2.21637e+04   -1.37290e+03   -1.85589e+05    1.36578e+03
      Potential    Kinetic En.   Total Energy  Conserved En.    Temperature
   -1.60065e+05    3.45309e+04   -1.25534e+05   -1.25428e+05    3.41118e+02
 Pres. DC (bar) Pressure (bar)   Constr. rmsd
   -1.78141e+02   -3.96240e+02    3.13843e-06


DD  step 297999  vol min/aver 0.855  load imb.: force  3.4%
           Step           Time
         298000      596.00000

   Energies (kJ/mol)
           Bond          Angle    Proper Dih. Per. Imp. Dih.          LJ-14
    1.69236e+02    2.91541e+02    4.36210e+02    2.71813e+01    1.87436e+02
     Coulomb-14        LJ (SR)  Disper. corr.   Coulomb (SR)   Coul. recip.
    2.36973e+03    2.30653e+04   -1.36920e+03   -1.86644e+05    1.37673e+03
      Potential    Kinetic En.   Total Energy  Conserved En.    Temperature
   -1.60090e+05    3.47002e+04   -1.25390e+05   -1.25492e+05    3.42791e+02
 Pres. DC (bar) Pressure (bar)   Constr. rmsd
   -1.77184e+02    7.04214e+01    2.76259e-06


DD  step 298999  vol min/aver 0.802  load imb.: force  1.4%
           Step           Time
         299000      598.00000

   Energies (kJ/mol)
           Bond          Angle    Proper Dih. Per. Imp. Dih.          LJ-14
    1.77461e+02    2.88104e+02    3.88734e+02    1.69566e+01    1.91218e+02
     Coulomb-14        LJ (SR)  Disper. corr.   Coulomb (SR)   Coul. recip.
    2.31858e+03    2.33476e+04   -1.37070e+03   -1.86989e+05    1.42656e+03
      Potential    Kinetic En.   Total Energy  Conserved En.    Temperature
   -1.60204e+05    3.45445e+04   -1.25660e+05   -1.25463e+05    3.41253e+02
 Pres. DC (bar) Pressure (bar)   Constr. rmsd
   -1.77572e+02    2.37593e+02    4.02560e-06


DD  step 299999  vol min/aver 0.794  load imb.: force  0.5%
           Step           Time
         300000      600.00000

   Energies (kJ/mol)
           Bond          Angle    Proper Dih. Per. Imp. Dih.          LJ-14
    1.88225e+02    3.36853e+02    3.56566e+02    3.77513e+01    1.84293e+02
     Coulomb-14        LJ (SR)  Disper. corr.   Coulomb (SR)   Coul. recip.
    2.30981e+03    2.36137e+04   -1.37048e+03   -1.87330e+05    1.36073e+03
      Potential    Kinetic En.   Total Energy  Conserved En.    Temperature
   -1.60312e+05    3.44172e+04   -1.25895e+05   -1.25480e+05    3.39995e+02
 Pres. DC (bar) Pressure (bar)   Constr. rmsd
   -1.77516e+02    1.96165e+02    2.53264e-06


DD  step 300999  vol min/aver 0.800  load imb.: force  1.1%
           Step           Time
         301000      602.00000

   Energies (kJ/mol)
           Bond          Angle    Proper Dih. Per. Imp. Dih.          LJ-14
    1.22339e+02    3.40528e+02    3.67223e+02    2.20633e+01    1.83691e+02
     Coulomb-14        LJ (SR)  Disper. corr.   Coulomb (SR)   Coul. recip.
    2.33730e+03    2.29514e+04   -1.37290e+03   -1.86826e+05    1.37255e+03
      Potential    Kinetic En.   Total Energy  Conserved En.    Temperature
   -1.60502e+05    3.40453e+04   -1.26456e+05   -1.25438e+05    3.36321e+02
 Pres. DC (bar) Pressure (bar)   Constr. rmsd
   -1.78142e+02   -6.66411e+01    1.79252e-06


DD  step 301999  vol min/aver 0.868  load imb.: force  2.1%
           Step           Time
         302000      604.00000

   Energies (kJ/mol)
           Bond          Angle    Proper Dih. Per. Imp. Dih.          LJ-14
    1.35489e+02    3.62698e+02    3.87175e+02    2.08197e+01    1.83315e+02
     Coulomb-14        LJ (SR)  Disper. corr.   Coulomb (SR)   Coul. recip.
    2.32264e+03    2.32200e+04   -1.37576e+03   -1.86498e+05    1.35587e+03
      Potential    Kinetic En.   Total Energy  Conserved En.    Temperature
   -1.59886e+05    3.44840e+04   -1.25402e+05   -1.25398e+05    3.40655e+02
 Pres. DC (bar) Pressure (bar)   Constr. rmsd
   -1.78884e+02    1.89448e+02    2.42349e-06


DD  step 302999  vol min/aver 0.806  load imb.: force  1.0%
           Step           Time
         303000      606.00000

   Energies (kJ/mol)
           Bond          Angle    Proper Dih. Per. Imp. Dih.          LJ-14
    1.57212e+02    3.68245e+02    3.65549e+02    2.28133e+01    1.82283e+02
     Coulomb-14        LJ (SR)  Disper. corr.   Coulomb (SR)   Coul. recip.
    2.27594e+03    2.24996e+04   -1.36832e+03   -1.85906e+05    1.37149e+03
      Potential    Kinetic En.   Total Energy  Conserved En.    Temperature
   -1.60031e+05    3.51680e+04   -1.24863e+05   -1.25448e+05    3.47412e+02
 Pres. DC (bar) Pressure (bar)   Constr. rmsd
   -1.76957e+02   -1.80450e+02    1.56030e-06


DD  step 303999  vol min/aver 0.795  load imb.: force  0.9%
           Step           Time
         304000      608.00000

   Energies (kJ/mol)
           Bond          Angle    Proper Dih. Per. Imp. Dih.          LJ-14
    1.43776e+02    2.95011e+02    3.73531e+02    2.89635e+01    1.76365e+02
     Coulomb-14        LJ (SR)  Disper. corr.   Coulomb (SR)   Coul. recip.
    2.32541e+03    2.33160e+04   -1.37089e+03   -1.87165e+05    1.29999e+03
      Potential    Kinetic En.   Total Energy  Conserved En.    Temperature
   -1.60577e+05    3.41493e+04   -1.26427e+05   -1.25424e+05    3.37348e+02
 Pres. DC (bar) Pressure (bar)   Constr. rmsd
   -1.77621e+02    1.06211e+02    1.60402e-06


DD  step 304999  vol min/aver 0.810  load imb.: force  1.0%
           Step           Time
         305000      610.00000

   Energies (kJ/mol)
           Bond          Angle    Proper Dih. Per. Imp. Dih.          LJ-14
    1.71448e+02    3.23920e+02    3.86447e+02    1.27712e+01    1.54284e+02
     Coulomb-14        LJ (SR)  Disper. corr.   Coulomb (SR)   Coul. recip.
    2.31756e+03    2.19378e+04   -1.36934e+03   -1.85318e+05    1.40177e+03
      Potential    Kinetic En.   Total Energy  Conserved En.    Temperature
   -1.59982e+05    3.40075e+04   -1.25974e+05   -1.25366e+05    3.35948e+02
 Pres. DC (bar) Pressure (bar)   Constr. rmsd
   -1.77219e+02   -5.31104e+02    3.39718e-06


DD  step 305999  vol min/aver 0.844  load imb.: force  4.8%
           Step           Time
         306000      612.00000

   Energies (kJ/mol)
           Bond          Angle    Proper Dih. Per. Imp. Dih.          LJ-14
    1.92830e+02    3.47151e+02    3.79299e+02    2.47244e+01    1.72651e+02
     Coulomb-14        LJ (SR)  Disper. corr.   Coulomb (SR)   Coul. recip.
    2.30393e+03    2.25697e+04   -1.38002e+03   -1.86495e+05    1.29276e+03
      Potential    Kinetic En.   Total Energy  Conserved En.    Temperature
   -1.60592e+05    3.45415e+04   -1.26050e+05   -1.25259e+05    3.41223e+02
 Pres. DC (bar) Pressure (bar)   Constr. rmsd
   -1.79993e+02   -1.98354e+02    2.32042e-06


DD  step 306999  vol min/aver 0.813  load imb.: force  3.4%
           Step           Time
         307000      614.00000

   Energies (kJ/mol)
           Bond          Angle    Proper Dih. Per. Imp. Dih.          LJ-14
    1.56165e+02    3.13665e+02    3.77829e+02    2.20828e+01    1.98825e+02
     Coulomb-14        LJ (SR)  Disper. corr.   Coulomb (SR)   Coul. recip.
    2.39453e+03    2.30427e+04   -1.37530e+03   -1.86030e+05    1.34853e+03
      Potential    Kinetic En.   Total Energy  Conserved En.    Temperature
   -1.59550e+05    3.44196e+04   -1.25131e+05   -1.25341e+05    3.40018e+02
 Pres. DC (bar) Pressure (bar)   Constr. rmsd
   -1.78763e+02    1.15298e+02    3.99751e-06


DD  step 307999  vol min/aver 0.787  load imb.: force  1.3%
           Step           Time
         308000      616.00000

   Energies (kJ/mol)
           Bond          Angle    Proper Dih. Per. Imp. Dih.          LJ-14
    1.46213e+02    3.59087e+02    3.55756e+02    2.10739e+01    1.66807e+02
     Coulomb-14        LJ (SR)  Disper. corr.   Coulomb (SR)   Coul. recip.
    2.31514e+03    2.29075e+04   -1.36698e+03   -1.86911e+05    1.36559e+03
      Potential    Kinetic En.   Total Energy  Conserved En.    Temperature
   -1.60641e+05    3.41641e+04   -1.26477e+05   -1.25375e+05    3.37495e+02
 Pres. DC (bar) Pressure (bar)   Constr. rmsd
   -1.76611e+02   -1.97599e+02    2.44679e-06


DD  step 308999  vol min/aver 0.808  load imb.: force  2.4%
           Step           Time
         309000      618.00000

   Energies (kJ/mol)
           Bond          Angle    Proper Dih. Per. Imp. Dih.          LJ-14
    1.65777e+02    3.39220e+02    3.63346e+02    1.81960e+01    1.73887e+02
     Coulomb-14        LJ (SR)  Disper. corr.   Coulomb (SR)   Coul. recip.
    2.26651e+03    2.25964e+04   -1.37091e+03   -1.86007e+05    1.37174e+03
      Potential    Kinetic En.   Total Energy  Conserved En.    Temperature
   -1.60083e+05    3.41586e+04   -1.25924e+05   -1.25334e+05    3.37441e+02
 Pres. DC (bar) Pressure (bar)   Constr. rmsd
   -1.77628e+02   -1.76605e+02    1.67812e-06


DD  step 309999  vol min/aver 0.818  load imb.: force  0.4%
           Step           Time
         310000      620.00000

   Energies (kJ/mol)
           Bond          Angle    Proper Dih. Per. Imp. Dih.          LJ-14
    1.40607e+02    3.75024e+02    3.98743e+02    2.15227e+01    1.79036e+02
     Coulomb-14        LJ (SR)  Disper. corr.   Coulomb (SR)   Coul. recip.
    2.32253e+03    2.26987e+04   -1.36857e+03   -1.85655e+05    1.37051e+03
      Potential    Kinetic En.   Total Energy  Conserved En.    Temperature
   -1.59517e+05    3.48005e+04   -1.24716e+05   -1.25388e+05    3.43781e+02
 Pres. DC (bar) Pressure (bar)   Constr. rmsd
   -1.77021e+02   -4.74269e+01    5.32679e-06


DD  step 310999  vol min/aver 0.809  load imb.: force  0.8%
           Step           Time
         311000      622.00000

   Energies (kJ/mol)
           Bond          Angle    Proper Dih. Per. Imp. Dih.          LJ-14
    1.54899e+02    3.66566e+02    3.96730e+02    3.31465e+01    1.80770e+02
     Coulomb-14        LJ (SR)  Disper. corr.   Coulomb (SR)   Coul. recip.
    2.31590e+03    2.32343e+04   -1.37027e+03   -1.86574e+05    1.35194e+03
      Potential    Kinetic En.   Total Energy  Conserved En.    Temperature
   -1.59910e+05    3.49617e+04   -1.24948e+05   -1.25384e+05    3.45374e+02
 Pres. DC (bar) Pressure (bar)   Constr. rmsd
   -1.77462e+02    1.54659e+02    9.41993e-07


DD  step 311999  vol min/aver 0.804  load imb.: force  2.0%
           Step           Time
         312000      624.00000

   Energies (kJ/mol)
           Bond          Angle    Proper Dih. Per. Imp. Dih.          LJ-14
    1.67198e+02    2.93596e+02    3.86759e+02    2.85505e+01    1.63313e+02
     Coulomb-14        LJ (SR)  Disper. corr.   Coulomb (SR)   Coul. recip.
    2.32353e+03    2.27558e+04   -1.37147e+03   -1.86730e+05    1.37036e+03
      Potential    Kinetic En.   Total Energy  Conserved En.    Temperature
   -1.60613e+05    3.50068e+04   -1.25606e+05   -1.25308e+05    3.45820e+02
 Pres. DC (bar) Pressure (bar)   Constr. rmsd
   -1.77772e+02   -1.95080e+02    2.37562e-06


DD  step 312999  vol min/aver 0.810  load imb.: force  1.4%
           Step           Time
         313000      626.00000

   Energies (kJ/mol)
           Bond          Angle    Proper Dih. Per. Imp. Dih.          LJ-14
    1.90231e+02    3.04455e+02    3.74027e+02    1.45920e+01    1.79005e+02
     Coulomb-14        LJ (SR)  Disper. corr.   Coulomb (SR)   Coul. recip.
    2.27129e+03    2.23179e+04   -1.37156e+03   -1.85150e+05    1.38172e+03
      Potential    Kinetic En.   Total Energy  Conserved En.    Temperature
   -1.59488e+05    3.41432e+04   -1.25345e+05   -1.25289e+05    3.37288e+02
 Pres. DC (bar) Pressure (bar)   Constr. rmsd
   -1.77795e+02   -2.20626e+02    3.60273e-06


DD  step 313999  vol min/aver 0.837  load imb.: force  2.0%
           Step           Time
         314000      628.00000

   Energies (kJ/mol)
           Bond          Angle    Proper Dih. Per. Imp. Dih.          LJ-14
    1.22690e+02    3.66277e+02    3.64095e+02    1.88703e+01    1.86254e+02
     Coulomb-14        LJ (SR)  Disper. corr.   Coulomb (SR)   Coul. recip.
    2.29098e+03    2.20281e+04   -1.36625e+03   -1.85272e+05    1.36143e+03
      Potential    Kinetic En.   Total Energy  Conserved En.    Temperature
   -1.59900e+05    3.45345e+04   -1.25365e+05   -1.25391e+05    3.41154e+02
 Pres. DC (bar) Pressure (bar)   Constr. rmsd
   -1.76423e+02   -4.17734e+02    2.59323e-06


DD  step 314999  vol min/aver 0.811  load imb.: force  0.6%
           Step           Time
         315000      630.00000

   Energies (kJ/mol)
           Bond          Angle    Proper Dih. Per. Imp. Dih.          LJ-14
    1.61416e+02    2.81108e+02    3.83865e+02    2.74032e+01    1.78205e+02
     Coulomb-14        LJ (SR)  Disper. corr.   Coulomb (SR)   Coul. recip.
    2.33240e+03    2.35074e+04   -1.36768e+03   -1.86880e+05    1.31262e+03
      Potential    Kinetic En.   Total Energy  Conserved En.    Temperature
   -1.60063e+05    3.44847e+04   -1.25578e+05   -1.25366e+05    3.40662e+02
 Pres. DC (bar) Pressure (bar)   Constr. rmsd
   -1.76792e+02    1.14864e+02    2.64367e-06


DD  step 315999  vol min/aver 0.819  load imb.: force  1.1%
           Step           Time
         316000      632.00000

   Energies (kJ/mol)
           Bond          Angle    Proper Dih. Per. Imp. Dih.          LJ-14
    2.06323e+02    3.52790e+02    3.81203e+02    1.67975e+01    1.47239e+02
     Coulomb-14        LJ (SR)  Disper. corr.   Coulomb (SR)   Coul. recip.
    2.26201e+03    2.32057e+04   -1.37522e+03   -1.85953e+05    1.38708e+03
      Potential    Kinetic En.   Total Energy  Conserved En.    Temperature
   -1.59369e+05    3.41527e+04   -1.25216e+05   -1.25258e+05    3.37382e+02
 Pres. DC (bar) Pressure (bar)   Constr. rmsd
   -1.78743e+02    2.29388e+02    2.26157e-06


DD  step 316999  vol min/aver 0.811  load imb.: force  2.5%
           Step           Time
         317000      634.00000

   Energies (kJ/mol)
           Bond          Angle    Proper Dih. Per. Imp. Dih.          LJ-14
    1.44947e+02    3.49373e+02    3.61605e+02    1.94808e+01    1.78205e+02
     Coulomb-14        LJ (SR)  Disper. corr.   Coulomb (SR)   Coul. recip.
    2.28904e+03    2.35273e+04   -1.37251e+03   -1.86991e+05    1.35217e+03
      Potential    Kinetic En.   Total Energy  Conserved En.    Temperature
   -1.60142e+05    3.48356e+04   -1.25306e+05   -1.25266e+05    3.44129e+02
 Pres. DC (bar) Pressure (bar)   Constr. rmsd
   -1.78042e+02    3.13951e+02    1.97195e-06


DD  step 317999  vol min/aver 0.809  load imb.: force  2.9%
           Step           Time
         318000      636.00000

   Energies (kJ/mol)
           Bond          Angle    Proper Dih. Per. Imp. Dih.          LJ-14
    1.48571e+02    3.94034e+02    3.65784e+02    9.96748e+00    1.70340e+02
     Coulomb-14        LJ (SR)  Disper. corr.   Coulomb (SR)   Coul. recip.
    2.29338e+03    2.25458e+04   -1.36928e+03   -1.85564e+05    1.35166e+03
      Potential    Kinetic En.   Total Energy  Conserved En.    Temperature
   -1.59653e+05    3.38085e+04   -1.25845e+05   -1.25293e+05    3.33981e+02
 Pres. DC (bar) Pressure (bar)   Constr. rmsd
   -1.77204e+02   -2.66916e+02    2.94156e-06


DD  step 318999  vol min/aver 0.867  load imb.: force  1.2%
           Step           Time
         319000      638.00000

   Energies (kJ/mol)
           Bond          Angle    Proper Dih. Per. Imp. Dih.          LJ-14
    1.83982e+02    3.10456e+02    3.74319e+02    2.26218e+01    1.58205e+02
     Coulomb-14        LJ (SR)  Disper. corr.   Coulomb (SR)   Coul. recip.
    2.28550e+03    2.34169e+04   -1.37548e+03   -1.87583e+05    1.34115e+03
      Potential    Kinetic En.   Total Energy  Conserved En.    Temperature
   -1.60865e+05    3.45841e+04   -1.26281e+05   -1.25205e+05    3.41644e+02
 Pres. DC (bar) Pressure (bar)   Constr. rmsd
   -1.78812e+02    4.56574e+01    2.42412e-06


DD  step 319999  vol min/aver 0.805  load imb.: force  0.9%
           Step           Time
         320000      640.00000

   Energies (kJ/mol)
           Bond          Angle    Proper Dih. Per. Imp. Dih.          LJ-14
    1.75542e+02    2.48218e+02    3.74583e+02    1.48445e+01    1.55404e+02
     Coulomb-14        LJ (SR)  Disper. corr.   Coulomb (SR)   Coul. recip.
    2.31717e+03    2.28131e+04   -1.38133e+03   -1.87088e+05    1.32890e+03
      Potential    Kinetic En.   Total Energy  Conserved En.    Temperature
   -1.61042e+05    3.41338e+04   -1.26908e+05   -1.25060e+05    3.37195e+02
 Pres. DC (bar) Pressure (bar)   Constr. rmsd
   -1.80334e+02   -2.12812e+02    1.94214e-06


DD  step 320999  vol min/aver 0.810  load imb.: force  2.9%
           Step           Time
         321000      642.00000

   Energies (kJ/mol)
           Bond          Angle    Proper Dih. Per. Imp. Dih.          LJ-14
    1.21245e+02    3.32664e+02    3.61129e+02    2.55251e+01    1.89542e+02
     Coulomb-14        LJ (SR)  Disper. corr.   Coulomb (SR)   Coul. recip.
    2.28389e+03    2.35377e+04   -1.37806e+03   -1.88045e+05    1.35374e+03
      Potential    Kinetic En.   Total Energy  Conserved En.    Temperature
   -1.61218e+05    3.43989e+04   -1.26819e+05   -1.25041e+05    3.39815e+02
 Pres. DC (bar) Pressure (bar)   Constr. rmsd
   -1.79482e+02    8.66012e+01    2.26622e-06


DD  step 321999  vol min/aver 0.804  load imb.: force  2.1%
           Step           Time
         322000      644.00000

   Energies (kJ/mol)
           Bond          Angle    Proper Dih. Per. Imp. Dih.          LJ-14
    1.49924e+02    3.21971e+02    3.72921e+02    1.26874e+01    1.61580e+02
     Coulomb-14        LJ (SR)  Disper. corr.   Coulomb (SR)   Coul. recip.
    2.28793e+03    2.30116e+04   -1.37436e+03   -1.87317e+05    1.38046e+03
      Potential    Kinetic En.   Total Energy  Conserved En.    Temperature
   -1.60992e+05    3.39478e+04   -1.27044e+05   -1.25167e+05    3.35358e+02
 Pres. DC (bar) Pressure (bar)   Constr. rmsd
   -1.78522e+02   -2.66994e+02    2.26538e-06


DD  step 322999  vol min/aver 0.805  load imb.: force  3.8%
           Step           Time
         323000      646.00000

   Energies (kJ/mol)
           Bond          Angle    Proper Dih. Per. Imp. Dih.          LJ-14
    1.87390e+02    3.06478e+02    3.72047e+02    2.71144e+01    1.75110e+02
     Coulomb-14        LJ (SR)  Disper. corr.   Coulomb (SR)   Coul. recip.
    2.29392e+03    2.33565e+04   -1.37364e+03   -1.87301e+05    1.31384e+03
      Potential    Kinetic En.   Total Energy  Conserved En.    Temperature
   -1.60642e+05    3.44783e+04   -1.26164e+05   -1.25151e+05    3.40598e+02
 Pres. DC (bar) Pressure (bar)   Constr. rmsd
   -1.78333e+02    4.70087e+01    1.22014e-06


DD  step 323999  vol min/aver 0.787  load imb.: force  5.4%
           Step           Time
         324000      648.00000

   Energies (kJ/mol)
           Bond          Angle    Proper Dih. Per. Imp. Dih.          LJ-14
    1.79192e+02    3.94917e+02    4.00636e+02    1.63581e+01    1.71660e+02
     Coulomb-14        LJ (SR)  Disper. corr.   Coulomb (SR)   Coul. recip.
    2.32602e+03    2.29156e+04   -1.37268e+03   -1.86013e+05    1.34670e+03
      Potential    Kinetic En.   Total Energy  Conserved En.    Temperature
   -1.59635e+05    3.44593e+04   -1.25175e+05   -1.25152e+05    3.40411e+02
 Pres. DC (bar) Pressure (bar)   Constr. rmsd
   -1.78084e+02    6.72468e+01    1.79177e-06


DD  step 324999  vol min/aver 0.797  load imb.: force  0.8%
           Step           Time
         325000      650.00000

   Energies (kJ/mol)
           Bond          Angle    Proper Dih. Per. Imp. Dih.          LJ-14
    1.38517e+02    3.54190e+02    3.64960e+02    1.69591e+01    1.86117e+02
     Coulomb-14        LJ (SR)  Disper. corr.   Coulomb (SR)   Coul. recip.
    2.27589e+03    2.30264e+04   -1.37008e+03   -1.86526e+05    1.35178e+03
      Potential    Kinetic En.   Total Energy  Conserved En.    Temperature
   -1.60181e+05    3.45002e+04   -1.25681e+05   -1.25268e+05    3.40815e+02
 Pres. DC (bar) Pressure (bar)   Constr. rmsd
   -1.77413e+02   -2.38190e+01    2.72660e-06


DD  step 325999  vol min/aver 0.827  load imb.: force  0.3%
           Step           Time
         326000      652.00000

   Energies (kJ/mol)
           Bond          Angle    Proper Dih. Per. Imp. Dih.          LJ-14
    1.94774e+02    3.52405e+02    3.75624e+02    3.03692e+01    1.82022e+02
     Coulomb-14        LJ (SR)  Disper. corr.   Coulomb (SR)   Coul. recip.
    2.30089e+03    2.35731e+04   -1.36931e+03   -1.86824e+05    1.38398e+03
      Potential    Kinetic En.   Total Energy  Conserved En.    Temperature
   -1.59800e+05    3.42578e+04   -1.25542e+05   -1.25187e+05    3.38420e+02
 Pres. DC (bar) Pressure (bar)   Constr. rmsd
   -1.77214e+02    2.90113e+02    1.84736e-06


DD  step 326999  vol min/aver 0.797  load imb.: force  1.6%
           Step           Time
         327000      654.00000

   Energies (kJ/mol)
           Bond          Angle    Proper Dih. Per. Imp. Dih.          LJ-14
    1.85467e+02    3.55145e+02    3.54351e+02    1.48454e+01    1.69685e+02
     Coulomb-14        LJ (SR)  Disper. corr.   Coulomb (SR)   Coul. recip.
    2.34160e+03    2.34563e+04   -1.36322e+03   -1.86252e+05    1.34703e+03
      Potential    Kinetic En.   Total Energy  Conserved En.    Temperature
   -1.59391e+05    3.43128e+04   -1.25078e+05   -1.25320e+05    3.38964e+02
 Pres. DC (bar) Pressure (bar)   Constr. rmsd
   -1.75642e+02    1.22513e+02    2.39618e-06


DD  step 327999  vol min/aver 0.820  load imb.: force  0.5%
           Step           Time
         328000      656.00000

   Energies (kJ/mol)
           Bond          Angle    Proper Dih. Per. Imp. Dih.          LJ-14
    1.48296e+02    3.47248e+02    3.62743e+02    3.30682e+01    1.88251e+02
     Coulomb-14        LJ (SR)  Disper. corr.   Coulomb (SR)   Coul. recip.
    2.37100e+03    2.27148e+04   -1.37135e+03   -1.85564e+05    1.43290e+03
      Potential    Kinetic En.   Total Energy  Conserved En.    Temperature
   -1.59337e+05    3.45614e+04   -1.24775e+05   -1.25159e+05    3.41419e+02
 Pres. DC (bar) Pressure (bar)   Constr. rmsd
   -1.77741e+02    5.79963e+01    1.96014e-06


DD  step 328999  vol min/aver 0.804  load imb.: force  1.1%
           Step           Time
         329000      658.00000

   Energies (kJ/mol)
           Bond          Angle    Proper Dih. Per. Imp. Dih.          LJ-14
    1.33852e+02    3.32768e+02    3.93259e+02    2.80971e+01    1.77142e+02
     Coulomb-14        LJ (SR)  Disper. corr.   Coulomb (SR)   Coul. recip.
    2.31434e+03    2.34564e+04   -1.37640e+03   -1.87138e+05    1.36092e+03
      Potential    Kinetic En.   Total Energy  Conserved En.    Temperature
   -1.60318e+05    3.45918e+04   -1.25726e+05   -1.25081e+05    3.41720e+02
 Pres. DC (bar) Pressure (bar)   Constr. rmsd
   -1.79050e+02    3.26053e+02    3.60862e-06


DD  step 329999  vol min/aver 0.818  load imb.: force  1.5%
           Step           Time
         330000      660.00000

   Energies (kJ/mol)
           Bond          Angle    Proper Dih. Per. Imp. Dih.          LJ-14
    2.04664e+02    3.37826e+02    3.93248e+02    1.61938e+01    1.67712e+02
     Coulomb-14        LJ (SR)  Disper. corr.   Coulomb (SR)   Coul. recip.
    2.30590e+03    2.19808e+04   -1.36786e+03   -1.84708e+05    1.34148e+03
      Potential    Kinetic En.   Total Energy  Conserved En.    Temperature
   -1.59328e+05    3.44728e+04   -1.24855e+05   -1.25174e+05    3.40544e+02
 Pres. DC (bar) Pressure (bar)   Constr. rmsd
   -1.76838e+02   -2.19031e+02    2.09424e-06


DD  step 330999  vol min/aver 0.817  load imb.: force  4.5%
           Step           Time
         331000      662.00000

   Energies (kJ/mol)
           Bond          Angle    Proper Dih. Per. Imp. Dih.          LJ-14
    1.74213e+02    3.40689e+02    3.90751e+02    2.93421e+01    1.61063e+02
     Coulomb-14        LJ (SR)  Disper. corr.   Coulomb (SR)   Coul. recip.
    2.31068e+03    2.25594e+04   -1.36142e+03   -1.85524e+05    1.37786e+03
      Potential    Kinetic En.   Total Energy  Conserved En.    Temperature
   -1.59542e+05    3.44302e+04   -1.25111e+05   -1.25300e+05    3.40123e+02
 Pres. DC (bar) Pressure (bar)   Constr. rmsd
   -1.75180e+02   -1.51639e+02    2.37250e-06


DD  step 331999  vol min/aver 0.862  load imb.: force  2.6%
           Step           Time
         332000      664.00000

   Energies (kJ/mol)
           Bond          Angle    Proper Dih. Per. Imp. Dih.          LJ-14
    1.46413e+02    3.41688e+02    3.80291e+02    2.41427e+01    1.71126e+02
     Coulomb-14        LJ (SR)  Disper. corr.   Coulomb (SR)   Coul. recip.
    2.29269e+03    2.27135e+04   -1.36331e+03   -1.86304e+05    1.33176e+03
      Potential    Kinetic En.   Total Energy  Conserved En.    Temperature
   -1.60266e+05    3.48635e+04   -1.25403e+05   -1.25264e+05    3.44404e+02
 Pres. DC (bar) Pressure (bar)   Constr. rmsd
   -1.75664e+02   -2.65816e+02    1.87713e-06


DD  step 332999  vol min/aver 0.818  load imb.: force  0.7%
           Step           Time
         333000      666.00000

   Energies (kJ/mol)
           Bond          Angle    Proper Dih. Per. Imp. Dih.          LJ-14
    1.62438e+02    3.30353e+02    3.56605e+02    1.67023e+01    1.77516e+02
     Coulomb-14        LJ (SR)  Disper. corr.   Coulomb (SR)   Coul. recip.
    2.29236e+03    2.25210e+04   -1.36432e+03   -1.85642e+05    1.35423e+03
      Potential    Kinetic En.   Total Energy  Conserved En.    Temperature
   -1.59796e+05    3.39342e+04   -1.25861e+05   -1.25243e+05    3.35224e+02
 Pres. DC (bar) Pressure (bar)   Constr. rmsd
   -1.75924e+02   -1.68960e+02    1.35477e-06


DD  step 333999  vol min/aver 0.796  load imb.: force  0.9%
           Step           Time
         334000      668.00000

   Energies (kJ/mol)
           Bond          Angle    Proper Dih. Per. Imp. Dih.          LJ-14
    1.50752e+02    3.23496e+02    4.13489e+02    3.54359e+01    1.75799e+02
     Coulomb-14        LJ (SR)  Disper. corr.   Coulomb (SR)   Coul. recip.
    2.24632e+03    2.27940e+04   -1.36781e+03   -1.85698e+05    1.34638e+03
      Potential    Kinetic En.   Total Energy  Conserved En.    Temperature
   -1.59580e+05    3.45590e+04   -1.25021e+05   -1.25166e+05    3.41396e+02
 Pres. DC (bar) Pressure (bar)   Constr. rmsd
   -1.76825e+02    1.16840e-01    2.98834e-06


DD  step 334999  vol min/aver 0.831  load imb.: force  0.9%
           Step           Time
         335000      670.00000

   Energies (kJ/mol)
           Bond          Angle    Proper Dih. Per. Imp. Dih.          LJ-14
    1.43269e+02    3.00304e+02    3.74842e+02    1.47779e+01    1.92479e+02
     Coulomb-14        LJ (SR)  Disper. corr.   Coulomb (SR)   Coul. recip.
    2.36376e+03    2.33067e+04   -1.36807e+03   -1.86406e+05    1.35010e+03
      Potential    Kinetic En.   Total Energy  Conserved En.    Temperature
   -1.59728e+05    3.44330e+04   -1.25295e+05   -1.25167e+05    3.40151e+02
 Pres. DC (bar) Pressure (bar)   Constr. rmsd
   -1.76893e+02    2.38679e+02    3.20019e-06


DD  step 335999  vol min/aver 0.838  load imb.: force  4.4%
           Step           Time
         336000      672.00000

   Energies (kJ/mol)
           Bond          Angle    Proper Dih. Per. Imp. Dih.          LJ-14
    1.09799e+02    3.07454e+02    3.80075e+02    2.65468e+01    1.81061e+02
     Coulomb-14        LJ (SR)  Disper. corr.   Coulomb (SR)   Coul. recip.
    2.31014e+03    2.25743e+04   -1.37226e+03   -1.86234e+05    1.31441e+03
      Potential    Kinetic En.   Total Energy  Conserved En.    Temperature
   -1.60403e+05    3.42896e+04   -1.26113e+05   -1.25063e+05    3.38735e+02
 Pres. DC (bar) Pressure (bar)   Constr. rmsd
   -1.77976e+02   -2.24953e+02    2.09882e-06


DD  step 336999  vol min/aver 0.784  load imb.: force 13.4%
           Step           Time
         337000      674.00000

   Energies (kJ/mol)
           Bond          Angle    Proper Dih. Per. Imp. Dih.          LJ-14
    1.70445e+02    2.69403e+02    3.59224e+02    1.94717e+01    1.57047e+02
     Coulomb-14        LJ (SR)  Disper. corr.   Coulomb (SR)   Coul. recip.
    2.35262e+03    2.22187e+04   -1.36711e+03   -1.85800e+05    1.41169e+03
      Potential    Kinetic En.   Total Energy  Conserved En.    Temperature
   -1.60208e+05    3.44766e+04   -1.25732e+05   -1.25077e+05    3.40582e+02
 Pres. DC (bar) Pressure (bar)   Constr. rmsd
   -1.76644e+02   -4.18543e+02    2.40548e-06


DD  step 337999  vol min/aver 0.886  load imb.: force  1.4%
           Step           Time
         338000      676.00000

   Energies (kJ/mol)
           Bond          Angle    Proper Dih. Per. Imp. Dih.          LJ-14
    1.86358e+02    2.95788e+02    3.29312e+02    2.09604e+01    1.65772e+02
     Coulomb-14        LJ (SR)  Disper. corr.   Coulomb (SR)   Coul. recip.
    2.24012e+03    2.38916e+04   -1.36610e+03   -1.87597e+05    1.38785e+03
      Potential    Kinetic En.   Total Energy  Conserved En.    Temperature
   -1.60446e+05    3.42356e+04   -1.26210e+05   -1.25125e+05    3.38201e+02
 Pres. DC (bar) Pressure (bar)   Constr. rmsd
   -1.76384e+02    2.07796e+02    3.33919e-06


DD  step 338999  vol min/aver 0.815  load imb.: force  1.5%
           Step           Time
         339000      678.00000

   Energies (kJ/mol)
           Bond          Angle    Proper Dih. Per. Imp. Dih.          LJ-14
    1.57690e+02    3.00075e+02    3.65274e+02    2.01673e+01    1.90200e+02
     Coulomb-14        LJ (SR)  Disper. corr.   Coulomb (SR)   Coul. recip.
    2.29728e+03    2.22009e+04   -1.36586e+03   -1.85317e+05    1.39742e+03
      Potential    Kinetic En.   Total Energy  Conserved En.    Temperature
   -1.59754e+05    3.42296e+04   -1.25525e+05   -1.25100e+05    3.38142e+02
 Pres. DC (bar) Pressure (bar)   Constr. rmsd
   -1.76322e+02   -3.44014e+02    1.86646e-06


DD  step 339999  vol min/aver 0.853  load imb.: force  2.3%
           Step           Time
         340000      680.00000

   Energies (kJ/mol)
           Bond          Angle    Proper Dih. Per. Imp. Dih.          LJ-14
    1.62625e+02    3.30657e+02    3.48425e+02    2.36806e+01    1.81940e+02
     Coulomb-14        LJ (SR)  Disper. corr.   Coulomb (SR)   Coul. recip.
    2.28111e+03    2.29737e+04   -1.37129e+03   -1.85807e+05    1.30971e+03
      Potential    Kinetic En.   Total Energy  Conserved En.    Temperature
   -1.59567e+05    3.48721e+04   -1.24695e+05   -1.25010e+05    3.44488e+02
 Pres. DC (bar) Pressure (bar)   Constr. rmsd
   -1.77725e+02    1.86150e+02    3.11206e-06


DD  step 340999  vol min/aver 0.791  load imb.: force  0.5%
           Step           Time
         341000      682.00000

   Energies (kJ/mol)
           Bond          Angle    Proper Dih. Per. Imp. Dih.          LJ-14
    1.59447e+02    2.78305e+02    3.89101e+02    2.50726e+01    1.94639e+02
     Coulomb-14        LJ (SR)  Disper. corr.   Coulomb (SR)   Coul. recip.
    2.36460e+03    2.24466e+04   -1.37112e+03   -1.85192e+05    1.41083e+03
      Potential    Kinetic En.   Total Energy  Conserved En.    Temperature
   -1.59294e+05    3.42132e+04   -1.25081e+05   -1.25022e+05    3.37979e+02
 Pres. DC (bar) Pressure (bar)   Constr. rmsd
   -1.77681e+02   -2.18039e+01    1.82927e-06


DD  step 341999  vol min/aver 0.795  load imb.: force  0.7%
           Step           Time
         342000      684.00000

   Energies (kJ/mol)
           Bond          Angle    Proper Dih. Per. Imp. Dih.          LJ-14
    1.69367e+02    3.24124e+02    4.12842e+02    2.76991e+01    1.79448e+02
     Coulomb-14        LJ (SR)  Disper. corr.   Coulomb (SR)   Coul. recip.
    2.34108e+03    2.30630e+04   -1.36880e+03   -1.86538e+05    1.36016e+03
      Potential    Kinetic En.   Total Energy  Conserved En.    Temperature
   -1.60029e+05    3.44675e+04   -1.25562e+05   -1.25034e+05    3.40492e+02
 Pres. DC (bar) Pressure (bar)   Constr. rmsd
   -1.77081e+02   -1.39640e+01    1.91675e-06


DD  step 342999  vol min/aver 0.804  load imb.: force  7.0%
           Step           Time
         343000      686.00000

   Energies (kJ/mol)
           Bond          Angle    Proper Dih. Per. Imp. Dih.          LJ-14
    1.57030e+02    3.32160e+02    3.83341e+02    2.28243e+01    1.79737e+02
     Coulomb-14        LJ (SR)  Disper. corr.   Coulomb (SR)   Coul. recip.
    2.27717e+03    2.31227e+04   -1.37917e+03   -1.86367e+05    1.37100e+03
      Potential    Kinetic En.   Total Energy  Conserved En.    Temperature
   -1.59900e+05    3.44693e+04   -1.25431e+05   -1.24903e+05    3.40510e+02
 Pres. DC (bar) Pressure (bar)   Constr. rmsd
   -1.79770e+02    1.67943e+02    3.46294e-06


DD  step 343999  vol min/aver 0.862  load imb.: force  4.1%
           Step           Time
         344000      688.00000

   Energies (kJ/mol)
           Bond          Angle    Proper Dih. Per. Imp. Dih.          LJ-14
    1.30751e+02    3.33834e+02    3.73273e+02    1.56471e+01    1.82619e+02
     Coulomb-14        LJ (SR)  Disper. corr.   Coulomb (SR)   Coul. recip.
    2.32558e+03    2.25134e+04   -1.37378e+03   -1.86157e+05    1.31646e+03
      Potential    Kinetic En.   Total Energy  Conserved En.    Temperature
   -1.60340e+05    3.46816e+04   -1.25658e+05   -1.24921e+05    3.42607e+02
 Pres. DC (bar) Pressure (bar)   Constr. rmsd
   -1.78371e+02   -1.00572e+02    2.83019e-06


DD  step 344999  vol min/aver 0.803  load imb.: force  1.5%
           Step           Time
         345000      690.00000

   Energies (kJ/mol)
           Bond          Angle    Proper Dih. Per. Imp. Dih.          LJ-14
    1.56916e+02    2.87211e+02    3.58721e+02    1.48319e+01    1.80172e+02
     Coulomb-14        LJ (SR)  Disper. corr.   Coulomb (SR)   Coul. recip.
    2.34922e+03    2.23794e+04   -1.37821e+03   -1.85634e+05    1.34664e+03
      Potential    Kinetic En.   Total Energy  Conserved En.    Temperature
   -1.59939e+05    3.41839e+04   -1.25755e+05   -1.24843e+05    3.37690e+02
 Pres. DC (bar) Pressure (bar)   Constr. rmsd
   -1.79522e+02    1.42263e-02    1.86006e-06


DD  step 345999  vol min/aver 0.802  load imb.: force  0.8%
           Step           Time
         346000      692.00000

   Energies (kJ/mol)
           Bond          Angle    Proper Dih. Per. Imp. Dih.          LJ-14
    1.62664e+02    3.39802e+02    3.72159e+02    2.96006e+01    1.74200e+02
     Coulomb-14        LJ (SR)  Disper. corr.   Coulomb (SR)   Coul. recip.
    2.29533e+03    2.33426e+04   -1.37529e+03   -1.87256e+05    1.35923e+03
      Potential    Kinetic En.   Total Energy  Conserved En.    Temperature
   -1.60555e+05    3.43800e+04   -1.26175e+05   -1.24908e+05    3.39627e+02
 Pres. DC (bar) Pressure (bar)   Constr. rmsd
   -1.78762e+02    6.77355e+01    2.42663e-06


DD  step 346999  vol min/aver 0.835  load imb.: force  3.2%
           Step           Time
         347000      694.00000

   Energies (kJ/mol)
           Bond          Angle    Proper Dih. Per. Imp. Dih.          LJ-14
    1.12883e+02    3.34046e+02    3.77444e+02    1.76118e+01    1.84080e+02
     Coulomb-14        LJ (SR)  Disper. corr.   Coulomb (SR)   Coul. recip.
    2.32986e+03    2.28110e+04   -1.37321e+03   -1.87219e+05    1.29692e+03
      Potential    Kinetic En.   Total Energy  Conserved En.    Temperature
   -1.61128e+05    3.45908e+04   -1.26538e+05   -1.24878e+05    3.41710e+02
 Pres. DC (bar) Pressure (bar)   Constr. rmsd
   -1.78223e+02   -1.68133e+02    1.25325e-06


DD  step 347999  vol min/aver 0.810  load imb.: force  6.9%
           Step           Time
         348000      696.00000

   Energies (kJ/mol)
           Bond          Angle    Proper Dih. Per. Imp. Dih.          LJ-14
    1.70387e+02    3.52891e+02    3.56034e+02    1.70447e+01    1.76174e+02
     Coulomb-14        LJ (SR)  Disper. corr.   Coulomb (SR)   Coul. recip.
    2.30190e+03    2.32181e+04   -1.36802e+03   -1.87269e+05    1.37971e+03
      Potential    Kinetic En.   Total Energy  Conserved En.    Temperature
   -1.60665e+05    3.39522e+04   -1.26713e+05   -1.24989e+05    3.35402e+02
 Pres. DC (bar) Pressure (bar)   Constr. rmsd
   -1.76879e+02   -1.03819e+02    1.08448e-06


DD  step 348999  vol min/aver 0.798  load imb.: force  0.3%
           Step           Time
         349000      698.00000

   Energies (kJ/mol)
           Bond          Angle    Proper Dih. Per. Imp. Dih.          LJ-14
    1.50698e+02    3.23219e+02    3.52584e+02    2.39308e+01    1.65791e+02
     Coulomb-14        LJ (SR)  Disper. corr.   Coulomb (SR)   Coul. recip.
    2.33414e+03    2.32882e+04   -1.37875e+03   -1.86846e+05    1.31393e+03
      Potential    Kinetic En.   Total Energy  Conserved En.    Temperature
   -1.60272e+05    3.48067e+04   -1.25466e+05   -1.24834e+05    3.43843e+02
 Pres. DC (bar) Pressure (bar)   Constr. rmsd
   -1.79660e+02    2.06908e+02    1.55025e-06


DD  step 349999  vol min/aver 0.812  load imb.: force  2.1%
           Step           Time
         350000      700.00000

   Energies (kJ/mol)
           Bond          Angle    Proper Dih. Per. Imp. Dih.          LJ-14
    1.28179e+02    3.14894e+02    3.90159e+02    2.19935e+01    1.94550e+02
     Coulomb-14        LJ (SR)  Disper. corr.   Coulomb (SR)   Coul. recip.
    2.36006e+03    2.20182e+04   -1.37009e+03   -1.85809e+05    1.34534e+03
      Potential    Kinetic En.   Total Energy  Conserved En.    Temperature
   -1.60406e+05    3.50198e+04   -1.25386e+05   -1.24903e+05    3.45948e+02
 Pres. DC (bar) Pressure (bar)   Constr. rmsd
   -1.77414e+02   -3.32406e+02    4.36613e-06


DD  step 350999  vol min/aver 0.809  load imb.: force  3.1%
           Step           Time
         351000      702.00000

   Energies (kJ/mol)
           Bond          Angle    Proper Dih. Per. Imp. Dih.          LJ-14
    1.39183e+02    3.06502e+02    3.67733e+02    1.87830e+01    1.78556e+02
     Coulomb-14        LJ (SR)  Disper. corr.   Coulomb (SR)   Coul. recip.
    2.33419e+03    2.19105e+04   -1.37755e+03   -1.84724e+05    1.38608e+03
      Potential    Kinetic En.   Total Energy  Conserved En.    Temperature
   -1.59460e+05    3.40989e+04   -1.25361e+05   -1.24810e+05    3.36851e+02
 Pres. DC (bar) Pressure (bar)   Constr. rmsd
   -1.79349e+02   -4.41340e+02    2.44530e-06


DD  step 351999  vol min/aver 0.788  load imb.: force  6.0%
           Step           Time
         352000      704.00000

   Energies (kJ/mol)
           Bond          Angle    Proper Dih. Per. Imp. Dih.          LJ-14
    2.00743e+02    3.20601e+02    3.73617e+02    3.24409e+01    1.81788e+02
     Coulomb-14        LJ (SR)  Disper. corr.   Coulomb (SR)   Coul. recip.
    2.33842e+03    2.37049e+04   -1.38118e+03   -1.87121e+05    1.32333e+03
      Potential    Kinetic En.   Total Energy  Conserved En.    Temperature
   -1.60026e+05    3.42887e+04   -1.25738e+05   -1.24799e+05    3.38725e+02
 Pres. DC (bar) Pressure (bar)   Constr. rmsd
   -1.80295e+02    3.98681e+02    2.67993e-06


DD  step 352999  vol min/aver 0.811  load imb.: force  0.5%
           Step           Time
         353000      706.00000

   Energies (kJ/mol)
           Bond          Angle    Proper Dih. Per. Imp. Dih.          LJ-14
    1.70911e+02    3.76609e+02    3.89871e+02    1.90368e+01    1.77920e+02
     Coulomb-14        LJ (SR)  Disper. corr.   Coulomb (SR)   Coul. recip.
    2.29535e+03    2.31343e+04   -1.37366e+03   -1.86921e+05    1.38280e+03
      Potential    Kinetic En.   Total Energy  Conserved En.    Temperature
   -1.60348e+05    3.46206e+04   -1.25727e+05   -1.24840e+05    3.42004e+02
 Pres. DC (bar) Pressure (bar)   Constr. rmsd
   -1.78339e+02    2.64143e+01    1.69923e-06


DD  step 353999  vol min/aver 0.808  load imb.: force  0.9%
           Step           Time
         354000      708.00000

   Energies (kJ/mol)
           Bond          Angle    Proper Dih. Per. Imp. Dih.          LJ-14
    1.57366e+02    3.15996e+02    3.74946e+02    2.22022e+01    1.78539e+02
     Coulomb-14        LJ (SR)  Disper. corr.   Coulomb (SR)   Coul. recip.
    2.31572e+03    2.21124e+04   -1.37783e+03   -1.85188e+05    1.36401e+03
      Potential    Kinetic En.   Total Energy  Conserved En.    Temperature
   -1.59725e+05    3.39746e+04   -1.25750e+05   -1.24755e+05    3.35622e+02
 Pres. DC (bar) Pressure (bar)   Constr. rmsd
   -1.79422e+02   -2.37103e+02    2.33864e-06


DD  step 354999  vol min/aver 0.825  load imb.: force  2.4%
           Step           Time
         355000      710.00000

   Energies (kJ/mol)
           Bond          Angle    Proper Dih. Per. Imp. Dih.          LJ-14
    1.93066e+02    3.45250e+02    3.89625e+02    1.82002e+01    1.83842e+02
     Coulomb-14        LJ (SR)  Disper. corr.   Coulomb (SR)   Coul. recip.
    2.26187e+03    2.24142e+04   -1.37736e+03   -1.85495e+05    1.35559e+03
      Potential    Kinetic En.   Total Energy  Conserved En.    Temperature
   -1.59711e+05    3.48654e+04   -1.24845e+05   -1.24748e+05    3.44423e+02
 Pres. DC (bar) Pressure (bar)   Constr. rmsd
   -1.79300e+02   -1.24357e+02    2.06623e-06


DD  step 355999  vol min/aver 0.866  load imb.: force  2.2%
           Step           Time
         356000      712.00000

   Energies (kJ/mol)
           Bond          Angle    Proper Dih. Per. Imp. Dih.          LJ-14
    1.46705e+02    3.38835e+02    4.06569e+02    2.34386e+01    1.82382e+02
     Coulomb-14        LJ (SR)  Disper. corr.   Coulomb (SR)   Coul. recip.
    2.24157e+03    2.30096e+04   -1.38100e+03   -1.86235e+05    1.33938e+03
      Potential    Kinetic En.   Total Energy  Conserved En.    Temperature
   -1.59928e+05    3.47505e+04   -1.25177e+05   -1.24715e+05    3.43287e+02
 Pres. DC (bar) Pressure (bar)   Constr. rmsd
   -1.80248e+02    1.87006e+02    1.96036e-06


DD  step 356999  vol min/aver 0.780  load imb.: force  0.5%
           Step           Time
         357000      714.00000

   Energies (kJ/mol)
           Bond          Angle    Proper Dih. Per. Imp. Dih.          LJ-14
    1.29194e+02    3.29284e+02    3.66127e+02    1.05480e+01    1.78322e+02
     Coulomb-14        LJ (SR)  Disper. corr.   Coulomb (SR)   Coul. recip.
    2.32386e+03    2.31459e+04   -1.38240e+03   -1.86947e+05    1.27123e+03
      Potential    Kinetic En.   Total Energy  Conserved En.    Temperature
   -1.60575e+05    3.50541e+04   -1.25521e+05   -1.24662e+05    3.46286e+02
 Pres. DC (bar) Pressure (bar)   Constr. rmsd
   -1.80613e+02    1.21013e+02    3.04541e-06


DD  step 357999  vol min/aver 0.815  load imb.: force  0.4%
           Step           Time
         358000      716.00000

   Energies (kJ/mol)
           Bond          Angle    Proper Dih. Per. Imp. Dih.          LJ-14
    1.24913e+02    3.01920e+02    3.57209e+02    2.02258e+01    1.77570e+02
     Coulomb-14        LJ (SR)  Disper. corr.   Coulomb (SR)   Coul. recip.
    2.31617e+03    2.32596e+04   -1.38081e+03   -1.87451e+05    1.33939e+03
      Potential    Kinetic En.   Total Energy  Conserved En.    Temperature
   -1.60935e+05    3.44963e+04   -1.26439e+05   -1.24699e+05    3.40776e+02
 Pres. DC (bar) Pressure (bar)   Constr. rmsd
   -1.80199e+02    1.03291e+02    1.93622e-06


DD  step 358999  vol min/aver 0.834  load imb.: force 11.8%
           Step           Time
         359000      718.00000

   Energies (kJ/mol)
           Bond          Angle    Proper Dih. Per. Imp. Dih.          LJ-14
    1.44829e+02    2.90797e+02    3.69930e+02    2.84565e+01    1.88644e+02
     Coulomb-14        LJ (SR)  Disper. corr.   Coulomb (SR)   Coul. recip.
    2.34424e+03    2.27676e+04   -1.38289e+03   -1.86421e+05    1.41129e+03
      Potential    Kinetic En.   Total Energy  Conserved En.    Temperature
   -1.60258e+05    3.45469e+04   -1.25711e+05   -1.24663e+05    3.41277e+02
 Pres. DC (bar) Pressure (bar)   Constr. rmsd
   -1.80742e+02   -3.75057e+01    3.31417e-06


DD  step 359999  vol min/aver 0.802  load imb.: force  1.7%
           Step           Time
         360000      720.00000

   Energies (kJ/mol)
           Bond          Angle    Proper Dih. Per. Imp. Dih.          LJ-14
    1.55734e+02    3.34749e+02    3.51782e+02    1.97827e+01    1.76653e+02
     Coulomb-14        LJ (SR)  Disper. corr.   Coulomb (SR)   Coul. recip.
    2.30596e+03    2.35682e+04   -1.37838e+03   -1.87070e+05    1.31760e+03
      Potential    Kinetic En.   Total Energy  Conserved En.    Temperature
   -1.60218e+05    3.45881e+04   -1.25630e+05   -1.24695e+05    3.41683e+02
 Pres. DC (bar) Pressure (bar)   Constr. rmsd
   -1.79566e+02    3.06792e+02    2.02298e-06


DD  step 360999  vol min/aver 0.798  load imb.: force  0.8%
           Step           Time
         361000      722.00000

   Energies (kJ/mol)
           Bond          Angle    Proper Dih. Per. Imp. Dih.          LJ-14
    1.32582e+02    3.31918e+02    3.59554e+02    2.25865e+01    1.82827e+02
     Coulomb-14        LJ (SR)  Disper. corr.   Coulomb (SR)   Coul. recip.
    2.30277e+03    2.24395e+04   -1.37772e+03   -1.85668e+05    1.38212e+03
      Potential    Kinetic En.   Total Energy  Conserved En.    Temperature
   -1.59892e+05    3.35117e+04   -1.26380e+05   -1.24676e+05    3.31050e+02
 Pres. DC (bar) Pressure (bar)   Constr. rmsd
   -1.79395e+02   -1.21819e+02    2.23493e-06


DD  step 361999  vol min/aver 0.812  load imb.: force  2.1%
           Step           Time
         362000      724.00000

   Energies (kJ/mol)
           Bond          Angle    Proper Dih. Per. Imp. Dih.          LJ-14
    1.36751e+02    3.54748e+02    3.62728e+02    1.57689e+01    1.69412e+02
     Coulomb-14        LJ (SR)  Disper. corr.   Coulomb (SR)   Coul. recip.
    2.27321e+03    2.29123e+04   -1.37189e+03   -1.86663e+05    1.42799e+03
      Potential    Kinetic En.   Total Energy  Conserved En.    Temperature
   -1.60382e+05    3.43587e+04   -1.26023e+05   -1.24770e+05    3.39417e+02
 Pres. DC (bar) Pressure (bar)   Constr. rmsd
   -1.77881e+02   -9.58053e+01    2.56248e-06


DD  step 362999  vol min/aver 0.817  load imb.: force  2.0%
           Step           Time
         363000      726.00000

   Energies (kJ/mol)
           Bond          Angle    Proper Dih. Per. Imp. Dih.          LJ-14
    1.15891e+02    3.28234e+02    3.82546e+02    1.07581e+01    1.87379e+02
     Coulomb-14        LJ (SR)  Disper. corr.   Coulomb (SR)   Coul. recip.
    2.31985e+03    2.25984e+04   -1.37035e+03   -1.85657e+05    1.30112e+03
      Potential    Kinetic En.   Total Energy  Conserved En.    Temperature
   -1.59783e+05    3.46107e+04   -1.25172e+05   -1.24824e+05    3.41906e+02
 Pres. DC (bar) Pressure (bar)   Constr. rmsd
   -1.77483e+02   -9.73627e+01    1.86323e-06


DD  step 363999  vol min/aver 0.800  load imb.: force  1.2%
           Step           Time
         364000      728.00000

   Energies (kJ/mol)
           Bond          Angle    Proper Dih. Per. Imp. Dih.          LJ-14
    1.30154e+02    3.17725e+02    3.47570e+02    1.74332e+01    1.63415e+02
     Coulomb-14        LJ (SR)  Disper. corr.   Coulomb (SR)   Coul. recip.
    2.28443e+03    2.26526e+04   -1.37212e+03   -1.86549e+05    1.35252e+03
      Potential    Kinetic En.   Total Energy  Conserved En.    Temperature
   -1.60655e+05    3.43637e+04   -1.26292e+05   -1.24781e+05    3.39466e+02
 Pres. DC (bar) Pressure (bar)   Constr. rmsd
   -1.77940e+02   -3.35758e+02    2.72792e-06


DD  step 364999  vol min/aver 0.786  load imb.: force  1.1%
           Step           Time
         365000      730.00000

   Energies (kJ/mol)
           Bond          Angle    Proper Dih. Per. Imp. Dih.          LJ-14
    1.45044e+02    3.26863e+02    3.50425e+02    3.67455e+01    1.82736e+02
     Coulomb-14        LJ (SR)  Disper. corr.   Coulomb (SR)   Coul. recip.
    2.33487e+03    2.30439e+04   -1.36108e+03   -1.85871e+05    1.36434e+03
      Potential    Kinetic En.   Total Energy  Conserved En.    Temperature
   -1.59447e+05    3.43846e+04   -1.25063e+05   -1.24927e+05    3.39673e+02
 Pres. DC (bar) Pressure (bar)   Constr. rmsd
   -1.75093e+02    9.07545e+00    1.88886e-06


DD  step 365999  vol min/aver 0.784  load imb.: force  1.3%
           Step           Time
         366000      732.00000

   Energies (kJ/mol)
           Bond          Angle    Proper Dih. Per. Imp. Dih.          LJ-14
    1.61132e+02    3.48681e+02    3.55652e+02    2.04560e+01    1.74812e+02
     Coulomb-14        LJ (SR)  Disper. corr.   Coulomb (SR)   Coul. recip.
    2.33181e+03    2.31082e+04   -1.37481e+03   -1.86682e+05    1.26961e+03
      Potential    Kinetic En.   Total Energy  Conserved En.    Temperature
   -1.60286e+05    3.48391e+04   -1.25447e+05   -1.24698e+05    3.44163e+02
 Pres. DC (bar) Pressure (bar)   Constr. rmsd
   -1.78636e+02    4.66565e+01    2.64716e-06


DD  step 366999  vol min/aver 0.819  load imb.: force  1.2%
           Step           Time
         367000      734.00000

   Energies (kJ/mol)
           Bond          Angle    Proper Dih. Per. Imp. Dih.          LJ-14
    1.62096e+02    3.06588e+02    3.88407e+02    3.23998e+01    1.73776e+02
     Coulomb-14        LJ (SR)  Disper. corr.   Coulomb (SR)   Coul. recip.
    2.33127e+03    2.30776e+04   -1.36962e+03   -1.85765e+05    1.39216e+03
      Potential    Kinetic En.   Total Energy  Conserved En.    Temperature
   -1.59270e+05    3.45170e+04   -1.24753e+05   -1.24772e+05    3.40981e+02
 Pres. DC (bar) Pressure (bar)   Constr. rmsd
   -1.77292e+02    2.49047e+02    2.80095e-06


DD  step 367999  vol min/aver 0.845  load imb.: force  0.7%
           Step           Time
         368000      736.00000

   Energies (kJ/mol)
           Bond          Angle    Proper Dih. Per. Imp. Dih.          LJ-14
    1.64606e+02    3.26068e+02    3.79626e+02    2.20207e+01    1.75680e+02
     Coulomb-14        LJ (SR)  Disper. corr.   Coulomb (SR)   Coul. recip.
    2.30951e+03    2.26406e+04   -1.36722e+03   -1.86226e+05    1.38011e+03
      Potential    Kinetic En.   Total Energy  Conserved En.    Temperature
   -1.60195e+05    3.53205e+04   -1.24875e+05   -1.24803e+05    3.48919e+02
 Pres. DC (bar) Pressure (bar)   Constr. rmsd
   -1.76672e+02   -1.57867e+02    3.67126e-06


DD  step 368999  vol min/aver 0.800  load imb.: force  0.4%
           Step           Time
         369000      738.00000

   Energies (kJ/mol)
           Bond          Angle    Proper Dih. Per. Imp. Dih.          LJ-14
    2.24090e+02    3.43147e+02    3.63961e+02    2.90580e+01    1.83845e+02
     Coulomb-14        LJ (SR)  Disper. corr.   Coulomb (SR)   Coul. recip.
    2.25658e+03    2.33938e+04   -1.36392e+03   -1.86005e+05    1.39739e+03
      Potential    Kinetic En.   Total Energy  Conserved En.    Temperature
   -1.59177e+05    3.46201e+04   -1.24557e+05   -1.24796e+05    3.42000e+02
 Pres. DC (bar) Pressure (bar)   Constr. rmsd
   -1.75822e+02    2.92559e+02    2.49813e-06


DD  step 369999  vol min/aver 0.789  load imb.: force  1.1%
           Step           Time
         370000      740.00000

   Energies (kJ/mol)
           Bond          Angle    Proper Dih. Per. Imp. Dih.          LJ-14
    1.18202e+02    3.09555e+02    4.04092e+02    3.09061e+01    1.77786e+02
     Coulomb-14        LJ (SR)  Disper. corr.   Coulomb (SR)   Coul. recip.
    2.30255e+03    2.22653e+04   -1.35941e+03   -1.85159e+05    1.40650e+03
      Potential    Kinetic En.   Total Energy  Conserved En.    Temperature
   -1.59504e+05    3.49991e+04   -1.24505e+05   -1.24952e+05    3.45743e+02
 Pres. DC (bar) Pressure (bar)   Constr. rmsd
   -1.74663e+02   -2.73776e+02    3.09819e-06


DD  step 370999  vol min/aver 0.839  load imb.: force  0.6%
           Step           Time
         371000      742.00000

   Energies (kJ/mol)
           Bond          Angle    Proper Dih. Per. Imp. Dih.          LJ-14
    1.37149e+02    3.31909e+02    3.87039e+02    1.64226e+01    1.88048e+02
     Coulomb-14        LJ (SR)  Disper. corr.   Coulomb (SR)   Coul. recip.
    2.38370e+03    2.18544e+04   -1.36271e+03   -1.84202e+05    1.38900e+03
      Potential    Kinetic En.   Total Energy  Conserved En.    Temperature
   -1.58877e+05    3.51808e+04   -1.23696e+05   -1.24855e+05    3.47538e+02
 Pres. DC (bar) Pressure (bar)   Constr. rmsd
   -1.75510e+02   -2.10785e+02    4.08008e-06


DD  step 371999  vol min/aver 0.833  load imb.: force  5.1%
           Step           Time
         372000      744.00000

   Energies (kJ/mol)
           Bond          Angle    Proper Dih. Per. Imp. Dih.          LJ-14
    1.31871e+02    3.32136e+02    3.51552e+02    2.04530e+01    1.82179e+02
     Coulomb-14        LJ (SR)  Disper. corr.   Coulomb (SR)   Coul. recip.
    2.32162e+03    2.23885e+04   -1.36197e+03   -1.85170e+05    1.38928e+03
      Potential    Kinetic En.   Total Energy  Conserved En.    Temperature
   -1.59415e+05    3.46296e+04   -1.24785e+05   -1.24900e+05    3.42093e+02
 Pres. DC (bar) Pressure (bar)   Constr. rmsd
   -1.75321e+02   -2.67315e+02    1.86067e-06


DD  step 372999  vol min/aver 0.798  load imb.: force  0.8%
           Step           Time
         373000      746.00000

   Energies (kJ/mol)
           Bond          Angle    Proper Dih. Per. Imp. Dih.          LJ-14
    1.40131e+02    2.97115e+02    4.02380e+02    1.90564e+01    1.76872e+02
     Coulomb-14        LJ (SR)  Disper. corr.   Coulomb (SR)   Coul. recip.
    2.30926e+03    2.30291e+04   -1.36449e+03   -1.86452e+05    1.35727e+03
      Potential    Kinetic En.   Total Energy  Conserved En.    Temperature
   -1.60085e+05    3.44858e+04   -1.25599e+05   -1.24771e+05    3.40673e+02
 Pres. DC (bar) Pressure (bar)   Constr. rmsd
   -1.75968e+02    3.20975e+01    1.63460e-06


DD  step 373999  vol min/aver 0.795  load imb.: force  0.6%
           Step           Time
         374000      748.00000

   Energies (kJ/mol)
           Bond          Angle    Proper Dih. Per. Imp. Dih.          LJ-14
    1.46284e+02    3.40389e+02    3.74712e+02    3.46147e+01    1.72484e+02
     Coulomb-14        LJ (SR)  Disper. corr.   Coulomb (SR)   Coul. recip.
    2.33453e+03    2.30444e+04   -1.36802e+03   -1.86420e+05    1.37072e+03
      Potential    Kinetic En.   Total Energy  Conserved En.    Temperature
   -1.59970e+05    3.40974e+04   -1.25873e+05   -1.24723e+05    3.36836e+02
 Pres. DC (bar) Pressure (bar)   Constr. rmsd
   -1.76878e+02    9.56986e+01    1.74357e-06


DD  step 374999  vol min/aver 0.809  load imb.: force  5.0%
           Step           Time
         375000      750.00000

   Energies (kJ/mol)
           Bond          Angle    Proper Dih. Per. Imp. Dih.          LJ-14
    1.33203e+02    3.30772e+02    3.59244e+02    2.60614e+01    1.84348e+02
     Coulomb-14        LJ (SR)  Disper. corr.   Coulomb (SR)   Coul. recip.
    2.29358e+03    2.24328e+04   -1.37260e+03   -1.85946e+05    1.40987e+03
      Potential    Kinetic En.   Total Energy  Conserved En.    Temperature
   -1.60149e+05    3.45457e+04   -1.25603e+05   -1.24595e+05    3.41264e+02
 Pres. DC (bar) Pressure (bar)   Constr. rmsd
   -1.78063e+02   -1.10742e+02    2.15039e-06


DD  step 375999  vol min/aver 0.840  load imb.: force  4.1%
           Step           Time
         376000      752.00000

   Energies (kJ/mol)
           Bond          Angle    Proper Dih. Per. Imp. Dih.          LJ-14
    1.73159e+02    3.80283e+02    3.38914e+02    1.54036e+01    1.74742e+02
     Coulomb-14        LJ (SR)  Disper. corr.   Coulomb (SR)   Coul. recip.
    2.31949e+03    2.36158e+04   -1.37382e+03   -1.87386e+05    1.37572e+03
      Potential    Kinetic En.   Total Energy  Conserved En.    Temperature
   -1.60366e+05    3.43905e+04   -1.25976e+05   -1.24581e+05    3.39731e+02
 Pres. DC (bar) Pressure (bar)   Constr. rmsd
   -1.78382e+02    1.81005e+02    2.61935e-06


DD  step 376999  vol min/aver 0.795  load imb.: force  0.7%
           Step           Time
         377000      754.00000

   Energies (kJ/mol)
           Bond          Angle    Proper Dih. Per. Imp. Dih.          LJ-14
    1.49216e+02    3.38088e+02    3.51139e+02    1.51153e+01    1.96114e+02
     Coulomb-14        LJ (SR)  Disper. corr.   Coulomb (SR)   Coul. recip.
    2.31225e+03    2.31368e+04   -1.37691e+03   -1.87101e+05    1.40923e+03
      Potential    Kinetic En.   Total Energy  Conserved En.    Temperature
   -1.60570e+05    3.45029e+04   -1.26067e+05   -1.24554e+05    3.40841e+02
 Pres. DC (bar) Pressure (bar)   Constr. rmsd
   -1.79182e+02    9.76314e+01    3.33513e-06


DD  step 377999  vol min/aver 0.802  load imb.: force  1.2%
           Step           Time
         378000      756.00000

   Energies (kJ/mol)
           Bond          Angle    Proper Dih. Per. Imp. Dih.          LJ-14
    1.41946e+02    3.53115e+02    3.77359e+02    1.93549e+01    1.72509e+02
     Coulomb-14        LJ (SR)  Disper. corr.   Coulomb (SR)   Coul. recip.
    2.34502e+03    2.29164e+04   -1.37998e+03   -1.86805e+05    1.35254e+03
      Potential    Kinetic En.   Total Energy  Conserved En.    Temperature
   -1.60507e+05    3.40507e+04   -1.26456e+05   -1.24467e+05    3.36374e+02
 Pres. DC (bar) Pressure (bar)   Constr. rmsd
   -1.79982e+02   -1.98603e+02    2.38641e-06


DD  step 378999  vol min/aver 0.814  load imb.: force  1.3%
           Step           Time
         379000      758.00000

   Energies (kJ/mol)
           Bond          Angle    Proper Dih. Per. Imp. Dih.          LJ-14
    1.77803e+02    4.20817e+02    4.01797e+02    2.47801e+01    1.65378e+02
     Coulomb-14        LJ (SR)  Disper. corr.   Coulomb (SR)   Coul. recip.
    2.30936e+03    2.35854e+04   -1.38718e+03   -1.87176e+05    1.30651e+03
      Potential    Kinetic En.   Total Energy  Conserved En.    Temperature
   -1.60171e+05    3.41760e+04   -1.25995e+05   -1.24377e+05    3.37612e+02
 Pres. DC (bar) Pressure (bar)   Constr. rmsd
   -1.81863e+02    3.51964e+02    1.66190e-06


DD  step 379999  vol min/aver 0.835  load imb.: force  2.3%
           Step           Time
         380000      760.00000

   Energies (kJ/mol)
           Bond          Angle    Proper Dih. Per. Imp. Dih.          LJ-14
    1.31023e+02    3.25716e+02    3.73793e+02    1.92909e+01    1.73598e+02
     Coulomb-14        LJ (SR)  Disper. corr.   Coulomb (SR)   Coul. recip.
    2.35563e+03    2.34412e+04   -1.38743e+03   -1.87663e+05    1.28762e+03
      Potential    Kinetic En.   Total Energy  Conserved En.    Temperature
   -1.60942e+05    3.38609e+04   -1.27081e+05   -1.24381e+05    3.34500e+02
 Pres. DC (bar) Pressure (bar)   Constr. rmsd
   -1.81928e+02    1.78235e+02    3.85881e-06


DD  step 380999  vol min/aver 0.819  load imb.: force 12.0%
           Step           Time
         381000      762.00000

   Energies (kJ/mol)
           Bond          Angle    Proper Dih. Per. Imp. Dih.          LJ-14
    1.46842e+02    3.18646e+02    3.97012e+02    3.13749e+01    1.82237e+02
     Coulomb-14        LJ (SR)  Disper. corr.   Coulomb (SR)   Coul. recip.
    2.37300e+03    2.33235e+04   -1.38656e+03   -1.86973e+05    1.37257e+03
      Potential    Kinetic En.   Total Energy  Conserved En.    Temperature
   -1.60215e+05    3.42895e+04   -1.25925e+05   -1.24317e+05    3.38733e+02
 Pres. DC (bar) Pressure (bar)   Constr. rmsd
   -1.81699e+02    2.05959e+02    3.58557e-06


DD  step 381999  vol min/aver 0.823  load imb.: force  1.7%
           Step           Time
         382000      764.00000

   Energies (kJ/mol)
           Bond          Angle    Proper Dih. Per. Imp. Dih.          LJ-14
    1.45468e+02    3.22295e+02    3.68954e+02    2.92233e+01    1.94649e+02
     Coulomb-14        LJ (SR)  Disper. corr.   Coulomb (SR)   Coul. recip.
    2.29113e+03    2.28617e+04   -1.39095e+03   -1.86804e+05    1.31732e+03
      Potential    Kinetic En.   Total Energy  Conserved En.    Temperature
   -1.60665e+05    3.47328e+04   -1.25932e+05   -1.24309e+05    3.43113e+02
 Pres. DC (bar) Pressure (bar)   Constr. rmsd
   -1.82852e+02    1.83161e+01    2.29439e-06


DD  step 382999  vol min/aver 0.817  load imb.: force  2.3%
           Step           Time
         383000      766.00000

   Energies (kJ/mol)
           Bond          Angle    Proper Dih. Per. Imp. Dih.          LJ-14
    1.86727e+02    3.47635e+02    3.81785e+02    1.26113e+01    1.75186e+02
     Coulomb-14        LJ (SR)  Disper. corr.   Coulomb (SR)   Coul. recip.
    2.35407e+03    2.26546e+04   -1.37621e+03   -1.86876e+05    1.36215e+03
      Potential    Kinetic En.   Total Energy  Conserved En.    Temperature
   -1.60777e+05    3.43155e+04   -1.26462e+05   -1.24472e+05    3.38991e+02
 Pres. DC (bar) Pressure (bar)   Constr. rmsd
   -1.79001e+02   -3.09872e+02    2.23618e-06


DD  step 383999  vol min/aver 0.798  load imb.: force  2.3%
           Step           Time
         384000      768.00000

   Energies (kJ/mol)
           Bond          Angle    Proper Dih. Per. Imp. Dih.          LJ-14
    1.18379e+02    3.19458e+02    3.96496e+02    2.29502e+01    1.71662e+02
     Coulomb-14        LJ (SR)  Disper. corr.   Coulomb (SR)   Coul. recip.
    2.31334e+03    2.33152e+04   -1.39319e+03   -1.87378e+05    1.34147e+03
      Potential    Kinetic En.   Total Energy  Conserved En.    Temperature
   -1.60772e+05    3.44983e+04   -1.26274e+05   -1.24182e+05    3.40796e+02
 Pres. DC (bar) Pressure (bar)   Constr. rmsd
   -1.83440e+02    3.00564e+02    3.22642e-06


DD  step 384999  vol min/aver 0.840  load imb.: force  2.4%
           Step           Time
         385000      770.00000

   Energies (kJ/mol)
           Bond          Angle    Proper Dih. Per. Imp. Dih.          LJ-14
    1.10052e+02    3.15351e+02    3.66278e+02    2.46486e+01    1.87905e+02
     Coulomb-14        LJ (SR)  Disper. corr.   Coulomb (SR)   Coul. recip.
    2.31340e+03    2.31893e+04   -1.38629e+03   -1.87246e+05    1.31950e+03
      Potential    Kinetic En.   Total Energy  Conserved En.    Temperature
   -1.60806e+05    3.42263e+04   -1.26580e+05   -1.24326e+05    3.38109e+02
 Pres. DC (bar) Pressure (bar)   Constr. rmsd
   -1.81629e+02    1.63939e+02    2.92775e-06


DD  step 385999  vol min/aver 0.801  load imb.: force  1.1%
           Step           Time
         386000      772.00000

   Energies (kJ/mol)
           Bond          Angle    Proper Dih. Per. Imp. Dih.          LJ-14
    1.37038e+02    3.09523e+02    3.83216e+02    3.74921e+01    1.85731e+02
     Coulomb-14        LJ (SR)  Disper. corr.   Coulomb (SR)   Coul. recip.
    2.31089e+03    2.21493e+04   -1.39215e+03   -1.85947e+05    1.35625e+03
      Potential    Kinetic En.   Total Energy  Conserved En.    Temperature
   -1.60470e+05    3.44137e+04   -1.26056e+05   -1.24200e+05    3.39960e+02
 Pres. DC (bar) Pressure (bar)   Constr. rmsd
   -1.83166e+02   -2.19280e+02    2.42553e-06


DD  step 386999  vol min/aver 0.800  load imb.: force  1.0%
           Step           Time
         387000      774.00000

   Energies (kJ/mol)
           Bond          Angle    Proper Dih. Per. Imp. Dih.          LJ-14
    1.50635e+02    3.07859e+02    3.87707e+02    1.64389e+01    1.72055e+02
     Coulomb-14        LJ (SR)  Disper. corr.   Coulomb (SR)   Coul. recip.
    2.34711e+03    2.34527e+04   -1.38737e+03   -1.87657e+05    1.29267e+03
      Potential    Kinetic En.   Total Energy  Conserved En.    Temperature
   -1.60917e+05    3.44658e+04   -1.26451e+05   -1.24253e+05    3.40475e+02
 Pres. DC (bar) Pressure (bar)   Constr. rmsd
   -1.81912e+02    1.88433e+02    3.35013e-06


DD  step 387999  vol min/aver 0.831  load imb.: force  0.9%
           Step           Time
         388000      776.00000

   Energies (kJ/mol)
           Bond          Angle    Proper Dih. Per. Imp. Dih.          LJ-14
    1.44572e+02    3.40884e+02    3.60959e+02    2.30996e+01    1.84687e+02
     Coulomb-14        LJ (SR)  Disper. corr.   Coulomb (SR)   Coul. recip.
    2.27847e+03    2.27581e+04   -1.38712e+03   -1.86515e+05    1.36003e+03
      Potential    Kinetic En.   Total Energy  Conserved En.    Temperature
   -1.60451e+05    3.48445e+04   -1.25606e+05   -1.24234e+05    3.44216e+02
 Pres. DC (bar) Pressure (bar)   Constr. rmsd
   -1.81847e+02    1.22933e+02    3.32634e-06


DD  step 388999  vol min/aver 0.831  load imb.: force  1.9%
           Step           Time
         389000      778.00000

   Energies (kJ/mol)
           Bond          Angle    Proper Dih. Per. Imp. Dih.          LJ-14
    1.24483e+02    2.97068e+02    3.81057e+02    1.85142e+01    1.97710e+02
     Coulomb-14        LJ (SR)  Disper. corr.   Coulomb (SR)   Coul. recip.
    2.38753e+03    2.25226e+04   -1.39374e+03   -1.86460e+05    1.28182e+03
      Potential    Kinetic En.   Total Energy  Conserved En.    Temperature
   -1.60643e+05    3.46227e+04   -1.26020e+05   -1.24151e+05    3.42024e+02
 Pres. DC (bar) Pressure (bar)   Constr. rmsd
   -1.83584e+02    2.38928e+01    2.88097e-06


DD  step 389999  vol min/aver 0.881  load imb.: force  1.7%
           Step           Time
         390000      780.00000

   Energies (kJ/mol)
           Bond          Angle    Proper Dih. Per. Imp. Dih.          LJ-14
    1.42830e+02    3.27594e+02    3.89190e+02    2.19201e+01    1.69205e+02
     Coulomb-14        LJ (SR)  Disper. corr.   Coulomb (SR)   Coul. recip.
    2.35083e+03    2.35635e+04   -1.38442e+03   -1.88230e+05    1.29294e+03
      Potential    Kinetic En.   Total Energy  Conserved En.    Temperature
   -1.61356e+05    3.44907e+04   -1.26866e+05   -1.24280e+05    3.40721e+02
 Pres. DC (bar) Pressure (bar)   Constr. rmsd
   -1.81139e+02    1.58763e+02    2.28035e-06


DD  step 390999  vol min/aver 0.807  load imb.: force  3.8%
           Step           Time
         391000      782.00000

   Energies (kJ/mol)
           Bond          Angle    Proper Dih. Per. Imp. Dih.          LJ-14
    1.30631e+02    3.42439e+02    3.81094e+02    1.49125e+01    1.85388e+02
     Coulomb-14        LJ (SR)  Disper. corr.   Coulomb (SR)   Coul. recip.
    2.27053e+03    2.33910e+04   -1.37615e+03   -1.86938e+05    1.31379e+03
      Potential    Kinetic En.   Total Energy  Conserved En.    Temperature
   -1.60284e+05    3.35385e+04   -1.26746e+05   -1.24425e+05    3.31314e+02
 Pres. DC (bar) Pressure (bar)   Constr. rmsd
   -1.78985e+02    1.53777e+02    3.13654e-06


DD  step 391999  vol min/aver 0.803  load imb.: force  0.6%
           Step           Time
         392000      784.00000

   Energies (kJ/mol)
           Bond          Angle    Proper Dih. Per. Imp. Dih.          LJ-14
    1.35259e+02    3.28334e+02    3.77202e+02    2.35535e+01    1.72607e+02
     Coulomb-14        LJ (SR)  Disper. corr.   Coulomb (SR)   Coul. recip.
    2.32517e+03    2.29036e+04   -1.37653e+03   -1.86349e+05    1.33732e+03
      Potential    Kinetic En.   Total Energy  Conserved En.    Temperature
   -1.60123e+05    3.42034e+04   -1.25920e+05   -1.24361e+05    3.37883e+02
 Pres. DC (bar) Pressure (bar)   Constr. rmsd
   -1.79085e+02   -1.62105e+01    3.01307e-06


DD  step 392999  vol min/aver 0.834  load imb.: force  1.0%
           Step           Time
         393000      786.00000

   Energies (kJ/mol)
           Bond          Angle    Proper Dih. Per. Imp. Dih.          LJ-14
    1.39834e+02    3.55142e+02    3.58006e+02    2.17971e+01    1.81280e+02
     Coulomb-14        LJ (SR)  Disper. corr.   Coulomb (SR)   Coul. recip.
    2.27826e+03    2.29886e+04   -1.38202e+03   -1.86025e+05    1.34494e+03
      Potential    Kinetic En.   Total Energy  Conserved En.    Temperature
   -1.59739e+05    3.40629e+04   -1.25676e+05   -1.24296e+05    3.36495e+02
 Pres. DC (bar) Pressure (bar)   Constr. rmsd
   -1.80513e+02    1.70193e+02    1.89883e-06


DD  step 393999  vol min/aver 0.881  load imb.: force  4.8%
           Step           Time
         394000      788.00000

   Energies (kJ/mol)
           Bond          Angle    Proper Dih. Per. Imp. Dih.          LJ-14
    1.54526e+02    3.72675e+02    3.76552e+02    2.33599e+01    1.70921e+02
     Coulomb-14        LJ (SR)  Disper. corr.   Coulomb (SR)   Coul. recip.
    2.35990e+03    2.27930e+04   -1.37340e+03   -1.86451e+05    1.36693e+03
      Potential    Kinetic En.   Total Energy  Conserved En.    Temperature
   -1.60207e+05    3.44908e+04   -1.25716e+05   -1.24414e+05    3.40722e+02
 Pres. DC (bar) Pressure (bar)   Constr. rmsd
   -1.78271e+02   -2.77859e+01    2.81121e-06


DD  step 394999  vol min/aver 0.808  load imb.: force  0.7%
           Step           Time
         395000      790.00000

   Energies (kJ/mol)
           Bond          Angle    Proper Dih. Per. Imp. Dih.          LJ-14
    1.27611e+02    3.80552e+02    3.67873e+02    2.68034e+01    1.81656e+02
     Coulomb-14        LJ (SR)  Disper. corr.   Coulomb (SR)   Coul. recip.
    2.31608e+03    2.23232e+04   -1.37324e+03   -1.85730e+05    1.36107e+03
      Potential    Kinetic En.   Total Energy  Conserved En.    Temperature
   -1.60019e+05    3.44237e+04   -1.25595e+05   -1.24394e+05    3.40059e+02
 Pres. DC (bar) Pressure (bar)   Constr. rmsd
   -1.78230e+02   -2.07136e+02    2.96129e-06


DD  step 395999  vol min/aver 0.827  load imb.: force  1.6%
           Step           Time
         396000      792.00000

   Energies (kJ/mol)
           Bond          Angle    Proper Dih. Per. Imp. Dih.          LJ-14
    1.46120e+02    3.13917e+02    3.69418e+02    1.36595e+01    1.76519e+02
     Coulomb-14        LJ (SR)  Disper. corr.   Coulomb (SR)   Coul. recip.
    2.32627e+03    2.30392e+04   -1.37451e+03   -1.86505e+05    1.28739e+03
      Potential    Kinetic En.   Total Energy  Conserved En.    Temperature
   -1.60207e+05    3.39928e+04   -1.26215e+05   -1.24370e+05    3.35802e+02
 Pres. DC (bar) Pressure (bar)   Constr. rmsd
   -1.78560e+02    1.27996e+02    3.57557e-06


DD  step 396999  vol min/aver 0.826  load imb.: force  1.2%
           Step           Time
         397000      794.00000

   Energies (kJ/mol)
           Bond          Angle    Proper Dih. Per. Imp. Dih.          LJ-14
    1.48562e+02    3.27261e+02    3.63683e+02    2.76342e+01    1.88221e+02
     Coulomb-14        LJ (SR)  Disper. corr.   Coulomb (SR)   Coul. recip.
    2.32722e+03    2.29829e+04   -1.37571e+03   -1.86727e+05    1.26439e+03
      Potential    Kinetic En.   Total Energy  Conserved En.    Temperature
   -1.60473e+05    3.44090e+04   -1.26064e+05   -1.24420e+05    3.39914e+02
 Pres. DC (bar) Pressure (bar)   Constr. rmsd
   -1.78871e+02   -3.64750e+00    1.63527e-06


DD  step 397999  vol min/aver 0.820  load imb.: force  9.9%
           Step           Time
         398000      796.00000

   Energies (kJ/mol)
           Bond          Angle    Proper Dih. Per. Imp. Dih.          LJ-14
    1.31626e+02    3.27700e+02    4.25654e+02    2.36245e+01    2.00536e+02
     Coulomb-14        LJ (SR)  Disper. corr.   Coulomb (SR)   Coul. recip.
    2.31512e+03    2.30603e+04   -1.37587e+03   -1.86583e+05    1.29684e+03
      Potential    Kinetic En.   Total Energy  Conserved En.    Temperature
   -1.60178e+05    3.39850e+04   -1.26193e+05   -1.24317e+05    3.35725e+02
 Pres. DC (bar) Pressure (bar)   Constr. rmsd
   -1.78913e+02    1.29133e+02    1.80658e-06


DD  step 398999  vol min/aver 0.910  load imb.: force  2.8%
           Step           Time
         399000      798.00000

   Energies (kJ/mol)
           Bond          Angle    Proper Dih. Per. Imp. Dih.          LJ-14
    1.30095e+02    2.99532e+02    3.78492e+02    1.67010e+01    1.77365e+02
     Coulomb-14        LJ (SR)  Disper. corr.   Coulomb (SR)   Coul. recip.
    2.31338e+03    2.34134e+04   -1.38033e+03   -1.87791e+05    1.33456e+03
      Potential    Kinetic En.   Total Energy  Conserved En.    Temperature
   -1.61108e+05    3.42727e+04   -1.26835e+05   -1.24261e+05    3.38567e+02
 Pres. DC (bar) Pressure (bar)   Constr. rmsd
   -1.80074e+02    8.51263e+01    2.10003e-06


DD  step 399999  vol min/aver 0.793  load imb.: force  1.7%
           Step           Time
         400000      800.00000

   Energies (kJ/mol)
           Bond          Angle    Proper Dih. Per. Imp. Dih.          LJ-14
    1.42588e+02    2.91127e+02    4.00862e+02    2.92474e+01    1.85012e+02
     Coulomb-14        LJ (SR)  Disper. corr.   Coulomb (SR)   Coul. recip.
    2.33108e+03    2.37315e+04   -1.38050e+03   -1.87738e+05    1.35349e+03
      Potential    Kinetic En.   Total Energy  Conserved En.    Temperature
   -1.60654e+05    3.41232e+04   -1.26530e+05   -1.24278e+05    3.37091e+02
 Pres. DC (bar) Pressure (bar)   Constr. rmsd
   -1.80117e+02    3.57144e+02    2.86095e-06


DD  step 400999  vol min/aver 0.813  load imb.: force  3.5%
           Step           Time
         401000      802.00000

   Energies (kJ/mol)
           Bond          Angle    Proper Dih. Per. Imp. Dih.          LJ-14
    1.55868e+02    3.01070e+02    3.88157e+02    2.59447e+01    1.51038e+02
     Coulomb-14        LJ (SR)  Disper. corr.   Coulomb (SR)   Coul. recip.
    2.33118e+03    2.36965e+04   -1.37476e+03   -1.87756e+05    1.27713e+03
      Potential    Kinetic En.   Total Energy  Conserved En.    Temperature
   -1.60804e+05    3.46635e+04   -1.26140e+05   -1.24293e+05    3.42428e+02
 Pres. DC (bar) Pressure (bar)   Constr. rmsd
   -1.78626e+02    1.14262e+02    3.17293e-06


DD  step 401999  vol min/aver 0.804  load imb.: force  2.5%
           Step           Time
         402000      804.00000

   Energies (kJ/mol)
           Bond          Angle    Proper Dih. Per. Imp. Dih.          LJ-14
    1.80109e+02    3.03526e+02    3.86377e+02    2.09356e+01    1.73407e+02
     Coulomb-14        LJ (SR)  Disper. corr.   Coulomb (SR)   Coul. recip.
    2.30667e+03    2.34551e+04   -1.36557e+03   -1.87391e+05    1.34459e+03
      Potential    Kinetic En.   Total Energy  Conserved En.    Temperature
   -1.60586e+05    3.45165e+04   -1.26069e+05   -1.24457e+05    3.40976e+02
 Pres. DC (bar) Pressure (bar)   Constr. rmsd
   -1.76247e+02    2.25174e+01    1.98639e-06


DD  step 402999  vol min/aver 0.820  load imb.: force  1.7%
           Step           Time
         403000      806.00000

   Energies (kJ/mol)
           Bond          Angle    Proper Dih. Per. Imp. Dih.          LJ-14
    1.90153e+02    3.22944e+02    3.79768e+02    2.33820e+01    1.55354e+02
     Coulomb-14        LJ (SR)  Disper. corr.   Coulomb (SR)   Coul. recip.
    2.33950e+03    2.23155e+04   -1.36553e+03   -1.85316e+05    1.42910e+03
      Potential    Kinetic En.   Total Energy  Conserved En.    Temperature
   -1.59526e+05    3.43672e+04   -1.25158e+05   -1.24450e+05    3.39501e+02
 Pres. DC (bar) Pressure (bar)   Constr. rmsd
   -1.76238e+02   -3.47764e+02    2.47720e-06


DD  step 403999  vol min/aver 0.830  load imb.: force  1.9%
           Step           Time
         404000      808.00000

   Energies (kJ/mol)
           Bond          Angle    Proper Dih. Per. Imp. Dih.          LJ-14
    1.82567e+02    3.08230e+02    3.97151e+02    3.13748e+01    1.69957e+02
     Coulomb-14        LJ (SR)  Disper. corr.   Coulomb (SR)   Coul. recip.
    2.33667e+03    2.30536e+04   -1.36159e+03   -1.86407e+05    1.29679e+03
      Potential    Kinetic En.   Total Energy  Conserved En.    Temperature
   -1.59992e+05    3.47205e+04   -1.25272e+05   -1.24468e+05    3.42991e+02
 Pres. DC (bar) Pressure (bar)   Constr. rmsd
   -1.75223e+02   -7.40975e+01    2.89134e-06


DD  step 404999  vol min/aver 0.840  load imb.: force  3.4%
           Step           Time
         405000      810.00000

   Energies (kJ/mol)
           Bond          Angle    Proper Dih. Per. Imp. Dih.          LJ-14
    1.38866e+02    3.05948e+02    3.97793e+02    2.58107e+01    1.68029e+02
     Coulomb-14        LJ (SR)  Disper. corr.   Coulomb (SR)   Coul. recip.
    2.33803e+03    2.22925e+04   -1.37056e+03   -1.84984e+05    1.37813e+03
      Potential    Kinetic En.   Total Energy  Conserved En.    Temperature
   -1.59310e+05    3.41697e+04   -1.25140e+05   -1.24325e+05    3.37550e+02
 Pres. DC (bar) Pressure (bar)   Constr. rmsd
   -1.77535e+02   -1.85440e+02    1.59685e-06


DD  step 405999  vol min/aver 0.825  load imb.: force  3.6%
           Step           Time
         406000      812.00000

   Energies (kJ/mol)
           Bond          Angle    Proper Dih. Per. Imp. Dih.          LJ-14
    1.77086e+02    3.87825e+02    3.88587e+02    2.68039e+01    1.55077e+02
     Coulomb-14        LJ (SR)  Disper. corr.   Coulomb (SR)   Coul. recip.
    2.33374e+03    2.21350e+04   -1.36826e+03   -1.84478e+05    1.33230e+03
      Potential    Kinetic En.   Total Energy  Conserved En.    Temperature
   -1.58910e+05    3.42273e+04   -1.24683e+05   -1.24297e+05    3.38119e+02
 Pres. DC (bar) Pressure (bar)   Constr. rmsd
   -1.76942e+02   -2.80175e+02    1.52535e-06


DD  step 406999  vol min/aver 0.809  load imb.: force  1.4%
           Step           Time
         407000      814.00000

   Energies (kJ/mol)
           Bond          Angle    Proper Dih. Per. Imp. Dih.          LJ-14
    1.67236e+02    2.88061e+02    3.78186e+02    2.15853e+01    1.66543e+02
     Coulomb-14        LJ (SR)  Disper. corr.   Coulomb (SR)   Coul. recip.
    2.37999e+03    2.26567e+04   -1.38149e+03   -1.85836e+05    1.37571e+03
      Potential    Kinetic En.   Total Energy  Conserved En.    Temperature
   -1.59784e+05    3.45727e+04   -1.25211e+05   -1.24161e+05    3.41531e+02
 Pres. DC (bar) Pressure (bar)   Constr. rmsd
   -1.80376e+02    2.95515e+01    3.58059e-06


DD  step 407999  vol min/aver 0.853  load imb.: force  4.6%
           Step           Time
         408000      816.00000

   Energies (kJ/mol)
           Bond          Angle    Proper Dih. Per. Imp. Dih.          LJ-14
    1.20123e+02    3.53185e+02    3.86336e+02    3.23240e+01    1.69079e+02
     Coulomb-14        LJ (SR)  Disper. corr.   Coulomb (SR)   Coul. recip.
    2.29925e+03    2.39270e+04   -1.38247e+03   -1.87331e+05    1.30380e+03
      Potential    Kinetic En.   Total Energy  Conserved En.    Temperature
   -1.60123e+05    3.45792e+04   -1.25543e+05   -1.24134e+05    3.41596e+02
 Pres. DC (bar) Pressure (bar)   Constr. rmsd
   -1.80631e+02    5.70379e+02    2.89267e-06


DD  step 408999  vol min/aver 0.829  load imb.: force  2.4%
           Step           Time
         409000      818.00000

   Energies (kJ/mol)
           Bond          Angle    Proper Dih. Per. Imp. Dih.          LJ-14
    1.70551e+02    3.17494e+02    3.74053e+02    2.15740e+01    1.72313e+02
     Coulomb-14        LJ (SR)  Disper. corr.   Coulomb (SR)   Coul. recip.
    2.31370e+03    2.28958e+04   -1.38706e+03   -1.86538e+05    1.35381e+03
      Potential    Kinetic En.   Total Energy  Conserved En.    Temperature
   -1.60306e+05    3.43423e+04   -1.25964e+05   -1.24031e+05    3.39255e+02
 Pres. DC (bar) Pressure (bar)   Constr. rmsd
   -1.81831e+02    7.61755e+01    2.91083e-06


DD  step 409999  vol min/aver 0.810  load imb.: force  2.5%
           Step           Time
         410000      820.00000

   Energies (kJ/mol)
           Bond          Angle    Proper Dih. Per. Imp. Dih.          LJ-14
    1.57226e+02    3.49998e+02    4.13564e+02    2.31728e+01    1.78215e+02
     Coulomb-14        LJ (SR)  Disper. corr.   Coulomb (SR)   Coul. recip.
    2.29682e+03    2.25718e+04   -1.38435e+03   -1.86556e+05    1.32666e+03
      Potential    Kinetic En.   Total Energy  Conserved En.    Temperature
   -1.60622e+05    3.45339e+04   -1.26088e+05   -1.24073e+05    3.41148e+02
 Pres. DC (bar) Pressure (bar)   Constr. rmsd
   -1.81122e+02   -8.40106e+01    2.84771e-06


DD  step 410999  vol min/aver 0.811  load imb.: force  1.4%
           Step           Time
         411000      822.00000

   Energies (kJ/mol)
           Bond          Angle    Proper Dih. Per. Imp. Dih.          LJ-14
    1.49786e+02    3.35161e+02    3.74966e+02    1.26134e+01    1.85089e+02
     Coulomb-14        LJ (SR)  Disper. corr.   Coulomb (SR)   Coul. recip.
    2.32842e+03    2.30179e+04   -1.38081e+03   -1.87569e+05    1.39857e+03
      Potential    Kinetic En.   Total Energy  Conserved En.    Temperature
   -1.61148e+05    3.42884e+04   -1.26859e+05   -1.24110e+05    3.38723e+02
 Pres. DC (bar) Pressure (bar)   Constr. rmsd
   -1.80199e+02   -1.63547e+02    2.40750e-06


DD  step 411999  vol min/aver 0.842  load imb.: force  1.4%
           Step           Time
         412000      824.00000

   Energies (kJ/mol)
           Bond          Angle    Proper Dih. Per. Imp. Dih.          LJ-14
    1.49071e+02    3.53060e+02    4.03048e+02    2.12290e+01    1.73644e+02
     Coulomb-14        LJ (SR)  Disper. corr.   Coulomb (SR)   Coul. recip.
    2.27026e+03    2.29993e+04   -1.38119e+03   -1.86540e+05    1.36838e+03
      Potential    Kinetic En.   Total Energy  Conserved En.    Temperature
   -1.60183e+05    3.41409e+04   -1.26042e+05   -1.24086e+05    3.37266e+02
 Pres. DC (bar) Pressure (bar)   Constr. rmsd
   -1.80298e+02    4.07051e+01    4.39369e-06


DD  step 412999  vol min/aver 0.832  load imb.: force  3.0%
           Step           Time
         413000      826.00000

   Energies (kJ/mol)
           Bond          Angle    Proper Dih. Per. Imp. Dih.          LJ-14
    1.48467e+02    3.05657e+02    3.52979e+02    2.51504e+01    1.90501e+02
     Coulomb-14        LJ (SR)  Disper. corr.   Coulomb (SR)   Coul. recip.
    2.32067e+03    2.26531e+04   -1.37522e+03   -1.86085e+05    1.35847e+03
      Potential    Kinetic En.   Total Energy  Conserved En.    Temperature
   -1.60105e+05    3.37674e+04   -1.26338e+05   -1.24169e+05    3.33576e+02
 Pres. DC (bar) Pressure (bar)   Constr. rmsd
   -1.78743e+02   -6.02044e+01    3.21876e-06


DD  step 413999  vol min/aver 0.838  load imb.: force  1.9%
           Step           Time
         414000      828.00000

   Energies (kJ/mol)
           Bond          Angle    Proper Dih. Per. Imp. Dih.          LJ-14
    1.67756e+02    3.61143e+02    3.37059e+02    2.27536e+01    1.71681e+02
     Coulomb-14        LJ (SR)  Disper. corr.   Coulomb (SR)   Coul. recip.
    2.31598e+03    2.30451e+04   -1.37301e+03   -1.86442e+05    1.31992e+03
      Potential    Kinetic En.   Total Energy  Conserved En.    Temperature
   -1.60074e+05    3.43260e+04   -1.25748e+05   -1.24193e+05    3.39094e+02
 Pres. DC (bar) Pressure (bar)   Constr. rmsd
   -1.78170e+02    5.41874e+00    2.04039e-06


DD  step 414999  vol min/aver 0.821  load imb.: force  2.1%
           Step           Time
         415000      830.00000

   Energies (kJ/mol)
           Bond          Angle    Proper Dih. Per. Imp. Dih.          LJ-14
    1.31696e+02    3.11712e+02    3.67826e+02    2.28298e+01    1.86265e+02
     Coulomb-14        LJ (SR)  Disper. corr.   Coulomb (SR)   Coul. recip.
    2.32453e+03    2.34058e+04   -1.37508e+03   -1.86773e+05    1.34551e+03
      Potential    Kinetic En.   Total Energy  Conserved En.    Temperature
   -1.60052e+05    3.47916e+04   -1.25260e+05   -1.24163e+05    3.43693e+02
 Pres. DC (bar) Pressure (bar)   Constr. rmsd
   -1.78708e+02    2.70379e+02    2.58066e-06


DD  step 415999  vol min/aver 0.831  load imb.: force  2.0%
           Step           Time
         416000      832.00000

   Energies (kJ/mol)
           Bond          Angle    Proper Dih. Per. Imp. Dih.          LJ-14
    1.57053e+02    3.58673e+02    3.51439e+02    1.14694e+01    1.57895e+02
     Coulomb-14        LJ (SR)  Disper. corr.   Coulomb (SR)   Coul. recip.
    2.28165e+03    2.28429e+04   -1.36801e+03   -1.85705e+05    1.33084e+03
      Potential    Kinetic En.   Total Energy  Conserved En.    Temperature
   -1.59581e+05    3.38583e+04   -1.25722e+05   -1.24255e+05    3.34474e+02
 Pres. DC (bar) Pressure (bar)   Constr. rmsd
   -1.76878e+02   -1.97232e+01    2.02611e-06


DD  step 416999  vol min/aver 0.824  load imb.: force  2.1%
           Step           Time
         417000      834.00000

   Energies (kJ/mol)
           Bond          Angle    Proper Dih. Per. Imp. Dih.          LJ-14
    2.00363e+02    2.98590e+02    3.94153e+02    2.02523e+01    1.61790e+02
     Coulomb-14        LJ (SR)  Disper. corr.   Coulomb (SR)   Coul. recip.
    2.34516e+03    2.23761e+04   -1.37668e+03   -1.86055e+05    1.34315e+03
      Potential    Kinetic En.   Total Energy  Conserved En.    Temperature
   -1.60292e+05    3.50959e+04   -1.25197e+05   -1.24088e+05    3.46699e+02
 Pres. DC (bar) Pressure (bar)   Constr. rmsd
   -1.79122e+02   -2.62500e+02    2.59516e-06


DD  step 417999  vol min/aver 0.820  load imb.: force  1.4%
           Step           Time
         418000      836.00000

   Energies (kJ/mol)
           Bond          Angle    Proper Dih. Per. Imp. Dih.          LJ-14
    1.62499e+02    3.90846e+02    3.79815e+02    2.77232e+01    1.94397e+02
     Coulomb-14        LJ (SR)  Disper. corr.   Coulomb (SR)   Coul. recip.
    2.31889e+03    2.31309e+04   -1.37447e+03   -1.86085e+05    1.37801e+03
      Potential    Kinetic En.   Total Energy  Conserved En.    Temperature
   -1.59477e+05    3.42626e+04   -1.25214e+05   -1.24140e+05    3.38467e+02
 Pres. DC (bar) Pressure (bar)   Constr. rmsd
   -1.78549e+02    2.36391e+02    2.33160e-06


DD  step 418999  vol min/aver 0.823  load imb.: force  1.0%
           Step           Time
         419000      838.00000

   Energies (kJ/mol)
           Bond          Angle    Proper Dih. Per. Imp. Dih.          LJ-14
    1.60061e+02    3.28897e+02    4.09160e+02    1.42608e+01    1.79716e+02
     Coulomb-14        LJ (SR)  Disper. corr.   Coulomb (SR)   Coul. recip.
    2.32891e+03    2.31273e+04   -1.37153e+03   -1.86200e+05    1.39014e+03
      Potential    Kinetic En.   Total Energy  Conserved En.    Temperature
   -1.59633e+05    3.52429e+04   -1.24390e+05   -1.24201e+05    3.48151e+02
 Pres. DC (bar) Pressure (bar)   Constr. rmsd
   -1.77787e+02    1.57059e+02    3.49532e-06


DD  step 419999  vol min/aver 0.812  load imb.: force  1.4%
           Step           Time
         420000      840.00000

   Energies (kJ/mol)
           Bond          Angle    Proper Dih. Per. Imp. Dih.          LJ-14
    2.02605e+02    3.17628e+02    3.81417e+02    3.16054e+01    1.62182e+02
     Coulomb-14        LJ (SR)  Disper. corr.   Coulomb (SR)   Coul. recip.
    2.31046e+03    2.35866e+04   -1.36937e+03   -1.86776e+05    1.39234e+03
      Potential    Kinetic En.   Total Energy  Conserved En.    Temperature
   -1.59761e+05    3.44512e+04   -1.25310e+05   -1.24205e+05    3.40331e+02
 Pres. DC (bar) Pressure (bar)   Constr. rmsd
   -1.77228e+02    1.35785e+02    2.82029e-06


DD  step 420999  vol min/aver 0.869  load imb.: force  4.2%
           Step           Time
         421000      842.00000

   Energies (kJ/mol)
           Bond          Angle    Proper Dih. Per. Imp. Dih.          LJ-14
    1.91571e+02    2.86349e+02    3.70150e+02    2.20089e+01    1.79015e+02
     Coulomb-14        LJ (SR)  Disper. corr.   Coulomb (SR)   Coul. recip.
    2.29469e+03    2.19126e+04   -1.36096e+03   -1.85167e+05    1.32903e+03
      Potential    Kinetic En.   Total Energy  Conserved En.    Temperature
   -1.59943e+05    3.41626e+04   -1.25780e+05   -1.24331e+05    3.37480e+02
 Pres. DC (bar) Pressure (bar)   Constr. rmsd
   -1.75061e+02   -6.38980e+02    2.16305e-06


DD  step 421999  vol min/aver 0.834  load imb.: force  1.3%
           Step           Time
         422000      844.00000

   Energies (kJ/mol)
           Bond          Angle    Proper Dih. Per. Imp. Dih.          LJ-14
    2.11955e+02    3.20473e+02    3.92778e+02    1.73943e+01    1.78256e+02
     Coulomb-14        LJ (SR)  Disper. corr.   Coulomb (SR)   Coul. recip.
    2.28793e+03    2.38181e+04   -1.37339e+03   -1.87874e+05    1.33310e+03
      Potential    Kinetic En.   Total Energy  Conserved En.    Temperature
   -1.60688e+05    3.46030e+04   -1.26085e+05   -1.24084e+05    3.41830e+02
 Pres. DC (bar) Pressure (bar)   Constr. rmsd
   -1.78270e+02    1.60968e+02    1.59545e-06


DD  step 422999  vol min/aver 0.845  load imb.: force  1.9%
           Step           Time
         423000      846.00000

   Energies (kJ/mol)
           Bond          Angle    Proper Dih. Per. Imp. Dih.          LJ-14
    1.12421e+02    3.18578e+02    3.58054e+02    3.72976e+01    1.72525e+02
     Coulomb-14        LJ (SR)  Disper. corr.   Coulomb (SR)   Coul. recip.
    2.27993e+03    2.28979e+04   -1.37042e+03   -1.86494e+05    1.35197e+03
      Potential    Kinetic En.   Total Energy  Conserved En.    Temperature
   -1.60336e+05    3.39606e+04   -1.26375e+05   -1.24133e+05    3.35485e+02
 Pres. DC (bar) Pressure (bar)   Constr. rmsd
   -1.77501e+02   -6.04914e+01    3.07262e-06


DD  step 423999  vol min/aver 0.836  load imb.: force  2.5%
           Step           Time
         424000      848.00000

   Energies (kJ/mol)
           Bond          Angle    Proper Dih. Per. Imp. Dih.          LJ-14
    1.88069e+02    3.01006e+02    3.54436e+02    1.72384e+01    1.68917e+02
     Coulomb-14        LJ (SR)  Disper. corr.   Coulomb (SR)   Coul. recip.
    2.35193e+03    2.30431e+04   -1.36813e+03   -1.87290e+05    1.35300e+03
      Potential    Kinetic En.   Total Energy  Conserved En.    Temperature
   -1.60880e+05    3.43353e+04   -1.26545e+05   -1.24225e+05    3.39185e+02
 Pres. DC (bar) Pressure (bar)   Constr. rmsd
   -1.76907e+02   -2.35068e+02    2.48657e-06


DD  step 424999  vol min/aver 0.869  load imb.: force  2.5%
           Step           Time
         425000      850.00000

   Energies (kJ/mol)
           Bond          Angle    Proper Dih. Per. Imp. Dih.          LJ-14
    1.41872e+02    2.96127e+02    4.07453e+02    2.87576e+01    1.67294e+02
     Coulomb-14        LJ (SR)  Disper. corr.   Coulomb (SR)   Coul. recip.
    2.34954e+03    2.23978e+04   -1.36712e+03   -1.85805e+05    1.34131e+03
      Potential    Kinetic En.   Total Energy  Conserved En.    Temperature
   -1.60042e+05    3.42232e+04   -1.25819e+05   -1.24163e+05    3.38078e+02
 Pres. DC (bar) Pressure (bar)   Constr. rmsd
   -1.76647e+02   -3.53512e+02    2.43823e-06


DD  step 425999  vol min/aver 0.849  load imb.: force  2.3%
           Step           Time
         426000      852.00000

   Energies (kJ/mol)
           Bond          Angle    Proper Dih. Per. Imp. Dih.          LJ-14
    1.29026e+02    3.42138e+02    3.82188e+02    2.90790e+01    1.91825e+02
     Coulomb-14        LJ (SR)  Disper. corr.   Coulomb (SR)   Coul. recip.
    2.30020e+03    2.34692e+04   -1.36513e+03   -1.87397e+05    1.40889e+03
      Potential    Kinetic En.   Total Energy  Conserved En.    Temperature
   -1.60509e+05    3.46651e+04   -1.25844e+05   -1.24247e+05    3.42444e+02
 Pres. DC (bar) Pressure (bar)   Constr. rmsd
   -1.76135e+02    2.15619e+02    3.21520e-06


DD  step 426999  vol min/aver 0.834  load imb.: force  1.3%
           Step           Time
         427000      854.00000

   Energies (kJ/mol)
           Bond          Angle    Proper Dih. Per. Imp. Dih.          LJ-14
    1.50017e+02    3.28530e+02    3.60533e+02    2.42921e+01    1.71416e+02
     Coulomb-14        LJ (SR)  Disper. corr.   Coulomb (SR)   Coul. recip.
    2.27176e+03    2.31649e+04   -1.36166e+03   -1.86773e+05    1.30141e+03
      Potential    Kinetic En.   Total Energy  Conserved En.    Temperature
   -1.60362e+05    3.41665e+04   -1.26195e+05   -1.24253e+05    3.37518e+02
 Pres. DC (bar) Pressure (bar)   Constr. rmsd
   -1.75240e+02   -9.09095e+01    1.78563e-06


DD  step 427999  vol min/aver 0.833  load imb.: force  2.3%
           Step           Time
         428000      856.00000

   Energies (kJ/mol)
           Bond          Angle    Proper Dih. Per. Imp. Dih.          LJ-14
    1.53238e+02    3.12804e+02    3.76158e+02    2.32892e+01    1.69993e+02
     Coulomb-14        LJ (SR)  Disper. corr.   Coulomb (SR)   Coul. recip.
    2.29690e+03    2.27496e+04   -1.36862e+03   -1.86298e+05    1.35028e+03
      Potential    Kinetic En.   Total Energy  Conserved En.    Temperature
   -1.60234e+05    3.50271e+04   -1.25207e+05   -1.24083e+05    3.46020e+02
 Pres. DC (bar) Pressure (bar)   Constr. rmsd
   -1.77034e+02   -1.65141e+02    3.08226e-06


DD  step 428999  vol min/aver 0.838  load imb.: force  3.4%
           Step           Time
         429000      858.00000

   Energies (kJ/mol)
           Bond          Angle    Proper Dih. Per. Imp. Dih.          LJ-14
    1.47874e+02    2.96117e+02    3.74971e+02    2.37837e+01    1.70951e+02
     Coulomb-14        LJ (SR)  Disper. corr.   Coulomb (SR)   Coul. recip.
    2.31503e+03    2.32752e+04   -1.37999e+03   -1.86537e+05    1.33360e+03
      Potential    Kinetic En.   Total Energy  Conserved En.    Temperature
   -1.59979e+05    3.45996e+04   -1.25380e+05   -1.23942e+05    3.41797e+02
 Pres. DC (bar) Pressure (bar)   Constr. rmsd
   -1.79986e+02    2.20739e+02    2.90734e-06


DD  step 429999  vol min/aver 0.850  load imb.: force  3.1%
           Step           Time
         430000      860.00000

   Energies (kJ/mol)
           Bond          Angle    Proper Dih. Per. Imp. Dih.          LJ-14
    1.59976e+02    3.67939e+02    3.92540e+02    3.36135e+01    2.12067e+02
     Coulomb-14        LJ (SR)  Disper. corr.   Coulomb (SR)   Coul. recip.
    2.34230e+03    2.24517e+04   -1.37860e+03   -1.85988e+05    1.37538e+03
      Potential    Kinetic En.   Total Energy  Conserved En.    Temperature
   -1.60031e+05    3.49706e+04   -1.25061e+05   -1.23945e+05    3.45462e+02
 Pres. DC (bar) Pressure (bar)   Constr. rmsd
   -1.79623e+02   -1.82249e+00    3.65684e-06


DD  step 430999  vol min/aver 0.831  load imb.: force  1.7%
           Step           Time
         431000      862.00000

   Energies (kJ/mol)
           Bond          Angle    Proper Dih. Per. Imp. Dih.          LJ-14
    1.36481e+02    3.50698e+02    3.79865e+02    1.84824e+01    1.82719e+02
     Coulomb-14        LJ (SR)  Disper. corr.   Coulomb (SR)   Coul. recip.
    2.32042e+03    2.35986e+04   -1.38278e+03   -1.87649e+05    1.36556e+03
      Potential    Kinetic En.   Total Energy  Conserved En.    Temperature
   -1.60678e+05    3.44418e+04   -1.26237e+05   -1.23835e+05    3.40238e+02
 Pres. DC (bar) Pressure (bar)   Constr. rmsd
   -1.80711e+02    3.87164e+02    1.89812e-06


DD  step 431999  vol min/aver 0.862  load imb.: force  2.9%
           Step           Time
         432000      864.00000

   Energies (kJ/mol)
           Bond          Angle    Proper Dih. Per. Imp. Dih.          LJ-14
    1.54967e+02    3.36091e+02    3.64630e+02    2.55107e+01    1.71852e+02
     Coulomb-14        LJ (SR)  Disper. corr.   Coulomb (SR)   Coul. recip.
    2.25753e+03    2.32667e+04   -1.38561e+03   -1.87089e+05    1.40544e+03
      Potential    Kinetic En.   Total Energy  Conserved En.    Temperature
   -1.60492e+05    3.45293e+04   -1.25963e+05   -1.23767e+05    3.41102e+02
 Pres. DC (bar) Pressure (bar)   Constr. rmsd
   -1.81451e+02    1.62537e+02    2.31802e-06


DD  step 432999  vol min/aver 0.859  load imb.: force  4.9%
           Step           Time
         433000      866.00000

   Energies (kJ/mol)
           Bond          Angle    Proper Dih. Per. Imp. Dih.          LJ-14
    1.64845e+02    3.68912e+02    3.71824e+02    2.06030e+01    1.82478e+02
     Coulomb-14        LJ (SR)  Disper. corr.   Coulomb (SR)   Coul. recip.
    2.29540e+03    2.29328e+04   -1.38512e+03   -1.86786e+05    1.36279e+03
      Potential    Kinetic En.   Total Energy  Conserved En.    Temperature
   -1.60471e+05    3.46397e+04   -1.25831e+05   -1.23783e+05    3.42193e+02
 Pres. DC (bar) Pressure (bar)   Constr. rmsd
   -1.81324e+02    8.79298e+01    2.20668e-06


DD  step 433999  vol min/aver 0.840  load imb.: force  1.0%
           Step           Time
         434000      868.00000

   Energies (kJ/mol)
           Bond          Angle    Proper Dih. Per. Imp. Dih.          LJ-14
    1.37860e+02    3.30714e+02    3.51276e+02    2.13095e+01    1.73426e+02
     Coulomb-14        LJ (SR)  Disper. corr.   Coulomb (SR)   Coul. recip.
    2.31049e+03    2.25382e+04   -1.38044e+03   -1.86613e+05    1.34855e+03
      Potential    Kinetic En.   Total Energy  Conserved En.    Temperature
   -1.60781e+05    3.43442e+04   -1.26437e+05   -1.23851e+05    3.39274e+02
 Pres. DC (bar) Pressure (bar)   Constr. rmsd
   -1.80101e+02   -2.00461e+02    2.60984e-06


DD  step 434999  vol min/aver 0.838  load imb.: force  3.0%
           Step           Time
         435000      870.00000

   Energies (kJ/mol)
           Bond          Angle    Proper Dih. Per. Imp. Dih.          LJ-14
    1.46773e+02    3.06667e+02    3.41357e+02    1.07369e+01    1.58575e+02
     Coulomb-14        LJ (SR)  Disper. corr.   Coulomb (SR)   Coul. recip.
    2.32622e+03    2.25574e+04   -1.37523e+03   -1.86874e+05    1.24976e+03
      Potential    Kinetic En.   Total Energy  Conserved En.    Temperature
   -1.61152e+05    3.37454e+04   -1.27407e+05   -1.23910e+05    3.33359e+02
 Pres. DC (bar) Pressure (bar)   Constr. rmsd
   -1.78746e+02   -3.24072e+02    1.26387e-06


DD  step 435999  vol min/aver 0.866  load imb.: force  3.0%
           Step           Time
         436000      872.00000

   Energies (kJ/mol)
           Bond          Angle    Proper Dih. Per. Imp. Dih.          LJ-14
    1.52425e+02    3.43712e+02    3.59182e+02    1.74681e+01    1.83539e+02
     Coulomb-14        LJ (SR)  Disper. corr.   Coulomb (SR)   Coul. recip.
    2.26221e+03    2.33112e+04   -1.37655e+03   -1.87686e+05    1.35811e+03
      Potential    Kinetic En.   Total Energy  Conserved En.    Temperature
   -1.61074e+05    3.43878e+04   -1.26687e+05   -1.23928e+05    3.39704e+02
 Pres. DC (bar) Pressure (bar)   Constr. rmsd
   -1.79089e+02    9.10872e+00    2.04517e-06


DD  step 436999  vol min/aver 0.852  load imb.: force  3.2%
           Step           Time
         437000      874.00000

   Energies (kJ/mol)
           Bond          Angle    Proper Dih. Per. Imp. Dih.          LJ-14
    1.76300e+02    2.89399e+02    3.51605e+02    9.34335e+00    1.73307e+02
     Coulomb-14        LJ (SR)  Disper. corr.   Coulomb (SR)   Coul. recip.
    2.31155e+03    2.32052e+04   -1.37375e+03   -1.87768e+05    1.38383e+03
      Potential    Kinetic En.   Total Energy  Conserved En.    Temperature
   -1.61241e+05    3.43810e+04   -1.26860e+05   -1.23917e+05    3.39637e+02
 Pres. DC (bar) Pressure (bar)   Constr. rmsd
   -1.78362e+02   -1.61786e+02    1.49137e-06


DD  step 437999  vol min/aver 0.848  load imb.: force  2.0%
           Step           Time
         438000      876.00000

   Energies (kJ/mol)
           Bond          Angle    Proper Dih. Per. Imp. Dih.          LJ-14
    1.39348e+02    3.72015e+02    3.91570e+02    1.72922e+01    1.68776e+02
     Coulomb-14        LJ (SR)  Disper. corr.   Coulomb (SR)   Coul. recip.
    2.29388e+03    2.43453e+04   -1.37433e+03   -1.88294e+05    1.38215e+03
      Potential    Kinetic En.   Total Energy  Conserved En.    Temperature
   -1.60558e+05    3.43734e+04   -1.26185e+05   -1.23930e+05    3.39562e+02
 Pres. DC (bar) Pressure (bar)   Constr. rmsd
   -1.78513e+02    5.61395e+02    1.78557e-06


DD  step 438999  vol min/aver 0.841  load imb.: force  2.9%
           Step           Time
         439000      878.00000

   Energies (kJ/mol)
           Bond          Angle    Proper Dih. Per. Imp. Dih.          LJ-14
    1.31969e+02    3.45927e+02    3.81137e+02    1.67521e+01    1.67604e+02
     Coulomb-14        LJ (SR)  Disper. corr.   Coulomb (SR)   Coul. recip.
    2.31349e+03    2.33617e+04   -1.38151e+03   -1.86963e+05    1.30099e+03
      Potential    Kinetic En.   Total Energy  Conserved En.    Temperature
   -1.60325e+05    3.42616e+04   -1.26063e+05   -1.23816e+05    3.38457e+02
 Pres. DC (bar) Pressure (bar)   Constr. rmsd
   -1.80380e+02    1.67493e+02    2.22486e-06


DD  step 439999  vol min/aver 0.835  load imb.: force  2.2%
           Step           Time
         440000      880.00000

   Energies (kJ/mol)
           Bond          Angle    Proper Dih. Per. Imp. Dih.          LJ-14
    1.38994e+02    3.27999e+02    3.64266e+02    1.87218e+01    1.80712e+02
     Coulomb-14        LJ (SR)  Disper. corr.   Coulomb (SR)   Coul. recip.
    2.29978e+03    2.33149e+04   -1.37501e+03   -1.87331e+05    1.38202e+03
      Potential    Kinetic En.   Total Energy  Conserved En.    Temperature
   -1.60678e+05    3.43618e+04   -1.26317e+05   -1.23890e+05    3.39448e+02
 Pres. DC (bar) Pressure (bar)   Constr. rmsd
   -1.78689e+02    7.49877e+01    1.54820e-06


DD  step 440999  vol min/aver 0.858  load imb.: force  2.5%
           Step           Time
         441000      882.00000

   Energies (kJ/mol)
           Bond          Angle    Proper Dih. Per. Imp. Dih.          LJ-14
    1.68074e+02    3.40483e+02    3.52165e+02    2.19536e+01    1.80357e+02
     Coulomb-14        LJ (SR)  Disper. corr.   Coulomb (SR)   Coul. recip.
    2.30399e+03    2.30141e+04   -1.37341e+03   -1.86229e+05    1.36813e+03
      Potential    Kinetic En.   Total Energy  Conserved En.    Temperature
   -1.59853e+05    3.43347e+04   -1.25518e+05   -1.23882e+05    3.39180e+02
 Pres. DC (bar) Pressure (bar)   Constr. rmsd
   -1.78274e+02    1.80919e+01    2.13429e-06


DD  step 441999  vol min/aver 0.915  load imb.: force  6.3%
           Step           Time
         442000      884.00000

   Energies (kJ/mol)
           Bond          Angle    Proper Dih. Per. Imp. Dih.          LJ-14
    1.27182e+02    3.96982e+02    3.98013e+02    2.64510e+01    1.99366e+02
     Coulomb-14        LJ (SR)  Disper. corr.   Coulomb (SR)   Coul. recip.
    2.33390e+03    2.26734e+04   -1.37406e+03   -1.86490e+05    1.38255e+03
      Potential    Kinetic En.   Total Energy  Conserved En.    Temperature
   -1.60326e+05    3.43537e+04   -1.25972e+05   -1.23927e+05    3.39367e+02
 Pres. DC (bar) Pressure (bar)   Constr. rmsd
   -1.78444e+02   -2.45154e+02    2.89897e-06


DD  step 442999  vol min/aver 0.858  load imb.: force  3.8%
           Step           Time
         443000      886.00000

   Energies (kJ/mol)
           Bond          Angle    Proper Dih. Per. Imp. Dih.          LJ-14
    1.32598e+02    3.67399e+02    3.91402e+02    1.86434e+01    1.86088e+02
     Coulomb-14        LJ (SR)  Disper. corr.   Coulomb (SR)   Coul. recip.
    2.31641e+03    2.26731e+04   -1.36950e+03   -1.86901e+05    1.32415e+03
      Potential    Kinetic En.   Total Energy  Conserved En.    Temperature
   -1.60861e+05    3.42377e+04   -1.26623e+05   -1.23890e+05    3.38221e+02
 Pres. DC (bar) Pressure (bar)   Constr. rmsd
   -1.77263e+02   -2.65775e+02    1.80861e-06


DD  step 443999  vol min/aver 0.850  load imb.: force  2.3%
           Step           Time
         444000      888.00000

   Energies (kJ/mol)
           Bond          Angle    Proper Dih. Per. Imp. Dih.          LJ-14
    1.63630e+02    3.40954e+02    3.73140e+02    2.26932e+01    1.62038e+02
     Coulomb-14        LJ (SR)  Disper. corr.   Coulomb (SR)   Coul. recip.
    2.34844e+03    2.24832e+04   -1.37791e+03   -1.85780e+05    1.33790e+03
      Potential    Kinetic En.   Total Energy  Conserved En.    Temperature
   -1.59926e+05    3.39235e+04   -1.26002e+05   -1.23755e+05    3.35118e+02
 Pres. DC (bar) Pressure (bar)   Constr. rmsd
   -1.79443e+02   -1.95168e+02    1.84117e-06


DD  step 444999  vol min/aver 0.808  load imb.: force  3.3%
           Step           Time
         445000      890.00000

   Energies (kJ/mol)
           Bond          Angle    Proper Dih. Per. Imp. Dih.          LJ-14
    1.33897e+02    3.62963e+02    3.64957e+02    2.05393e+01    1.87484e+02
     Coulomb-14        LJ (SR)  Disper. corr.   Coulomb (SR)   Coul. recip.
    2.35307e+03    2.29674e+04   -1.37578e+03   -1.86992e+05    1.34124e+03
      Potential    Kinetic En.   Total Energy  Conserved En.    Temperature
   -1.60636e+05    3.46061e+04   -1.26030e+05   -1.23806e+05    3.41861e+02
 Pres. DC (bar) Pressure (bar)   Constr. rmsd
   -1.78888e+02   -1.61062e+02    2.32033e-06


DD  step 445999  vol min/aver 0.870  load imb.: force  1.0%
           Step           Time
         446000      892.00000

   Energies (kJ/mol)
           Bond          Angle    Proper Dih. Per. Imp. Dih.          LJ-14
    1.55557e+02    3.76364e+02    3.64286e+02    3.19664e+01    1.51914e+02
     Coulomb-14        LJ (SR)  Disper. corr.   Coulomb (SR)   Coul. recip.
    2.31499e+03    2.30804e+04   -1.38140e+03   -1.87467e+05    1.36394e+03
      Potential    Kinetic En.   Total Energy  Conserved En.    Temperature
   -1.61009e+05    3.41876e+04   -1.26822e+05   -1.23727e+05    3.37727e+02
 Pres. DC (bar) Pressure (bar)   Constr. rmsd
   -1.80352e+02   -1.00830e+02    2.37134e-06


DD  step 446999  vol min/aver 0.827  load imb.: force  2.5%
           Step           Time
         447000      894.00000

   Energies (kJ/mol)
           Bond          Angle    Proper Dih. Per. Imp. Dih.          LJ-14
    1.54643e+02    3.21402e+02    3.56240e+02    2.15619e+01    1.81745e+02
     Coulomb-14        LJ (SR)  Disper. corr.   Coulomb (SR)   Coul. recip.
    2.29462e+03    2.36004e+04   -1.39074e+03   -1.87460e+05    1.34093e+03
      Potential    Kinetic En.   Total Energy  Conserved En.    Temperature
   -1.60579e+05    3.47266e+04   -1.25852e+05   -1.23589e+05    3.43052e+02
 Pres. DC (bar) Pressure (bar)   Constr. rmsd
   -1.82796e+02    4.35880e+02    2.13637e-06


DD  step 447999  vol min/aver 0.811  load imb.: force  2.0%
           Step           Time
         448000      896.00000

   Energies (kJ/mol)
           Bond          Angle    Proper Dih. Per. Imp. Dih.          LJ-14
    1.93113e+02    3.25071e+02    3.53822e+02    1.86485e+01    1.68710e+02
     Coulomb-14        LJ (SR)  Disper. corr.   Coulomb (SR)   Coul. recip.
    2.28469e+03    2.36948e+04   -1.37737e+03   -1.87589e+05    1.38344e+03
      Potential    Kinetic En.   Total Energy  Conserved En.    Temperature
   -1.60544e+05    3.47988e+04   -1.25745e+05   -1.23759e+05    3.43764e+02
 Pres. DC (bar) Pressure (bar)   Constr. rmsd
   -1.79301e+02    2.88029e+02    3.28655e-06


DD  step 448999  vol min/aver 0.821  load imb.: force  1.3%
           Step           Time
         449000      898.00000

   Energies (kJ/mol)
           Bond          Angle    Proper Dih. Per. Imp. Dih.          LJ-14
    1.31073e+02    3.74344e+02    3.46028e+02    3.58976e+01    2.00695e+02
     Coulomb-14        LJ (SR)  Disper. corr.   Coulomb (SR)   Coul. recip.
    2.38537e+03    2.31533e+04   -1.37821e+03   -1.87014e+05    1.32356e+03
      Potential    Kinetic En.   Total Energy  Conserved En.    Temperature
   -1.60442e+05    3.47240e+04   -1.25718e+05   -1.23762e+05    3.43026e+02
 Pres. DC (bar) Pressure (bar)   Constr. rmsd
   -1.79522e+02    2.01712e+02    4.22671e-06


DD  step 449999  vol min/aver 0.791  load imb.: force  1.8%
           Step           Time
         450000      900.00000

   Energies (kJ/mol)
           Bond          Angle    Proper Dih. Per. Imp. Dih.          LJ-14
    1.26729e+02    3.25760e+02    3.58463e+02    2.11260e+01    1.77210e+02
     Coulomb-14        LJ (SR)  Disper. corr.   Coulomb (SR)   Coul. recip.
    2.36157e+03    2.31771e+04   -1.37729e+03   -1.86777e+05    1.34704e+03
      Potential    Kinetic En.   Total Energy  Conserved En.    Temperature
   -1.60259e+05    3.45041e+04   -1.25755e+05   -1.23730e+05    3.40854e+02
 Pres. DC (bar) Pressure (bar)   Constr. rmsd
   -1.79282e+02    1.15619e+02    6.19403e-06


DD  step 450999  vol min/aver 0.835  load imb.: force  2.4%
           Step           Time
         451000      902.00000

   Energies (kJ/mol)
           Bond          Angle    Proper Dih. Per. Imp. Dih.          LJ-14
    1.72676e+02    3.07516e+02    3.87392e+02    1.65706e+01    1.76005e+02
     Coulomb-14        LJ (SR)  Disper. corr.   Coulomb (SR)   Coul. recip.
    2.36526e+03    2.29125e+04   -1.37434e+03   -1.86703e+05    1.30753e+03
      Potential    Kinetic En.   Total Energy  Conserved En.    Temperature
   -1.60431e+05    3.45552e+04   -1.25876e+05   -1.23755e+05    3.41359e+02
 Pres. DC (bar) Pressure (bar)   Constr. rmsd
   -1.78514e+02   -6.06914e+01    3.09707e-06


DD  step 451999  vol min/aver 0.815  load imb.: force  1.4%
           Step           Time
         452000      904.00000

   Energies (kJ/mol)
           Bond          Angle    Proper Dih. Per. Imp. Dih.          LJ-14
    1.31185e+02    2.79381e+02    3.64715e+02    2.09189e+01    1.72951e+02
     Coulomb-14        LJ (SR)  Disper. corr.   Coulomb (SR)   Coul. recip.
    2.33324e+03    2.33164e+04   -1.37593e+03   -1.87203e+05    1.32567e+03
      Potential    Kinetic En.   Total Energy  Conserved En.    Temperature
   -1.60634e+05    3.40150e+04   -1.26619e+05   -1.23774e+05    3.36022e+02
 Pres. DC (bar) Pressure (bar)   Constr. rmsd
   -1.78928e+02    1.49411e+02    3.48908e-06


DD  step 452999  vol min/aver 0.800  load imb.: force  0.5%
           Step           Time
         453000      906.00000

   Energies (kJ/mol)
           Bond          Angle    Proper Dih. Per. Imp. Dih.          LJ-14
    1.52167e+02    3.35489e+02    3.60953e+02    2.80259e+01    1.84925e+02
     Coulomb-14        LJ (SR)  Disper. corr.   Coulomb (SR)   Coul. recip.
    2.32868e+03    2.28885e+04   -1.37792e+03   -1.86895e+05    1.34400e+03
      Potential    Kinetic En.   Total Energy  Conserved En.    Temperature
   -1.60651e+05    3.48824e+04   -1.25768e+05   -1.23749e+05    3.44590e+02
 Pres. DC (bar) Pressure (bar)   Constr. rmsd
   -1.79446e+02    1.14816e+01    2.50731e-06


DD  step 453999  vol min/aver 0.886  load imb.: force  5.6%
           Step           Time
         454000      908.00000

   Energies (kJ/mol)
           Bond          Angle    Proper Dih. Per. Imp. Dih.          LJ-14
    1.34189e+02    3.18366e+02    3.65200e+02    1.73203e+01    1.56697e+02
     Coulomb-14        LJ (SR)  Disper. corr.   Coulomb (SR)   Coul. recip.
    2.28953e+03    2.23014e+04   -1.37084e+03   -1.85521e+05    1.30377e+03
      Potential    Kinetic En.   Total Energy  Conserved En.    Temperature
   -1.60005e+05    3.40802e+04   -1.25925e+05   -1.23837e+05    3.36666e+02
 Pres. DC (bar) Pressure (bar)   Constr. rmsd
   -1.77608e+02   -3.58112e+02    1.48784e-06


DD  step 454999  vol min/aver 0.794  load imb.: force  2.4%
           Step           Time
         455000      910.00000

   Energies (kJ/mol)
           Bond          Angle    Proper Dih. Per. Imp. Dih.          LJ-14
    1.45741e+02    3.60232e+02    3.60875e+02    1.93133e+01    1.88530e+02
     Coulomb-14        LJ (SR)  Disper. corr.   Coulomb (SR)   Coul. recip.
    2.32371e+03    2.30762e+04   -1.37613e+03   -1.86602e+05    1.34211e+03
      Potential    Kinetic En.   Total Energy  Conserved En.    Temperature
   -1.60162e+05    3.45538e+04   -1.25608e+05   -1.23742e+05    3.41344e+02
 Pres. DC (bar) Pressure (bar)   Constr. rmsd
   -1.78979e+02    5.55019e+01    1.62646e-06


DD  step 455999  vol min/aver 0.783  load imb.: force  2.0%
           Step           Time
         456000      912.00000

   Energies (kJ/mol)
           Bond          Angle    Proper Dih. Per. Imp. Dih.          LJ-14
    1.63620e+02    3.02286e+02    3.89582e+02    1.88320e+01    1.73978e+02
     Coulomb-14        LJ (SR)  Disper. corr.   Coulomb (SR)   Coul. recip.
    2.36576e+03    2.34417e+04   -1.36761e+03   -1.86904e+05    1.40265e+03
      Potential    Kinetic En.   Total Energy  Conserved En.    Temperature
   -1.60013e+05    3.43163e+04   -1.25697e+05   -1.23829e+05    3.38998e+02
 Pres. DC (bar) Pressure (bar)   Constr. rmsd
   -1.76774e+02    1.18704e+02    2.57195e-06


DD  step 456999  vol min/aver 0.853  load imb.: force  1.5%
           Step           Time
         457000      914.00000

   Energies (kJ/mol)
           Bond          Angle    Proper Dih. Per. Imp. Dih.          LJ-14
    1.57668e+02    3.26344e+02    3.89672e+02    3.46851e+01    1.86379e+02
     Coulomb-14        LJ (SR)  Disper. corr.   Coulomb (SR)   Coul. recip.
    2.38916e+03    2.25692e+04   -1.37378e+03   -1.86354e+05    1.34357e+03
      Potential    Kinetic En.   Total Energy  Conserved En.    Temperature
   -1.60331e+05    3.44675e+04   -1.25863e+05   -1.23752e+05    3.40492e+02
 Pres. DC (bar) Pressure (bar)   Constr. rmsd
   -1.78371e+02   -1.39761e+02    1.80646e-06


DD  step 457999  vol min/aver 0.808  load imb.: force  0.8%
           Step           Time
         458000      916.00000

   Energies (kJ/mol)
           Bond          Angle    Proper Dih. Per. Imp. Dih.          LJ-14
    1.58535e+02    3.65048e+02    4.07735e+02    1.70426e+01    1.69878e+02
     Coulomb-14        LJ (SR)  Disper. corr.   Coulomb (SR)   Coul. recip.
    2.34754e+03    2.34706e+04   -1.37331e+03   -1.87093e+05    1.37520e+03
      Potential    Kinetic En.   Total Energy  Conserved En.    Temperature
   -1.60155e+05    3.43817e+04   -1.25773e+05   -1.23720e+05    3.39644e+02
 Pres. DC (bar) Pressure (bar)   Constr. rmsd
   -1.78250e+02    1.55476e+02    1.87179e-06


DD  step 458999  vol min/aver 0.779  load imb.: force  1.0%
           Step           Time
         459000      918.00000

   Energies (kJ/mol)
           Bond          Angle    Proper Dih. Per. Imp. Dih.          LJ-14
    1.46998e+02    3.39403e+02    3.64701e+02    2.26561e+01    1.79604e+02
     Coulomb-14        LJ (SR)  Disper. corr.   Coulomb (SR)   Coul. recip.
    2.32322e+03    2.28238e+04   -1.37207e+03   -1.86400e+05    1.37294e+03
      Potential    Kinetic En.   Total Energy  Conserved En.    Temperature
   -1.60199e+05    3.39162e+04   -1.26282e+05   -1.23786e+05    3.35046e+02
 Pres. DC (bar) Pressure (bar)   Constr. rmsd
   -1.77928e+02   -3.62901e+01    2.22560e-06


DD  step 459999  vol min/aver 0.811  load imb.: force  2.6%
           Step           Time
         460000      920.00000

   Energies (kJ/mol)
           Bond          Angle    Proper Dih. Per. Imp. Dih.          LJ-14
    1.35119e+02    3.00456e+02    3.79428e+02    2.18232e+01    1.78907e+02
     Coulomb-14        LJ (SR)  Disper. corr.   Coulomb (SR)   Coul. recip.
    2.34794e+03    2.24829e+04   -1.36679e+03   -1.86267e+05    1.41970e+03
      Potential    Kinetic En.   Total Energy  Conserved En.    Temperature
   -1.60367e+05    3.44805e+04   -1.25887e+05   -1.23735e+05    3.40620e+02
 Pres. DC (bar) Pressure (bar)   Constr. rmsd
   -1.76562e+02   -2.56145e+02    2.51884e-06


DD  step 460999  vol min/aver 0.801  load imb.: force  2.0%
           Step           Time
         461000      922.00000

   Energies (kJ/mol)
           Bond          Angle    Proper Dih. Per. Imp. Dih.          LJ-14
    1.29302e+02    3.09967e+02    3.51700e+02    3.46978e+01    1.88449e+02
     Coulomb-14        LJ (SR)  Disper. corr.   Coulomb (SR)   Coul. recip.
    2.31377e+03    2.31737e+04   -1.37070e+03   -1.87109e+05    1.32971e+03
      Potential    Kinetic En.   Total Energy  Conserved En.    Temperature
   -1.60648e+05    3.43612e+04   -1.26287e+05   -1.23777e+05    3.39441e+02
 Pres. DC (bar) Pressure (bar)   Constr. rmsd
   -1.77571e+02    7.50546e+01    2.72013e-06


DD  step 461999  vol min/aver 0.831  load imb.: force  1.0%
           Step           Time
         462000      924.00000

   Energies (kJ/mol)
           Bond          Angle    Proper Dih. Per. Imp. Dih.          LJ-14
    1.46061e+02    3.13640e+02    3.85474e+02    3.24057e+01    1.67199e+02
     Coulomb-14        LJ (SR)  Disper. corr.   Coulomb (SR)   Coul. recip.
    2.35111e+03    2.36417e+04   -1.37544e+03   -1.87048e+05    1.34303e+03
      Potential    Kinetic En.   Total Energy  Conserved En.    Temperature
   -1.60043e+05    3.42822e+04   -1.25760e+05   -1.23675e+05    3.38661e+02
 Pres. DC (bar) Pressure (bar)   Constr. rmsd
   -1.78800e+02    3.48182e+02    2.66954e-06


DD  step 462999  vol min/aver 0.839  load imb.: force  3.6%

step 463000 Turning off dynamic load balancing, because it is degrading performance.
Atom distribution over 4 domains: av 3029 stddev 73 min 2961 max 3091
           Step           Time
         463000      926.00000

   Energies (kJ/mol)
           Bond          Angle    Proper Dih. Per. Imp. Dih.          LJ-14
    2.00962e+02    3.15234e+02    3.32645e+02    2.16480e+01    1.62387e+02
     Coulomb-14        LJ (SR)  Disper. corr.   Coulomb (SR)   Coul. recip.
    2.33699e+03    2.35937e+04   -1.38459e+03   -1.86687e+05    1.36666e+03
      Potential    Kinetic En.   Total Energy  Conserved En.    Temperature
   -1.59741e+05    3.43885e+04   -1.25352e+05   -1.23498e+05    3.39711e+02
 Pres. DC (bar) Pressure (bar)   Constr. rmsd
   -1.81185e+02    3.15084e+02    2.11795e-06


DD  step 463999 load imb.: force 16.1%
           Step           Time
         464000      928.00000

   Energies (kJ/mol)
           Bond          Angle    Proper Dih. Per. Imp. Dih.          LJ-14
    1.76521e+02    3.22682e+02    3.50862e+02    3.69209e+01    1.74764e+02
     Coulomb-14        LJ (SR)  Disper. corr.   Coulomb (SR)   Coul. recip.
    2.35918e+03    2.34077e+04   -1.38109e+03   -1.86872e+05    1.43733e+03
      Potential    Kinetic En.   Total Energy  Conserved En.    Temperature
   -1.59988e+05    3.41899e+04   -1.25798e+05   -1.23536e+05    3.37750e+02
 Pres. DC (bar) Pressure (bar)   Constr. rmsd
   -1.80270e+02    2.40380e+02    2.39421e-06


DD  step 464999 load imb.: force  4.8%
           Step           Time
         465000      930.00000

   Energies (kJ/mol)
           Bond          Angle    Proper Dih. Per. Imp. Dih.          LJ-14
    1.79527e+02    3.15524e+02    4.02435e+02    1.78611e+01    1.79744e+02
     Coulomb-14        LJ (SR)  Disper. corr.   Coulomb (SR)   Coul. recip.
    2.31977e+03    2.17306e+04   -1.38376e+03   -1.85808e+05    1.33701e+03
      Potential    Kinetic En.   Total Energy  Conserved En.    Temperature
   -1.60709e+05    3.45970e+04   -1.26112e+05   -1.23465e+05    3.41771e+02
 Pres. DC (bar) Pressure (bar)   Constr. rmsd
   -1.80967e+02   -5.45844e+02    3.30903e-06


DD  step 465999 load imb.: force  2.0%
           Step           Time
         466000      932.00000

   Energies (kJ/mol)
           Bond          Angle    Proper Dih. Per. Imp. Dih.          LJ-14
    1.61866e+02    2.79729e+02    3.73917e+02    1.48399e+01    1.93465e+02
     Coulomb-14        LJ (SR)  Disper. corr.   Coulomb (SR)   Coul. recip.
    2.35524e+03    2.33361e+04   -1.38162e+03   -1.86676e+05    1.38024e+03
      Potential    Kinetic En.   Total Energy  Conserved En.    Temperature
   -1.59962e+05    3.42781e+04   -1.25684e+05   -1.23527e+05    3.38621e+02
 Pres. DC (bar) Pressure (bar)   Constr. rmsd
   -1.80409e+02    3.61208e+02    2.60517e-06


DD  step 466999 load imb.: force  7.1%
           Step           Time
         467000      934.00000

   Energies (kJ/mol)
           Bond          Angle    Proper Dih. Per. Imp. Dih.          LJ-14
    1.43025e+02    3.06698e+02    3.76348e+02    1.61278e+01    1.85302e+02
     Coulomb-14        LJ (SR)  Disper. corr.   Coulomb (SR)   Coul. recip.
    2.34330e+03    2.36215e+04   -1.38150e+03   -1.87340e+05    1.31937e+03
      Potential    Kinetic En.   Total Energy  Conserved En.    Temperature
   -1.60410e+05    3.44606e+04   -1.25949e+05   -1.23523e+05    3.40423e+02
 Pres. DC (bar) Pressure (bar)   Constr. rmsd
   -1.80378e+02    3.57904e+02    1.66309e-06


DD  step 467999 load imb.: force  8.1%
           Step           Time
         468000      936.00000

   Energies (kJ/mol)
           Bond          Angle    Proper Dih. Per. Imp. Dih.          LJ-14
    1.41544e+02    3.40569e+02    3.45204e+02    1.99917e+01    1.73158e+02
     Coulomb-14        LJ (SR)  Disper. corr.   Coulomb (SR)   Coul. recip.
    2.39306e+03    2.35364e+04   -1.39450e+03   -1.87319e+05    1.37406e+03
      Potential    Kinetic En.   Total Energy  Conserved En.    Temperature
   -1.60390e+05    3.46511e+04   -1.25739e+05   -1.23332e+05    3.42306e+02
 Pres. DC (bar) Pressure (bar)   Constr. rmsd
   -1.83784e+02    4.12183e+02    3.55003e-06


DD  step 468999 load imb.: force  7.0%
           Step           Time
         469000      938.00000

   Energies (kJ/mol)
           Bond          Angle    Proper Dih. Per. Imp. Dih.          LJ-14
    1.65664e+02    3.16020e+02    3.44026e+02    1.51850e+01    1.86196e+02
     Coulomb-14        LJ (SR)  Disper. corr.   Coulomb (SR)   Coul. recip.
    2.33235e+03    2.33151e+04   -1.38622e+03   -1.87707e+05    1.31696e+03
      Potential    Kinetic En.   Total Energy  Conserved En.    Temperature
   -1.61102e+05    3.40503e+04   -1.27052e+05   -1.23412e+05    3.36371e+02
 Pres. DC (bar) Pressure (bar)   Constr. rmsd
   -1.81611e+02    2.16100e+02    2.09465e-06


DD  step 469999 load imb.: force  8.8%
           Step           Time
         470000      940.00000

   Energies (kJ/mol)
           Bond          Angle    Proper Dih. Per. Imp. Dih.          LJ-14
    1.65521e+02    3.52941e+02    3.60404e+02    2.12581e+01    1.61622e+02
     Coulomb-14        LJ (SR)  Disper. corr.   Coulomb (SR)   Coul. recip.
    2.31872e+03    2.29500e+04   -1.38410e+03   -1.87333e+05    1.35797e+03
      Potential    Kinetic En.   Total Energy  Conserved En.    Temperature
   -1.61029e+05    3.42707e+04   -1.26758e+05   -1.23386e+05    3.38547e+02
 Pres. DC (bar) Pressure (bar)   Constr. rmsd
   -1.81057e+02   -1.12763e+02    2.21991e-06


DD  step 470999 load imb.: force  1.9%
           Step           Time
         471000      942.00000

   Energies (kJ/mol)
           Bond          Angle    Proper Dih. Per. Imp. Dih.          LJ-14
    1.10656e+02    3.48083e+02    4.05247e+02    3.21511e+01    1.91823e+02
     Coulomb-14        LJ (SR)  Disper. corr.   Coulomb (SR)   Coul. recip.
    2.33968e+03    2.33828e+04   -1.38309e+03   -1.86787e+05    1.33595e+03
      Potential    Kinetic En.   Total Energy  Conserved En.    Temperature
   -1.60023e+05    3.40972e+04   -1.25926e+05   -1.23467e+05    3.36834e+02
 Pres. DC (bar) Pressure (bar)   Constr. rmsd
   -1.80794e+02    3.62956e+02    2.23954e-06


DD  step 471999 load imb.: force  9.8%
           Step           Time
         472000      944.00000

   Energies (kJ/mol)
           Bond          Angle    Proper Dih. Per. Imp. Dih.          LJ-14
    1.54220e+02    2.94614e+02    3.81471e+02    2.16772e+01    1.77991e+02
     Coulomb-14        LJ (SR)  Disper. corr.   Coulomb (SR)   Coul. recip.
    2.40456e+03    2.33983e+04   -1.37519e+03   -1.87219e+05    1.33850e+03
      Potential    Kinetic En.   Total Energy  Conserved En.    Temperature
   -1.60423e+05    3.43681e+04   -1.26055e+05   -1.23563e+05    3.39510e+02
 Pres. DC (bar) Pressure (bar)   Constr. rmsd
   -1.78735e+02    2.17705e+02    2.16779e-06


DD  step 472999 load imb.: force  2.5%
           Step           Time
         473000      946.00000

   Energies (kJ/mol)
           Bond          Angle    Proper Dih. Per. Imp. Dih.          LJ-14
    1.84180e+02    3.31222e+02    3.66484e+02    3.02746e+01    1.69731e+02
     Coulomb-14        LJ (SR)  Disper. corr.   Coulomb (SR)   Coul. recip.
    2.29781e+03    2.22170e+04   -1.37037e+03   -1.86374e+05    1.35276e+03
      Potential    Kinetic En.   Total Energy  Conserved En.    Temperature
   -1.60795e+05    3.39661e+04   -1.26829e+05   -1.23550e+05    3.35539e+02
 Pres. DC (bar) Pressure (bar)   Constr. rmsd
   -1.77488e+02   -3.30151e+02    2.48808e-06


DD  step 473999 load imb.: force  3.8%
           Step           Time
         474000      948.00000

   Energies (kJ/mol)
           Bond          Angle    Proper Dih. Per. Imp. Dih.          LJ-14
    1.31245e+02    3.08617e+02    3.86210e+02    2.49398e+01    1.96415e+02
     Coulomb-14        LJ (SR)  Disper. corr.   Coulomb (SR)   Coul. recip.
    2.34447e+03    2.33749e+04   -1.38166e+03   -1.87646e+05    1.43273e+03
      Potential    Kinetic En.   Total Energy  Conserved En.    Temperature
   -1.60829e+05    3.36757e+04   -1.27153e+05   -1.23428e+05    3.32670e+02
 Pres. DC (bar) Pressure (bar)   Constr. rmsd
   -1.80419e+02    1.06303e+02    2.35711e-06


DD  step 474999 load imb.: force  5.2%
           Step           Time
         475000      950.00000

   Energies (kJ/mol)
           Bond          Angle    Proper Dih. Per. Imp. Dih.          LJ-14
    1.60307e+02    3.03945e+02    3.50375e+02    2.88655e+01    1.82148e+02
     Coulomb-14        LJ (SR)  Disper. corr.   Coulomb (SR)   Coul. recip.
    2.36118e+03    2.31409e+04   -1.38395e+03   -1.86645e+05    1.32886e+03
      Potential    Kinetic En.   Total Energy  Conserved En.    Temperature
   -1.60172e+05    3.36319e+04   -1.26540e+05   -1.23403e+05    3.32238e+02
 Pres. DC (bar) Pressure (bar)   Constr. rmsd
   -1.81018e+02    1.66695e+02    2.62649e-06


DD  step 475999 load imb.: force  4.5%
           Step           Time
         476000      952.00000

   Energies (kJ/mol)
           Bond          Angle    Proper Dih. Per. Imp. Dih.          LJ-14
    1.39788e+02    3.83242e+02    3.92354e+02    3.30489e+01    2.07557e+02
     Coulomb-14        LJ (SR)  Disper. corr.   Coulomb (SR)   Coul. recip.
    2.33312e+03    2.34252e+04   -1.38251e+03   -1.86930e+05    1.28561e+03
      Potential    Kinetic En.   Total Energy  Conserved En.    Temperature
   -1.60112e+05    3.46733e+04   -1.25439e+05   -1.23363e+05    3.42525e+02
 Pres. DC (bar) Pressure (bar)   Constr. rmsd
   -1.80640e+02    2.95180e+02    1.74151e-06


DD  step 476999 load imb.: force  7.2%
           Step           Time
         477000      954.00000

   Energies (kJ/mol)
           Bond          Angle    Proper Dih. Per. Imp. Dih.          LJ-14
    1.43718e+02    3.28671e+02    3.66423e+02    1.73345e+01    1.54852e+02
     Coulomb-14        LJ (SR)  Disper. corr.   Coulomb (SR)   Coul. recip.
    2.28657e+03    2.32352e+04   -1.37846e+03   -1.86765e+05    1.33539e+03
      Potential    Kinetic En.   Total Energy  Conserved En.    Temperature
   -1.60276e+05    3.41009e+04   -1.26175e+05   -1.23426e+05    3.36870e+02
 Pres. DC (bar) Pressure (bar)   Constr. rmsd
   -1.79587e+02    6.05192e+01    2.04680e-06


DD  step 477999 load imb.: force  2.6%
           Step           Time
         478000      956.00000

   Energies (kJ/mol)
           Bond          Angle    Proper Dih. Per. Imp. Dih.          LJ-14
    1.40472e+02    3.49775e+02    3.29490e+02    1.62821e+01    1.62615e+02
     Coulomb-14        LJ (SR)  Disper. corr.   Coulomb (SR)   Coul. recip.
    2.27513e+03    2.36354e+04   -1.38427e+03   -1.87691e+05    1.36346e+03
      Potential    Kinetic En.   Total Energy  Conserved En.    Temperature
   -1.60803e+05    3.46585e+04   -1.26144e+05   -1.23308e+05    3.42378e+02
 Pres. DC (bar) Pressure (bar)   Constr. rmsd
   -1.81102e+02    2.82455e+02    2.04012e-06


DD  step 478999 load imb.: force  2.3%
           Step           Time
         479000      958.00000

   Energies (kJ/mol)
           Bond          Angle    Proper Dih. Per. Imp. Dih.          LJ-14
    1.42697e+02    3.22913e+02    3.86944e+02    2.64865e+01    1.81325e+02
     Coulomb-14        LJ (SR)  Disper. corr.   Coulomb (SR)   Coul. recip.
    2.40089e+03    2.30045e+04   -1.37826e+03   -1.87150e+05    1.41346e+03
      Potential    Kinetic En.   Total Energy  Conserved En.    Temperature
   -1.60649e+05    3.44433e+04   -1.26206e+05   -1.23440e+05    3.40253e+02
 Pres. DC (bar) Pressure (bar)   Constr. rmsd
   -1.79533e+02    4.17727e+01    2.45994e-06


DD  step 479999 load imb.: force  8.1%
           Step           Time
         480000      960.00000

   Energies (kJ/mol)
           Bond          Angle    Proper Dih. Per. Imp. Dih.          LJ-14
    1.64663e+02    3.43169e+02    3.73629e+02    2.20600e+01    1.79494e+02
     Coulomb-14        LJ (SR)  Disper. corr.   Coulomb (SR)   Coul. recip.
    2.32748e+03    2.37885e+04   -1.37484e+03   -1.87669e+05    1.42630e+03
      Potential    Kinetic En.   Total Energy  Conserved En.    Temperature
   -1.60419e+05    3.44801e+04   -1.25939e+05   -1.23521e+05    3.40617e+02
 Pres. DC (bar) Pressure (bar)   Constr. rmsd
   -1.78646e+02    3.93389e+02    2.83928e-06


DD  step 480999 load imb.: force  4.3%
           Step           Time
         481000      962.00000

   Energies (kJ/mol)
           Bond          Angle    Proper Dih. Per. Imp. Dih.          LJ-14
    1.33609e+02    2.94499e+02    3.81817e+02    1.64402e+01    1.86936e+02
     Coulomb-14        LJ (SR)  Disper. corr.   Coulomb (SR)   Coul. recip.
    2.36220e+03    2.37331e+04   -1.37756e+03   -1.87905e+05    1.26854e+03
      Potential    Kinetic En.   Total Energy  Conserved En.    Temperature
   -1.60905e+05    3.44489e+04   -1.26456e+05   -1.23456e+05    3.40308e+02
 Pres. DC (bar) Pressure (bar)   Constr. rmsd
   -1.79351e+02    3.66280e+02    2.16308e-06


DD  step 481999 load imb.: force  0.9%
           Step           Time
         482000      964.00000

   Energies (kJ/mol)
           Bond          Angle    Proper Dih. Per. Imp. Dih.          LJ-14
    1.68945e+02    3.84289e+02    3.61448e+02    2.36280e+01    1.90824e+02
     Coulomb-14        LJ (SR)  Disper. corr.   Coulomb (SR)   Coul. recip.
    2.32419e+03    2.33179e+04   -1.37388e+03   -1.86973e+05    1.33669e+03
      Potential    Kinetic En.   Total Energy  Conserved En.    Temperature
   -1.60239e+05    3.40912e+04   -1.26147e+05   -1.23466e+05    3.36774e+02
 Pres. DC (bar) Pressure (bar)   Constr. rmsd
   -1.78396e+02    2.01883e+02    1.73690e-06


DD  step 482999 load imb.: force  4.4%
           Step           Time
         483000      966.00000

   Energies (kJ/mol)
           Bond          Angle    Proper Dih. Per. Imp. Dih.          LJ-14
    1.78550e+02    3.19555e+02    4.12863e+02    1.33758e+01    1.76935e+02
     Coulomb-14        LJ (SR)  Disper. corr.   Coulomb (SR)   Coul. recip.
    2.37612e+03    2.25288e+04   -1.36891e+03   -1.85660e+05    1.40802e+03
      Potential    Kinetic En.   Total Energy  Conserved En.    Temperature
   -1.59615e+05    3.43695e+04   -1.25245e+05   -1.23548e+05    3.39524e+02
 Pres. DC (bar) Pressure (bar)   Constr. rmsd
   -1.77111e+02   -1.00283e+02    1.91738e-06


DD  step 483999 load imb.: force 28.0%
           Step           Time
         484000      968.00000

   Energies (kJ/mol)
           Bond          Angle    Proper Dih. Per. Imp. Dih.          LJ-14
    1.44388e+02    3.39536e+02    3.63128e+02    1.32350e+01    1.77244e+02
     Coulomb-14        LJ (SR)  Disper. corr.   Coulomb (SR)   Coul. recip.
    2.31124e+03    2.28897e+04   -1.36957e+03   -1.86037e+05    1.40798e+03
      Potential    Kinetic En.   Total Energy  Conserved En.    Temperature
   -1.59760e+05    3.40775e+04   -1.25683e+05   -1.23484e+05    3.36639e+02
 Pres. DC (bar) Pressure (bar)   Constr. rmsd
   -1.77279e+02   -8.23861e+01    4.25783e-06


DD  step 484999 load imb.: force  7.5%
           Step           Time
         485000      970.00000

   Energies (kJ/mol)
           Bond          Angle    Proper Dih. Per. Imp. Dih.          LJ-14
    1.73446e+02    3.89454e+02    3.69489e+02    1.71480e+01    1.88481e+02
     Coulomb-14        LJ (SR)  Disper. corr.   Coulomb (SR)   Coul. recip.
    2.29634e+03    2.29828e+04   -1.36586e+03   -1.86452e+05    1.31114e+03
      Potential    Kinetic En.   Total Energy  Conserved En.    Temperature
   -1.60090e+05    3.49409e+04   -1.25149e+05   -1.23558e+05    3.45168e+02
 Pres. DC (bar) Pressure (bar)   Constr. rmsd
   -1.76322e+02   -1.39571e+01    1.91358e-06


DD  step 485999 load imb.: force  1.2%
           Step           Time
         486000      972.00000

   Energies (kJ/mol)
           Bond          Angle    Proper Dih. Per. Imp. Dih.          LJ-14
    1.75121e+02    3.35427e+02    3.81080e+02    2.63381e+01    1.83432e+02
     Coulomb-14        LJ (SR)  Disper. corr.   Coulomb (SR)   Coul. recip.
    2.37996e+03    2.29442e+04   -1.36765e+03   -1.86252e+05    1.40252e+03
      Potential    Kinetic En.   Total Energy  Conserved En.    Temperature
   -1.59792e+05    3.46803e+04   -1.25111e+05   -1.23597e+05    3.42594e+02
 Pres. DC (bar) Pressure (bar)   Constr. rmsd
   -1.76784e+02    2.54190e+01    1.50925e-06


DD  step 486999 load imb.: force  5.6%
           Step           Time
         487000      974.00000

   Energies (kJ/mol)
           Bond          Angle    Proper Dih. Per. Imp. Dih.          LJ-14
    1.36792e+02    3.34120e+02    3.94939e+02    2.65252e+01    1.81802e+02
     Coulomb-14        LJ (SR)  Disper. corr.   Coulomb (SR)   Coul. recip.
    2.36798e+03    2.30143e+04   -1.36383e+03   -1.86292e+05    1.36921e+03
      Potential    Kinetic En.   Total Energy  Conserved En.    Temperature
   -1.59831e+05    3.48526e+04   -1.24978e+05   -1.23586e+05    3.44296e+02
 Pres. DC (bar) Pressure (bar)   Constr. rmsd
   -1.75798e+02   -3.53279e+01    2.36006e-06


DD  step 487999 load imb.: force  1.5%
           Step           Time
         488000      976.00000

   Energies (kJ/mol)
           Bond          Angle    Proper Dih. Per. Imp. Dih.          LJ-14
    1.29925e+02    3.25866e+02    3.81641e+02    2.59620e+01    1.58767e+02
     Coulomb-14        LJ (SR)  Disper. corr.   Coulomb (SR)   Coul. recip.
    2.36780e+03    2.25942e+04   -1.36330e+03   -1.85731e+05    1.30086e+03
      Potential    Kinetic En.   Total Energy  Conserved En.    Temperature
   -1.59809e+05    3.40697e+04   -1.25740e+05   -1.23542e+05    3.36562e+02
 Pres. DC (bar) Pressure (bar)   Constr. rmsd
   -1.75663e+02   -3.06471e+02    1.90162e-06


DD  step 488999 load imb.: force 10.2%
           Step           Time
         489000      978.00000

   Energies (kJ/mol)
           Bond          Angle    Proper Dih. Per. Imp. Dih.          LJ-14
    1.68866e+02    2.86443e+02    3.92274e+02    2.97884e+01    1.53497e+02
     Coulomb-14        LJ (SR)  Disper. corr.   Coulomb (SR)   Coul. recip.
    2.31558e+03    2.22172e+04   -1.36548e+03   -1.85504e+05    1.41008e+03
      Potential    Kinetic En.   Total Energy  Conserved En.    Temperature
   -1.59896e+05    3.44805e+04   -1.25416e+05   -1.23531e+05    3.40620e+02
 Pres. DC (bar) Pressure (bar)   Constr. rmsd
   -1.76224e+02   -4.93577e+02    2.57952e-06


DD  step 489999 load imb.: force  5.8%
           Step           Time
         490000      980.00000

   Energies (kJ/mol)
           Bond          Angle    Proper Dih. Per. Imp. Dih.          LJ-14
    1.85833e+02    2.93206e+02    3.77284e+02    2.10638e+01    1.75473e+02
     Coulomb-14        LJ (SR)  Disper. corr.   Coulomb (SR)   Coul. recip.
    2.34649e+03    2.28226e+04   -1.36459e+03   -1.86090e+05    1.36598e+03
      Potential    Kinetic En.   Total Energy  Conserved En.    Temperature
   -1.59866e+05    3.41430e+04   -1.25723e+05   -1.23550e+05    3.37286e+02
 Pres. DC (bar) Pressure (bar)   Constr. rmsd
   -1.75995e+02   -1.30265e+02    1.55146e-06


DD  step 490999 load imb.: force  2.8%
           Step           Time
         491000      982.00000

   Energies (kJ/mol)
           Bond          Angle    Proper Dih. Per. Imp. Dih.          LJ-14
    1.75789e+02    3.22733e+02    4.10790e+02    2.40565e+01    1.88298e+02
     Coulomb-14        LJ (SR)  Disper. corr.   Coulomb (SR)   Coul. recip.
    2.28207e+03    2.23827e+04   -1.36797e+03   -1.86087e+05    1.37649e+03
      Potential    Kinetic En.   Total Energy  Conserved En.    Temperature
   -1.60292e+05    3.47659e+04   -1.25526e+05   -1.23468e+05    3.43440e+02
 Pres. DC (bar) Pressure (bar)   Constr. rmsd
   -1.76865e+02   -3.67685e+02    3.27132e-06


DD  step 491999 load imb.: force 14.4%
           Step           Time
         492000      984.00000

   Energies (kJ/mol)
           Bond          Angle    Proper Dih. Per. Imp. Dih.          LJ-14
    1.26954e+02    2.93214e+02    3.73940e+02    2.02418e+01    1.84680e+02
     Coulomb-14        LJ (SR)  Disper. corr.   Coulomb (SR)   Coul. recip.
    2.37648e+03    2.34852e+04   -1.37093e+03   -1.86917e+05    1.41621e+03
      Potential    Kinetic En.   Total Energy  Conserved En.    Temperature
   -1.60011e+05    3.43467e+04   -1.25665e+05   -1.23389e+05    3.39298e+02
 Pres. DC (bar) Pressure (bar)   Constr. rmsd
   -1.77633e+02    1.86206e+02    2.58194e-06


DD  step 492999 load imb.: force 12.5%
           Step           Time
         493000      986.00000

   Energies (kJ/mol)
           Bond          Angle    Proper Dih. Per. Imp. Dih.          LJ-14
    1.92414e+02    2.87057e+02    3.49952e+02    1.99668e+01    1.71501e+02
     Coulomb-14        LJ (SR)  Disper. corr.   Coulomb (SR)   Coul. recip.
    2.36906e+03    2.26669e+04   -1.37206e+03   -1.85908e+05    1.38936e+03
      Potential    Kinetic En.   Total Energy  Conserved En.    Temperature
   -1.59833e+05    3.44671e+04   -1.25366e+05   -1.23363e+05    3.40488e+02
 Pres. DC (bar) Pressure (bar)   Constr. rmsd
   -1.77923e+02   -1.74294e+02    3.25057e-06


DD  step 493999 load imb.: force  2.7%
           Step           Time
         494000      988.00000

   Energies (kJ/mol)
           Bond          Angle    Proper Dih. Per. Imp. Dih.          LJ-14
    1.55233e+02    2.94121e+02    3.71067e+02    1.87520e+01    1.78766e+02
     Coulomb-14        LJ (SR)  Disper. corr.   Coulomb (SR)   Coul. recip.
    2.34519e+03    2.22173e+04   -1.36855e+03   -1.86231e+05    1.33594e+03
      Potential    Kinetic En.   Total Energy  Conserved En.    Temperature
   -1.60683e+05    3.45679e+04   -1.26115e+05   -1.23389e+05    3.41484e+02
 Pres. DC (bar) Pressure (bar)   Constr. rmsd
   -1.77017e+02   -4.54372e+02    1.54765e-06


DD  step 494999 load imb.: force  5.7%
           Step           Time
         495000      990.00000

   Energies (kJ/mol)
           Bond          Angle    Proper Dih. Per. Imp. Dih.          LJ-14
    1.59628e+02    2.83220e+02    3.63529e+02    1.12620e+01    1.86674e+02
     Coulomb-14        LJ (SR)  Disper. corr.   Coulomb (SR)   Coul. recip.
    2.35490e+03    2.33037e+04   -1.37792e+03   -1.87146e+05    1.37436e+03
      Potential    Kinetic En.   Total Energy  Conserved En.    Temperature
   -1.60487e+05    3.40228e+04   -1.26464e+05   -1.23291e+05    3.36099e+02
 Pres. DC (bar) Pressure (bar)   Constr. rmsd
   -1.79445e+02    4.62019e+01    2.40204e-06


DD  step 495999 load imb.: force  2.1%
           Step           Time
         496000      992.00000

   Energies (kJ/mol)
           Bond          Angle    Proper Dih. Per. Imp. Dih.          LJ-14
    1.32992e+02    3.24401e+02    3.64962e+02    2.13653e+01    1.61795e+02
     Coulomb-14        LJ (SR)  Disper. corr.   Coulomb (SR)   Coul. recip.
    2.34581e+03    2.30468e+04   -1.37435e+03   -1.87136e+05    1.31059e+03
      Potential    Kinetic En.   Total Energy  Conserved En.    Temperature
   -1.60801e+05    3.44983e+04   -1.26303e+05   -1.23312e+05    3.40796e+02
 Pres. DC (bar) Pressure (bar)   Constr. rmsd
   -1.78518e+02   -8.36236e+01    2.37129e-06


DD  step 496999 load imb.: force  4.3%
           Step           Time
         497000      994.00000

   Energies (kJ/mol)
           Bond          Angle    Proper Dih. Per. Imp. Dih.          LJ-14
    1.02488e+02    3.43338e+02    3.73203e+02    4.27082e+01    1.83634e+02
     Coulomb-14        LJ (SR)  Disper. corr.   Coulomb (SR)   Coul. recip.
    2.30192e+03    2.37150e+04   -1.37468e+03   -1.87364e+05    1.33527e+03
      Potential    Kinetic En.   Total Energy  Conserved En.    Temperature
   -1.60341e+05    3.45381e+04   -1.25803e+05   -1.23351e+05    3.41189e+02
 Pres. DC (bar) Pressure (bar)   Constr. rmsd
   -1.78603e+02    3.81124e+02    2.33485e-06


DD  step 497999 load imb.: force  3.4%
           Step           Time
         498000      996.00000

   Energies (kJ/mol)
           Bond          Angle    Proper Dih. Per. Imp. Dih.          LJ-14
    1.58178e+02    3.65079e+02    3.78440e+02    3.23830e+01    1.67126e+02
     Coulomb-14        LJ (SR)  Disper. corr.   Coulomb (SR)   Coul. recip.
    2.37944e+03    2.32588e+04   -1.36900e+03   -1.86932e+05    1.34002e+03
      Potential    Kinetic En.   Total Energy  Conserved En.    Temperature
   -1.60222e+05    3.51562e+04   -1.25065e+05   -1.23345e+05    3.47295e+02
 Pres. DC (bar) Pressure (bar)   Constr. rmsd
   -1.77132e+02    1.21580e+02    2.70129e-06


DD  step 498999 load imb.: force  2.2%
           Step           Time
         499000      998.00000

   Energies (kJ/mol)
           Bond          Angle    Proper Dih. Per. Imp. Dih.          LJ-14
    1.55821e+02    3.03421e+02    3.80383e+02    1.56224e+01    1.79854e+02
     Coulomb-14        LJ (SR)  Disper. corr.   Coulomb (SR)   Coul. recip.
    2.33429e+03    2.28358e+04   -1.37344e+03   -1.86148e+05    1.37172e+03
      Potential    Kinetic En.   Total Energy  Conserved En.    Temperature
   -1.59945e+05    3.48766e+04   -1.25068e+05   -1.23269e+05    3.44534e+02
 Pres. DC (bar) Pressure (bar)   Constr. rmsd
   -1.78281e+02   -3.03749e+01    3.20860e-06


DD  step 499999 load imb.: force 10.8%
           Step           Time
         500000     1000.00000

Writing checkpoint, step 500000 at Wed Sep 23 16:13:31 2026


   Energies (kJ/mol)
           Bond          Angle    Proper Dih. Per. Imp. Dih.          LJ-14
    1.41454e+02    2.96299e+02    3.71466e+02    1.43180e+01    1.64060e+02
     Coulomb-14        LJ (SR)  Disper. corr.   Coulomb (SR)   Coul. recip.
    2.34284e+03    2.32097e+04   -1.37209e+03   -1.86500e+05    1.38357e+03
      Potential    Kinetic En.   Total Energy  Conserved En.    Temperature
   -1.59948e+05    3.45859e+04   -1.25362e+05   -1.23338e+05    3.41661e+02
 Pres. DC (bar) Pressure (bar)   Constr. rmsd
   -1.77931e+02    1.13714e+02    1.84495e-06


Energy conservation over simulation part #1 of length 1000 ps, time 0 to 1000 ps
  Conserved energy drift: 3.70e-04 kJ/mol/ps per atom


	<======  ###############  ==>
	<====  A V E R A G E S  ====>
	<==  ###############  ======>

	Statistics over 500001 steps using 5001 frames

   Energies (kJ/mol)
           Bond          Angle    Proper Dih. Per. Imp. Dih.          LJ-14
    1.51589e+02    3.31187e+02    3.74248e+02    2.23782e+01    1.76700e+02
     Coulomb-14        LJ (SR)  Disper. corr.   Coulomb (SR)   Coul. recip.
    2.31458e+03    2.29647e+04   -1.37427e+03   -1.86510e+05    1.35732e+03
      Potential    Kinetic En.   Total Energy  Conserved En.    Temperature
   -1.60192e+05    3.44259e+04   -1.25766e+05   -1.25852e+05    3.40081e+02
 Pres. DC (bar) Pressure (bar)   Constr. rmsd
   -1.78503e+02   -3.37318e+00    0.00000e+00

          Box-X          Box-Y          Box-Z
    5.03982e+00    5.03982e+00    5.03982e+00

   Total Virial (kJ/mol)
    1.14984e+04   -1.69944e+01    6.65471e+00
   -1.69850e+01    1.14689e+04    1.68903e+01
    6.66658e+00    1.68976e+01    1.15023e+04

   Pressure (bar)
   -5.09147e+00    4.55441e+00   -1.48737e+00
    4.55198e+00    1.96519e-01   -4.30418e+00
   -1.49045e+00   -4.30607e+00   -5.22459e+00

      T-ProteinT-Water_and_ions
    3.42043e+02    3.40046e+02


	M E G A - F L O P S   A C C O U N T I N G

 NB=Group-cutoff nonbonded kernels    NxN=N-by-N cluster Verlet kernels
 RF=Reaction-Field  VdW=Van der Waals  QSTab=quadratic-spline table
 W3=SPC/TIP3p  W4=TIP4p (single or pairs)
 V&F=Potential and force  V=Potential only  F=Force only

 Computing:                               M-Number         M-Flops  % Flops
-----------------------------------------------------------------------------
 Pair Search distance check           51876.499918      466888.499     0.2
 NxN Ewald Elec. + LJ [F]           1746248.196944   115252380.998    48.9
 NxN Ewald Elec. + LJ [V&F]           17642.871328     1887787.232     0.8
 NxN Ewald Elec. [F]                1660726.903536   101304341.116    43.0
 NxN Ewald Elec. [V&F]                16777.781856     1409333.676     0.6
 1,4 nonbonded interactions             214.500429       19305.039     0.0
 Calc Weights                         18177.036354      654373.309     0.3
 Spread Q Bspline                    387776.775552      775553.551     0.3
 Gather F Bspline                    387776.775552     2326660.653     1.0
 3D-FFT                             1198520.397036     9588163.176     4.1
 Solve PME                            19404.038808     1241858.484     0.5
 Reset In Box                           121.143646         363.431     0.0
 CG-CoM                                 121.204236         363.613     0.0
 Bonds                                   49.000098        2891.006     0.0
 Angles                                 149.500299       25116.050     0.0
 Propers                                215.500431       49349.599     0.0
 Impropers                               23.000046        4784.010     0.0
 Virial                                  61.502298        1107.041     0.0
 Stop-CM                                 60.614236         606.142     0.0
 P-Coupling                              60.602118         363.613     0.0
 Calc-Ekin                              121.204236        3272.514     0.0
 Lincs                                   36.500219        2190.013     0.0
 Lincs-Mat                              120.000720         480.003     0.0
 Constraint-V                          6037.024148       54333.217     0.0
 Constraint-Vir                          60.017001        1440.408     0.0
 Settle                                1988.011928      735564.413     0.3
-----------------------------------------------------------------------------
 Total                                               235808870.806   100.0
-----------------------------------------------------------------------------


    D O M A I N   D E C O M P O S I T I O N   S T A T I S T I C S

 av. #atoms communicated per step for force:  2 x 11756.5


Dynamic load balancing report:
 DLB was off during the run due to low measured imbalance.
 Average load imbalance: 3.7%.
 The balanceable part of the MD step is 45%, load imbalance is computed from this.
 Part of the total run time spent waiting due to load imbalance: 1.7%.


      R E A L   C Y C L E   A N D   T I M E   A C C O U N T I N G

On 4 MPI ranks, each using 8 OpenMP threads

 Activity:              Num   Num      Call    Wall time         Giga-Cycles
                        Ranks Threads  Count      (s)         total sum    %
--------------------------------------------------------------------------------
 Domain decomp.            4    8      10001       2.368        303.058   1.1
 DD comm. load             4    8       8820       0.023          2.940   0.0
 DD comm. bounds           4    8       3823       0.009          1.202   0.0
 Neighbor search           4    8      10001       4.714        603.403   2.3
 Comm. coord.              4    8     490000       5.380        688.592   2.6
 Force                     4    8     500001      80.084      10250.835  38.5
 Wait + Comm. F            4    8     500001      10.900       1395.245   5.2
 PME mesh                  4    8     500001      92.733      11869.987  44.6
 NB X/F buffer ops.        4    8    1490002       6.250        799.961   3.0
 Write traj.               4    8        101       0.023          2.983   0.0
 Update                    4    8     500001       1.665        213.070   0.8
 Constraints               4    8     500003       2.776        355.379   1.3
 Kinetic energy            4    8      10001       0.028          3.617   0.0
 Comm. energies            4    8       5001       0.109         14.002   0.1
 Rest                                              0.762         97.574   0.4
--------------------------------------------------------------------------------
 Total                                           207.824      26601.847 100.0
--------------------------------------------------------------------------------
 Breakdown of PME mesh activities
--------------------------------------------------------------------------------
 PME redist. X/F           4    8    1000002      25.994       3327.266  12.5
 PME spread                4    8     500001      16.680       2135.078   8.0
 PME gather                4    8     500001      13.247       1695.586   6.4
 PME 3D-FFT                4    8    1000002      23.526       3011.347  11.3
 PME 3D-FFT Comm.          4    8    1000002      11.965       1531.528   5.8
 PME solve Elec            4    8     500001       0.711         91.072   0.3
--------------------------------------------------------------------------------

               Core t (s)   Wall t (s)        (%)
       Time:     6650.366      207.824     3200.0
                 (ns/day)    (hour/ns)    (ms/step)  (Matom*steps/s) 
Performance:      415.737        0.058        0.416           29.155 
Finished mdrun on rank 0 Wed Sep 23 16:13:31 2026

