                :-) GROMACS - gmx mdrun, 2026.3-conda_forge (-:

Copyright 1991-2026 The GROMACS Authors.
GROMACS is free software; you can redistribute it and/or modify it
under the terms of the GNU Lesser General Public License
as published by the Free Software Foundation; either version 2.1
of the License, or (at your option) any later version.

                         Current GROMACS contributors:
       Mark Abraham           Andrey Alekseenko           Brian Andrews       
        Paul Bauer              Cathrine Bergh              Hugh Bird         
      Eliane Briand               Ania Brown                Yiqi Chen         
      Mahesh Doijade            Giacomo Fiorin          Stefan Fleischmann    
      Sergey Gorelov         Gilles Gouaillardet            Alan Gray         
   Farzaneh Jalalypour         Petter Johansson          Carsten Kutzner      
    Grzegorz Łazarski         Justin A. Lemkul          Magnus Lundborg      
        Julio Maia               Pascal Merz             Vedran Miletić      
      Dmitry Morozov           Lukas Müllender           Szilárd Páll      
 Andrea Pasquadibisceglie     Michele Pellegrino         Nicola Piasentin     
     Daniele Rapetti         Muhammad Umair Sadiq         Hubert Santuz       
      Michael Shirts           Tatiana Shugaeva          Alexey Shvetsov      
     Bálint Soproni            Philip Turner            Alessandra Villa     
        Yang Zhang        

                         Previous GROMACS contributors:
        Emile Apol             Rossen Apostolov           James Barnett       
      Vladimir Basov        Herman J.C. Berendsen          Par Bjelkmar       
      Christian Blau          Viacheslav Bolnykh            Kevin Boyd        
    Aldert van Buuren          Carlo Camilloni           Rudi van Drunen      
      Anton Feenstra           Oliver Fleetwood            Vytas Gapsys       
       Gaurav Garg             Gerrit Groenhof            Bert de Groot       
      Anca Hamuraru           Vincent Hindriksen          Victor Holanda      
     M. Eric Irrgang           Aleksei Iupinov              Joe Jordan        
    Christoph Junghans        Prashanth Kanduri        Dimitrios Karkoulis    
       Peter Kasson             Sebastian Kehl           Sebastian Keller     
        Jiri Kraus               Per Larsson              Viveca Lindahl      
      Erik Marklund           Pieter Meulenhoff           Teemu Murtola       
       Julien Nabet              Sander Pronk             Roland Schulz       
      Alfons Sijbers         David van der Spoel          Peter Tieleman      
      Carsten Uphoff             Jon Vincent             Teemu Virolainen     
    Christian Wennberg     Sebastian Wingbermühle         Maarten Wolf       
      Artem Zhmurov       

                  Coordinated by the GROMACS project leaders:
                           Berk Hess and Erik Lindahl

GROMACS:      gmx mdrun, version 2026.3-conda_forge
Executable:   /lmb/home/alexandrebg/.local/share/mamba/envs/gromacs-tutorial/bin.AVX2_256/gmx
Data prefix:  /lmb/home/alexandrebg/.local/share/mamba/envs/gromacs-tutorial
Working dir:  /ssd/gromacs-tutorial
Process ID:   3891502
Command line:
  gmx mdrun -v -deffnm exercise-1/2RVD_nvt -ntmpi 4 -ntomp 8 -pin on

GROMACS version:     2026.3-conda_forge
Precision:           mixed
Memory model:        64 bit
MPI library:         thread_mpi
MPI version:         built in
OpenMP support:      enabled (GMX_OPENMP_MAX_THREADS = 128)
GPU support:         OpenCL
NBNxM GPU setup:     super-cluster 2x2x2 / cluster 8 (cluster-pair splitting on)
SIMD instructions:   AVX2_256
CPU FFT library:     fftw-3.3.11-sse2-avx
GPU FFT library:     clFFT
Multi-GPU FFT:       none
RDTSCP:              disabled
TNG support:         enabled
Hwloc support:       disabled
Tracing support:     disabled
Colvars support:     enabled (version 2025-10-13)
CP2K support:        disabled
Torch support:       disabled
Plumed support:      enabled
C compiler:          /home/conda/feedstock_root/build_artifacts/gromacs_1785262702042/_build_env/bin/x86_64-conda-linux-gnu-cc GNU 14.3.0
C compiler flags:    -fexcess-precision=fast -funroll-all-loops -mavx2 -mfma -Wno-missing-field-initializers -O3 -DNDEBUG
C++ compiler:        /home/conda/feedstock_root/build_artifacts/gromacs_1785262702042/_build_env/bin/x86_64-conda-linux-gnu-c++ GNU 14.3.0
C++ compiler flags:  -fexcess-precision=fast -funroll-all-loops -mavx2 -mfma -Wno-missing-field-initializers -Wno-stringop-truncation -Wno-cast-function-type-strict SHELL:-fopenmp -O3 -DNDEBUG
BLAS library:        Internal
LAPACK library:      Internal
OpenCL include dir:  /lmb/home/alexandrebg/.local/share/mamba/envs/gromacs-tutorial/include
OpenCL library:      /lmb/home/alexandrebg/.local/share/mamba/envs/gromacs-tutorial/lib/libOpenCL.so
OpenCL version:      3.0


Running on 1 node with total 32 cores, 64 processing units (GPU detection failed: No valid OpenCL driver found)
Hardware detected on host lg59.lmb.internal:
  CPU info:
    Vendor: AMD
    Brand:  AMD Ryzen Threadripper PRO 7975WX 32-Cores     
    Family: 25   Model: 24   Stepping: 1
    Features: aes amd apic avx avx2 avx512f avx512cd avx512bw avx512vl avx512bf16 avx512secondFMA clfsh cmov cx8 cx16 f16c fma htt lahf misalignsse mmx msr nonstop_tsc pcid pclmuldq pdpe1gb popcnt pse rdrnd rdtscp sha sse2 sse3 sse4a sse4.1 sse4.2 ssse3 x2apic
  Hardware topology: Basic
    Packages, cores, and logical processors:
    [indices refer to OS logical processors]
      Package  0: [   0  32] [   1  33] [   2  34] [   3  35] [   4  36] [   5  37] [   6  38] [   7  39] [   8  40] [   9  41] [  10  42] [  11  43] [  12  44] [  13  45] [  14  46] [  15  47] [  16  48] [  17  49] [  18  50] [  19  51] [  20  52] [  21  53] [  22  54] [  23  55] [  24  56] [  25  57] [  26  58] [  27  59] [  28  60] [  29  61] [  30  62] [  31  63]
    CPU limit set by OS: -1   Recommended max number of threads: 64

Likely fastest SIMD instructions supported by all nodes: AVX_512
SIMD instructions selected at compile time:              AVX2_256
On non-Intel hardware supporting AVX-512, you might gain a few percent
performance by recompiling to use it, at least for CPU-only runs.

The current CPU can measure timings more accurately than the code in
gmx mdrun was configured to use. This might affect your simulation
speed as accurate timings are needed for load-balancing.
Please consider rebuilding gmx mdrun with the GMX_USE_RDTSCP=ON CMake option.

++++ PLEASE READ AND CITE THE FOLLOWING REFERENCE ++++
M. J. Abraham, T. Murtola, R. Schulz, S. Páll, J. C. Smith, B. Hess, E.
Lindahl
GROMACS: High performance molecular simulations through multi-level
parallelism from laptops to supercomputers
SoftwareX (2015)
https://doi.org/10.1016/j.softx.2015.06.001
-------- -------- --- Thank You --- -------- --------


++++ PLEASE READ AND CITE THE FOLLOWING REFERENCE ++++
S. Páll, M. J. Abraham, C. Kutzner, B. Hess, E. Lindahl
Tackling Exascale Software Challenges in Molecular Dynamics Simulations with
GROMACS
In S. Markidis & E. Laure (Eds.), Solving Software Challenges for Exascale (2015)
https://doi.org/10.1007/978-3-319-15976-8_1
-------- -------- --- Thank You --- -------- --------


++++ PLEASE READ AND CITE THE FOLLOWING REFERENCE ++++
S. Pronk, S. Páll, R. Schulz, P. Larsson, P. Bjelkmar, R. Apostolov, M. R.
Shirts, J. C. Smith, P. M. Kasson, D. van der Spoel, B. Hess, E. Lindahl
GROMACS 4.5: a high-throughput and highly parallel open source molecular
simulation toolkit
Bioinformatics (2013)
https://doi.org/10.1093/bioinformatics/btt055
-------- -------- --- Thank You --- -------- --------


++++ PLEASE READ AND CITE THE FOLLOWING REFERENCE ++++
B. Hess, C. Kutzner, D. van der Spoel, E. Lindahl
GROMACS 4: Algorithms for highly efficient, load-balanced, and scalable
molecular simulation
J. Chem. Theory Comput. (2008)
https://doi.org/10.1021/ct700301q
-------- -------- --- Thank You --- -------- --------


++++ PLEASE READ AND CITE THE FOLLOWING REFERENCE ++++
D. van der Spoel, E. Lindahl, B. Hess, G. Groenhof, A. E. Mark, H. J. C.
Berendsen
GROMACS: Fast, Flexible and Free
J. Comp. Chem. (2005)
https://doi.org/10.1002/jcc.20291
-------- -------- --- Thank You --- -------- --------


++++ PLEASE READ AND CITE THE FOLLOWING REFERENCE ++++
E. Lindahl, B. Hess, D. van der Spoel
GROMACS 3.0: A package for molecular simulation and trajectory analysis
J. Mol. Mod. (2001)
https://doi.org/10.1007/s008940100045
-------- -------- --- Thank You --- -------- --------


++++ PLEASE READ AND CITE THE FOLLOWING REFERENCE ++++
H. J. C. Berendsen, D. van der Spoel and R. van Drunen
GROMACS: A message-passing parallel molecular dynamics implementation
Comp. Phys. Comm. (1995)
https://doi.org/10.1016/0010-4655(95)00042-E
-------- -------- --- Thank You --- -------- --------

Input Parameters:
   integrator                     = md
   tinit                          = 0
   dt                             = 0.002
   nsteps                         = 500000
   init-step                      = 0
   simulation-part                = 1
   mts                            = false
   mass-repartition-factor        = 1
   comm-mode                      = Linear
   nstcomm                        = 100
   bd-fric                        = 0
   ld-seed                        = 2147196923
   emtol                          = 10
   emstep                         = 0.01
   niter                          = 20
   fcstep                         = 0
   nstcgsteep                     = 1000
   nbfgscorr                      = 10
   rtpi                           = 0.05
   nstxout                        = 0
   nstvout                        = 0
   nstfout                        = 0
   nstlog                         = 1000
   nstcalcenergy                  = 100
   nstenergy                      = 1000
   nstxout-compressed             = 5000
   compressed-x-precision         = 1000
   cutoff-scheme                  = Verlet
   nstlist                        = 20
   pbc                            = xyz
   periodic-molecules             = false
   verlet-buffer-tolerance        = 0.005
   verlet-buffer-pressure-tolerance = 0.5
   rlist                          = 1.036
   coulombtype                    = PME
   coulomb-modifier               = Potential-shift
   rcoulomb-switch                = 0
   rcoulomb                       = 1
   epsilon-r                      = 1
   epsilon-rf                     = inf
   vdw-type                       = Cut-off
   vdw-modifier                   = Force-switch
   rvdw-switch                    = 0
   rvdw                           = 1
   DispCorr                       = No
   table-extension                = 1
   fourierspacing                 = 0.12
   fourier-nx                     = 42
   fourier-ny                     = 42
   fourier-nz                     = 42
   pme-order                      = 4
   ewald-rtol                     = 1e-05
   ewald-rtol-lj                  = 0.001
   lj-pme-comb-rule               = Geometric
   ewald-geometry                 = 3d
   epsilon-surface                = 0
   ensemble-temperature-setting   = constant
   ensemble-temperature           = 340
   tcoupl                         = V-rescale
   nsttcouple                     = 100
   nh-chain-length                = 0
   print-nose-hoover-chain-variables = false
   pcoupl                         = No
   refcoord-scaling               = No
   posres-com: not available
   posres-comB: not available
   QMMM                           = false
qm-opts:
   ngQM                           = 0
   constraint-algorithm           = Lincs
   continuation                   = false
   Shake-SOR                      = false
   shake-tol                      = 0.0001
   lincs-order                    = 4
   lincs-iter                     = 1
   lincs-warnangle                = 30
   nwall                          = 0
   wall-type                      = 9-3
   wall-r-linpot                  = -1
   wall-atomtype[0]               = -1
   wall-atomtype[1]               = -1
   wall-density[0]                = 0
   wall-density[1]                = 0
   wall-ewald-zfac                = 3
   pull                           = false
   awh                            = false
   rotation                       = false
   interactiveMD                  = false
   disre                          = No
   disre-weighting                = Conservative
   disre-mixed                    = false
   dr-fc                          = 1000
   dr-tau                         = 0
   nstdisreout                    = 100
   orire-fc                       = 0
   orire-tau                      = 0
   nstorireout                    = 100
   free-energy                    = no
   cos-acceleration               = 0
   deform (3x3):
      deform[    0]={ 0.00000e+00,  0.00000e+00,  0.00000e+00}
      deform[    1]={ 0.00000e+00,  0.00000e+00,  0.00000e+00}
      deform[    2]={ 0.00000e+00,  0.00000e+00,  0.00000e+00}
   simulated-tempering            = false
   swapcoords                     = no
   userint1                       = 0
   userint2                       = 0
   userint3                       = 0
   userint4                       = 0
   userreal1                      = 0
   userreal2                      = 0
   userreal3                      = 0
   userreal4                      = 0
   applied-forces:
     electric-field:
       x:
         E0                       = 0
         omega                    = 0
         t0                       = 0
         sigma                    = 0
       y:
         E0                       = 0
         omega                    = 0
         t0                       = 0
         sigma                    = 0
       z:
         E0                       = 0
         omega                    = 0
         t0                       = 0
         sigma                    = 0
     density-guided-simulation:
       active                     = false
       group                      = protein
       similarity-measure         = inner-product
       atom-spreading-weight      = unity
       force-constant             = 1e+09
       gaussian-transform-spreading-width = 0.2
       gaussian-transform-spreading-range-in-multiples-of-width = 4
       reference-density-filename = reference.mrc
       nst                        = 1
       normalize-densities        = true
       adaptive-force-scaling     = false
       adaptive-force-scaling-time-constant = 4
       shift-vector               = 
       transformation-matrix      = 
     qmmm-cp2k:
       active                     = false
       qmgroup                    = System
       qmmethod                   = PBE
       qmfilenames                = 
       qmcharge                   = 0
       qmmultiplicity             = 1
     colvars:
       active                     = false
       configfile                 = 
       seed                       = -1
     nnpot:
       active                     = false
       modelfile                  = model.pt
       input-group                = System
       link-type                  = H
       link-distance              = 0.1
       pair-cutoff                = 0
       embedding                  = mechanical
       nnp-charge                 = 0
       model-input1               = 
       model-input2               = 
       model-input3               = 
       model-input4               = 
       model-input5               = 
       model-input6               = 
       model-input7               = 
       model-input8               = 
       model-input9               = 
   fast-multipole-method:
     fmm:
       backend                    = inactive
       exafmm-order               = 6
       exafmm-direct-range        = 2
       exafmm-direct-provider     = GROMACS
       exafmm-tree-type           = uniform
       exafmm-tree-depth          = 0
       exafmm-max-particles-per-cell = 0
       fmsolvr-order              = 8
       fmsolvr-direct-range       = 1
       fmsolvr-direct-provider    = FMM
       fmsolvr-dipole-compensation = true
       fmsolvr-tree-depth         = 3
       fmsolvr-sparse             = false
grpopts:
   nrdf:     424.948     23925.1
   ref-t:         340         340
   tau-t:           1           1
annealing:          No          No
annealing-npoints:           0           0
   acc:	           0           0           0
   nfreeze:           N           N           N
   energygrp-flags[  0]: 0

Changing nstlist from 20 to 40, rlist from 1.036 to 1.101


Initializing Domain Decomposition on 4 ranks
Dynamic load balancing: auto
Using update groups, nr 4093, average size 3.0 atoms, max. radius 0.104 nm
Minimum cell size due to atom displacement: 0.344 nm
Initial maximum distances in bonded interactions:
    two-body bonded interactions: 0.389 nm, LJ-14, atoms 128 138
  multi-body bonded interactions: 0.389 nm, Proper Dih., atoms 138 128
Minimum cell size due to bonded interactions: 0.428 nm
Scaling the initial minimum size with 1/0.8 (option -dds) = 1.25
Using 0 separate PME ranks because: there are too few total ranks for efficient splitting
Optimizing the DD grid for 4 cells with a minimum initial size of 0.534 nm
The maximum allowed number of cells is: X 9 Y 9 Z 9
Domain decomposition grid 4 x 1 x 1, separate PME ranks 0
PME domain decomposition: 4 x 1 x 1
Domain decomposition rank 0, coordinates 0 0 0

The initial number of communication pulses is: X 2
The initial domain decomposition cell size is: X 1.25 nm

The maximum allowed distance for atom groups involved in interactions is:
                 non-bonded interactions           1.310 nm
            two-body bonded interactions  (-rdd)   1.310 nm
          multi-body bonded interactions  (-rdd)   1.250 nm

When dynamic load balancing gets turned on, these settings will change to:
The maximum number of communication pulses is: X 2
The minimum size for domain decomposition cells is 0.839 nm
The requested allowed shrink of DD cells (option -dds) is: 0.80
The allowed shrink of domain decomposition cells is: X 0.67
The maximum allowed distance for atom groups involved in interactions is:
                 non-bonded interactions           1.310 nm
            two-body bonded interactions  (-rdd)   1.310 nm
          multi-body bonded interactions  (-rdd)   0.839 nm

Local state does not use filler particles

Using 4 MPI threads
Using 8 OpenMP threads per tMPI thread

System total charge: -0.000
Will do PME sum in reciprocal space for electrostatic interactions.

++++ PLEASE READ AND CITE THE FOLLOWING REFERENCE ++++
U. Essmann, L. Perera, M. L. Berkowitz, T. Darden, H. Lee, L. G. Pedersen 
A smooth particle mesh Ewald method
J. Chem. Phys. (1995)
https://doi.org/10.1063/1.470117
-------- -------- --- Thank You --- -------- --------

Using a Gaussian width (1/beta) of 0.320163 nm for Ewald
Potential shift: LJ r^-12: -2.000e+01 r^-6: -7.500e+00, Ewald -1.000e-05
Initialized non-bonded Coulomb Ewald tables, spacing: 9.33e-04 size: 1073

Generated table with 1050 data points for 1-4 COUL.
Tabscale = 500 points/nm
Generated table with 1050 data points for 1-4 LJ6.
Tabscale = 500 points/nm
Generated table with 1050 data points for 1-4 LJ12.
Tabscale = 500 points/nm


Using SIMD4xM 4x8 nonbonded short-range kernels

Using a dual 4x8 pair-list setup updated with dynamic pruning:
  outer list: updated every 40 steps, buffer 0.101 nm, rlist 1.101 nm
  inner list: updated every 10 steps, buffer 0.000 nm, rlist 1.000 nm
At tolerance 0.005 kJ/mol/ps per atom, equivalent classical 1x1 list would be:
  outer list: updated every 40 steps, buffer 0.217 nm, rlist 1.217 nm
  inner list: updated every 10 steps, buffer 0.040 nm, rlist 1.040 nm

The average pressure is off by at most 0.00 bar due to missing LJ interactions
Removing pbc first time

Linking all bonded interactions to atoms


Pinning threads with an auto-selected logical cpu stride of 2

Initializing LINear Constraint Solver

++++ PLEASE READ AND CITE THE FOLLOWING REFERENCE ++++
B. Hess, H. Bekker, H. J. C. Berendsen, J. G. E. M. Fraaije
LINCS: A Linear Constraint Solver for molecular simulations
J. Comp. Chem. (1997)
https://doi.org/10.1002/(sici)1096-987x(199709)18:12<1463::aid-jcc4>3.0.co;2-h
-------- -------- --- Thank You --- -------- --------

The number of constraints is 73

++++ PLEASE READ AND CITE THE FOLLOWING REFERENCE ++++
S. Miyamoto, P. A. Kollman
SETTLE: An Analytical Version of the SHAKE and RATTLE Algorithms for Rigid
Water Models
J. Comp. Chem. (1992)
https://doi.org/10.1002/jcc.540130805
-------- -------- --- Thank You --- -------- --------

Intra-simulation communication will occur every 100 steps.

++++ PLEASE READ AND CITE THE FOLLOWING REFERENCE ++++
G. Bussi, D. Donadio, M. Parrinello
Canonical sampling through velocity rescaling
J. Chem. Phys. (2007)
https://doi.org/10.1063/1.2408420
-------- -------- --- Thank You --- -------- --------

There are: 12118 Atoms
Atom distribution over 4 domains: av 3029 stddev 66 min 2969 max 3057

Constraining the starting coordinates (step 0)

Constraining the coordinates at t0-dt (step 0)
Center of mass motion removal mode is Linear
We have the following groups for center of mass motion removal:
  0:  rest
RMS relative constraint deviation after constraining: 1.70e-06
Initial temperature: 339.745 K

Started mdrun on rank 0 Wed Sep 23 14:32:30 2026

           Step           Time
              0        0.00000

   Energies (kJ/mol)
           Bond          Angle    Proper Dih. Per. Imp. Dih.          LJ-14
    1.64215e+01    6.54886e+01    3.55951e+02    3.74974e+00    1.58754e+02
     Coulomb-14        LJ (SR)   Coulomb (SR)   Coul. recip.      Potential
    2.36050e+03    3.71583e+04   -2.42477e+05    6.91416e+02   -2.01666e+05
    Kinetic En.   Total Energy  Conserved En.    Temperature Pressure (bar)
    3.43922e+04   -1.67274e+05   -1.67274e+05    3.39748e+02   -1.57300e+03
   Constr. rmsd
    1.82921e-06


DD  step 39 load imb.: force  9.3%

step 80 Turning on dynamic load balancing, because the performance loss due to load imbalance is 2.8 %.

DD  step 999  vol min/aver 0.916  load imb.: force  9.4%
           Step           Time
           1000        2.00000

   Energies (kJ/mol)
           Bond          Angle    Proper Dih. Per. Imp. Dih.          LJ-14
    1.24246e+02    2.27248e+02    3.86606e+02    2.24479e+01    1.75035e+02
     Coulomb-14        LJ (SR)   Coulomb (SR)   Coul. recip.      Potential
    2.37232e+03    2.95277e+04   -2.07411e+05    1.04262e+03   -1.73533e+05
    Kinetic En.   Total Energy  Conserved En.    Temperature Pressure (bar)
    2.63307e+04   -1.47202e+05   -1.67029e+05    2.60111e+02   -2.46737e+02
   Constr. rmsd
    1.16926e-06


DD  step 1999  vol min/aver 0.879  load imb.: force  4.3%
           Step           Time
           2000        4.00000

   Energies (kJ/mol)
           Bond          Angle    Proper Dih. Per. Imp. Dih.          LJ-14
    1.15566e+02    3.20261e+02    4.09081e+02    2.43970e+01    1.65125e+02
     Coulomb-14        LJ (SR)   Coulomb (SR)   Coul. recip.      Potential
    2.35568e+03    2.67964e+04   -1.97244e+05    1.13660e+03   -1.65921e+05
    Kinetic En.   Total Energy  Conserved En.    Temperature Pressure (bar)
    2.97484e+04   -1.36172e+05   -1.67043e+05    2.93874e+02   -7.84472e+01
   Constr. rmsd
    2.09862e-06


DD  step 2999  vol min/aver 0.954  load imb.: force  0.8%
           Step           Time
           3000        6.00000

   Energies (kJ/mol)
           Bond          Angle    Proper Dih. Per. Imp. Dih.          LJ-14
    1.30973e+02    3.28017e+02    3.95215e+02    1.59816e+01    1.70502e+02
     Coulomb-14        LJ (SR)   Coulomb (SR)   Coul. recip.      Potential
    2.35495e+03    2.61663e+04   -1.93051e+05    1.25305e+03   -1.62236e+05
    Kinetic En.   Total Energy  Conserved En.    Temperature Pressure (bar)
    3.23179e+04   -1.29919e+05   -1.67049e+05    3.19256e+02    5.06729e+02
   Constr. rmsd
    1.91243e-06


DD  step 3999  vol min/aver 0.980  load imb.: force  1.5%

step 4000 Turning off dynamic load balancing, because it is degrading performance.
Atom distribution over 4 domains: av 3029 stddev 66 min 2993 max 3067
           Step           Time
           4000        8.00000

   Energies (kJ/mol)
           Bond          Angle    Proper Dih. Per. Imp. Dih.          LJ-14
    1.59809e+02    3.21365e+02    4.08271e+02    2.93222e+01    1.73450e+02
     Coulomb-14        LJ (SR)   Coulomb (SR)   Coul. recip.      Potential
    2.40928e+03    2.54481e+04   -1.89772e+05    1.33242e+03   -1.59490e+05
    Kinetic En.   Total Energy  Conserved En.    Temperature Pressure (bar)
    3.32296e+04   -1.26261e+05   -1.67042e+05    3.28263e+02    6.10859e+02
   Constr. rmsd
    2.57588e-06


DD  step 4999 load imb.: force 11.9%
           Step           Time
           5000       10.00000

   Energies (kJ/mol)
           Bond          Angle    Proper Dih. Per. Imp. Dih.          LJ-14
    1.19830e+02    3.04514e+02    3.79280e+02    1.27018e+01    1.80019e+02
     Coulomb-14        LJ (SR)   Coulomb (SR)   Coul. recip.      Potential
    2.38626e+03    2.51512e+04   -1.88976e+05    1.27797e+03   -1.59164e+05
    Kinetic En.   Total Energy  Conserved En.    Temperature Pressure (bar)
    3.37949e+04   -1.25369e+05   -1.67038e+05    3.33848e+02    5.48061e+02
   Constr. rmsd
    1.94851e-06


DD  step 5999 load imb.: force  1.4%
           Step           Time
           6000       12.00000

   Energies (kJ/mol)
           Bond          Angle    Proper Dih. Per. Imp. Dih.          LJ-14
    1.80183e+02    3.41449e+02    3.74549e+02    2.01119e+01    1.57073e+02
     Coulomb-14        LJ (SR)   Coulomb (SR)   Coul. recip.      Potential
    2.36401e+03    2.51046e+04   -1.89025e+05    1.37329e+03   -1.59110e+05
    Kinetic En.   Total Energy  Conserved En.    Temperature Pressure (bar)
    3.44437e+04   -1.24666e+05   -1.67038e+05    3.40257e+02    4.19152e+02
   Constr. rmsd
    2.83537e-06


DD  step 6999 load imb.: force  1.7%
           Step           Time
           7000       14.00000

   Energies (kJ/mol)
           Bond          Angle    Proper Dih. Per. Imp. Dih.          LJ-14
    1.35690e+02    3.17306e+02    3.91608e+02    2.58631e+01    1.70022e+02
     Coulomb-14        LJ (SR)   Coulomb (SR)   Coul. recip.      Potential
    2.38680e+03    2.51705e+04   -1.88464e+05    1.36455e+03   -1.58502e+05
    Kinetic En.   Total Energy  Conserved En.    Temperature Pressure (bar)
    3.44879e+04   -1.24014e+05   -1.67029e+05    3.40694e+02    7.87118e+02
   Constr. rmsd
    2.41159e-06


DD  step 7999 load imb.: force  1.7%
           Step           Time
           8000       16.00000

   Energies (kJ/mol)
           Bond          Angle    Proper Dih. Per. Imp. Dih.          LJ-14
    1.40368e+02    3.13023e+02    4.21252e+02    3.82230e+01    1.69013e+02
     Coulomb-14        LJ (SR)   Coulomb (SR)   Coul. recip.      Potential
    2.39979e+03    2.45362e+04   -1.87946e+05    1.34095e+03   -1.58587e+05
    Kinetic En.   Total Energy  Conserved En.    Temperature Pressure (bar)
    3.45386e+04   -1.24048e+05   -1.67021e+05    3.41194e+02    4.86312e+02
   Constr. rmsd
    5.24098e-06


DD  step 8999 load imb.: force  2.1%
           Step           Time
           9000       18.00000

   Energies (kJ/mol)
           Bond          Angle    Proper Dih. Per. Imp. Dih.          LJ-14
    1.47992e+02    2.90642e+02    4.10077e+02    2.18612e+01    1.91130e+02
     Coulomb-14        LJ (SR)   Coulomb (SR)   Coul. recip.      Potential
    2.38853e+03    2.48443e+04   -1.88068e+05    1.33525e+03   -1.58438e+05
    Kinetic En.   Total Energy  Conserved En.    Temperature Pressure (bar)
    3.44168e+04   -1.24021e+05   -1.67028e+05    3.39991e+02    6.39202e+02
   Constr. rmsd
    2.96536e-06


DD  step 9999 load imb.: force  2.7%
           Step           Time
          10000       20.00000

   Energies (kJ/mol)
           Bond          Angle    Proper Dih. Per. Imp. Dih.          LJ-14
    1.70486e+02    3.23994e+02    3.63635e+02    1.58115e+01    1.67145e+02
     Coulomb-14        LJ (SR)   Coulomb (SR)   Coul. recip.      Potential
    2.38192e+03    2.61293e+04   -1.89850e+05    1.32416e+03   -1.58973e+05
    Kinetic En.   Total Energy  Conserved En.    Temperature Pressure (bar)
    3.39595e+04   -1.25014e+05   -1.67003e+05    3.35473e+02    9.93345e+02
   Constr. rmsd
    2.80976e-06


DD  step 10999 load imb.: force  1.6%
           Step           Time
          11000       22.00000

   Energies (kJ/mol)
           Bond          Angle    Proper Dih. Per. Imp. Dih.          LJ-14
    1.25181e+02    3.10915e+02    3.88713e+02    1.92235e+01    1.77128e+02
     Coulomb-14        LJ (SR)   Coulomb (SR)   Coul. recip.      Potential
    2.36742e+03    2.50978e+04   -1.88434e+05    1.29769e+03   -1.58650e+05
    Kinetic En.   Total Energy  Conserved En.    Temperature Pressure (bar)
    3.41962e+04   -1.24454e+05   -1.67005e+05    3.37812e+02    7.65182e+02
   Constr. rmsd
    3.16688e-06


DD  step 11999 load imb.: force  8.2%
           Step           Time
          12000       24.00000

   Energies (kJ/mol)
           Bond          Angle    Proper Dih. Per. Imp. Dih.          LJ-14
    1.54376e+02    2.96771e+02    3.66316e+02    1.83523e+01    1.68222e+02
     Coulomb-14        LJ (SR)   Coulomb (SR)   Coul. recip.      Potential
    2.37164e+03    2.49736e+04   -1.88314e+05    1.33010e+03   -1.58634e+05
    Kinetic En.   Total Energy  Conserved En.    Temperature Pressure (bar)
    3.41459e+04   -1.24488e+05   -1.67001e+05    3.37315e+02    7.02206e+02
   Constr. rmsd
    2.86805e-06


DD  step 12999 load imb.: force  3.8%
           Step           Time
          13000       26.00000

   Energies (kJ/mol)
           Bond          Angle    Proper Dih. Per. Imp. Dih.          LJ-14
    1.62838e+02    2.98850e+02    3.73000e+02    1.44634e+01    1.58418e+02
     Coulomb-14        LJ (SR)   Coulomb (SR)   Coul. recip.      Potential
    2.35645e+03    2.49431e+04   -1.88436e+05    1.35943e+03   -1.58770e+05
    Kinetic En.   Total Energy  Conserved En.    Temperature Pressure (bar)
    3.45203e+04   -1.24249e+05   -1.66994e+05    3.41014e+02    5.35576e+02
   Constr. rmsd
    3.72297e-06


DD  step 13999 load imb.: force  2.1%
           Step           Time
          14000       28.00000

   Energies (kJ/mol)
           Bond          Angle    Proper Dih. Per. Imp. Dih.          LJ-14
    1.38018e+02    3.39201e+02    3.92984e+02    1.22838e+01    1.80986e+02
     Coulomb-14        LJ (SR)   Coulomb (SR)   Coul. recip.      Potential
    2.33624e+03    2.49128e+04   -1.88218e+05    1.31304e+03   -1.58592e+05
    Kinetic En.   Total Energy  Conserved En.    Temperature Pressure (bar)
    3.40844e+04   -1.24508e+05   -1.66985e+05    3.36707e+02    6.56903e+02
   Constr. rmsd
    2.91890e-06


DD  step 14999 load imb.: force  2.6%
           Step           Time
          15000       30.00000

   Energies (kJ/mol)
           Bond          Angle    Proper Dih. Per. Imp. Dih.          LJ-14
    1.51721e+02    3.11931e+02    3.93789e+02    2.66910e+01    1.75226e+02
     Coulomb-14        LJ (SR)   Coulomb (SR)   Coul. recip.      Potential
    2.37807e+03    2.49636e+04   -1.88663e+05    1.34925e+03   -1.58913e+05
    Kinetic En.   Total Energy  Conserved En.    Temperature Pressure (bar)
    3.46158e+04   -1.24297e+05   -1.66984e+05    3.41956e+02    6.03634e+02
   Constr. rmsd
    1.34744e-06


DD  step 15999 load imb.: force  2.4%
           Step           Time
          16000       32.00000

   Energies (kJ/mol)
           Bond          Angle    Proper Dih. Per. Imp. Dih.          LJ-14
    1.88604e+02    3.25833e+02    3.59987e+02    1.59485e+01    1.84140e+02
     Coulomb-14        LJ (SR)   Coulomb (SR)   Coul. recip.      Potential
    2.36491e+03    2.51801e+04   -1.88322e+05    1.36345e+03   -1.58339e+05
    Kinetic En.   Total Energy  Conserved En.    Temperature Pressure (bar)
    3.40940e+04   -1.24245e+05   -1.66964e+05    3.36802e+02    7.46698e+02
   Constr. rmsd
    5.15872e-06


DD  step 16999 load imb.: force  4.0%
           Step           Time
          17000       34.00000

   Energies (kJ/mol)
           Bond          Angle    Proper Dih. Per. Imp. Dih.          LJ-14
    1.34988e+02    3.10662e+02    3.89842e+02    2.08599e+01    1.78381e+02
     Coulomb-14        LJ (SR)   Coulomb (SR)   Coul. recip.      Potential
    2.36043e+03    2.50297e+04   -1.88591e+05    1.31112e+03   -1.58855e+05
    Kinetic En.   Total Energy  Conserved En.    Temperature Pressure (bar)
    3.42254e+04   -1.24630e+05   -1.66961e+05    3.38100e+02    7.63252e+02
   Constr. rmsd
    2.00628e-06


DD  step 17999 load imb.: force  3.5%
           Step           Time
          18000       36.00000

   Energies (kJ/mol)
           Bond          Angle    Proper Dih. Per. Imp. Dih.          LJ-14
    1.65552e+02    3.27765e+02    3.94792e+02    2.59386e+01    1.93247e+02
     Coulomb-14        LJ (SR)   Coulomb (SR)   Coul. recip.      Potential
    2.40763e+03    2.48795e+04   -1.88017e+05    1.35387e+03   -1.58268e+05
    Kinetic En.   Total Energy  Conserved En.    Temperature Pressure (bar)
    3.42126e+04   -1.24056e+05   -1.66956e+05    3.37974e+02    7.66925e+02
   Constr. rmsd
    3.26397e-06


DD  step 18999 load imb.: force  3.1%
           Step           Time
          19000       38.00000

   Energies (kJ/mol)
           Bond          Angle    Proper Dih. Per. Imp. Dih.          LJ-14
    1.63804e+02    2.98587e+02    4.01515e+02    2.30540e+01    2.00184e+02
     Coulomb-14        LJ (SR)   Coulomb (SR)   Coul. recip.      Potential
    2.38498e+03    2.53278e+04   -1.88228e+05    1.33546e+03   -1.58093e+05
    Kinetic En.   Total Energy  Conserved En.    Temperature Pressure (bar)
    3.43831e+04   -1.23710e+05   -1.66958e+05    3.39658e+02    9.29187e+02
   Constr. rmsd
    3.41410e-06


DD  step 19999 load imb.: force  2.7%
           Step           Time
          20000       40.00000

   Energies (kJ/mol)
           Bond          Angle    Proper Dih. Per. Imp. Dih.          LJ-14
    1.30641e+02    3.23468e+02    3.57173e+02    1.93200e+01    1.70923e+02
     Coulomb-14        LJ (SR)   Coulomb (SR)   Coul. recip.      Potential
    2.36484e+03    2.51552e+04   -1.87775e+05    1.34344e+03   -1.57910e+05
    Kinetic En.   Total Energy  Conserved En.    Temperature Pressure (bar)
    3.42019e+04   -1.23708e+05   -1.66948e+05    3.37868e+02    8.80334e+02
   Constr. rmsd
    2.78639e-06


DD  step 20999 load imb.: force  2.3%
           Step           Time
          21000       42.00000

   Energies (kJ/mol)
           Bond          Angle    Proper Dih. Per. Imp. Dih.          LJ-14
    1.41702e+02    3.38022e+02    3.82952e+02    1.82603e+01    1.64194e+02
     Coulomb-14        LJ (SR)   Coulomb (SR)   Coul. recip.      Potential
    2.33677e+03    2.43657e+04   -1.86927e+05    1.39628e+03   -1.57783e+05
    Kinetic En.   Total Energy  Conserved En.    Temperature Pressure (bar)
    3.45951e+04   -1.23188e+05   -1.66940e+05    3.41752e+02    6.28348e+02
   Constr. rmsd
    2.01348e-06


DD  step 21999 load imb.: force  3.5%
           Step           Time
          22000       44.00000

   Energies (kJ/mol)
           Bond          Angle    Proper Dih. Per. Imp. Dih.          LJ-14
    1.40515e+02    3.18381e+02    3.81536e+02    1.96163e+01    1.78576e+02
     Coulomb-14        LJ (SR)   Coulomb (SR)   Coul. recip.      Potential
    2.34009e+03    2.40150e+04   -1.86713e+05    1.35265e+03   -1.57967e+05
    Kinetic En.   Total Energy  Conserved En.    Temperature Pressure (bar)
    3.41199e+04   -1.23847e+05   -1.66940e+05    3.37058e+02    4.75167e+02
   Constr. rmsd
    2.51463e-06


DD  step 22999 load imb.: force  1.8%
           Step           Time
          23000       46.00000

   Energies (kJ/mol)
           Bond          Angle    Proper Dih. Per. Imp. Dih.          LJ-14
    1.27006e+02    3.26780e+02    3.95979e+02    3.61560e+01    1.91133e+02
     Coulomb-14        LJ (SR)   Coulomb (SR)   Coul. recip.      Potential
    2.35449e+03    2.49060e+04   -1.88124e+05    1.37239e+03   -1.58414e+05
    Kinetic En.   Total Energy  Conserved En.    Temperature Pressure (bar)
    3.44258e+04   -1.23989e+05   -1.66926e+05    3.40080e+02    6.97742e+02
   Constr. rmsd
    2.45925e-06


DD  step 23999 load imb.: force  2.7%
           Step           Time
          24000       48.00000

   Energies (kJ/mol)
           Bond          Angle    Proper Dih. Per. Imp. Dih.          LJ-14
    1.17946e+02    3.10800e+02    3.69391e+02    2.70737e+01    1.78348e+02
     Coulomb-14        LJ (SR)   Coulomb (SR)   Coul. recip.      Potential
    2.35164e+03    2.49458e+04   -1.88003e+05    1.31177e+03   -1.58391e+05
    Kinetic En.   Total Energy  Conserved En.    Temperature Pressure (bar)
    3.39301e+04   -1.24461e+05   -1.66923e+05    3.35183e+02    6.11235e+02
   Constr. rmsd
    4.09974e-06


DD  step 24999 load imb.: force  2.4%
           Step           Time
          25000       50.00000

   Energies (kJ/mol)
           Bond          Angle    Proper Dih. Per. Imp. Dih.          LJ-14
    1.45463e+02    3.48456e+02    3.63555e+02    2.36882e+01    1.58244e+02
     Coulomb-14        LJ (SR)   Coulomb (SR)   Coul. recip.      Potential
    2.37860e+03    2.52338e+04   -1.88086e+05    1.35954e+03   -1.58075e+05
    Kinetic En.   Total Energy  Conserved En.    Temperature Pressure (bar)
    3.39744e+04   -1.24100e+05   -1.66916e+05    3.35621e+02    7.48143e+02
   Constr. rmsd
    2.13388e-06


DD  step 25999 load imb.: force  5.7%
           Step           Time
          26000       52.00000

   Energies (kJ/mol)
           Bond          Angle    Proper Dih. Per. Imp. Dih.          LJ-14
    1.97289e+02    3.82769e+02    3.59321e+02    1.65496e+01    1.58246e+02
     Coulomb-14        LJ (SR)   Coulomb (SR)   Coul. recip.      Potential
    2.36155e+03    2.45531e+04   -1.86532e+05    1.30894e+03   -1.57194e+05
    Kinetic En.   Total Energy  Conserved En.    Temperature Pressure (bar)
    3.40886e+04   -1.23105e+05   -1.66904e+05    3.36748e+02    6.52135e+02
   Constr. rmsd
    1.90201e-06


DD  step 26999 load imb.: force  9.8%
           Step           Time
          27000       54.00000

   Energies (kJ/mol)
           Bond          Angle    Proper Dih. Per. Imp. Dih.          LJ-14
    1.27795e+02    3.36058e+02    4.10179e+02    2.12840e+01    2.07312e+02
     Coulomb-14        LJ (SR)   Coulomb (SR)   Coul. recip.      Potential
    2.37498e+03    2.53343e+04   -1.88127e+05    1.36361e+03   -1.57951e+05
    Kinetic En.   Total Energy  Conserved En.    Temperature Pressure (bar)
    3.44249e+04   -1.23526e+05   -1.66899e+05    3.40071e+02    1.05906e+03
   Constr. rmsd
    2.67853e-06


DD  step 27999 load imb.: force 18.2%
           Step           Time
          28000       56.00000

   Energies (kJ/mol)
           Bond          Angle    Proper Dih. Per. Imp. Dih.          LJ-14
    1.54104e+02    3.69932e+02    3.95227e+02    2.33339e+01    1.76065e+02
     Coulomb-14        LJ (SR)   Coulomb (SR)   Coul. recip.      Potential
    2.40049e+03    2.46780e+04   -1.87533e+05    1.33723e+03   -1.57999e+05
    Kinetic En.   Total Energy  Conserved En.    Temperature Pressure (bar)
    3.49978e+04   -1.23001e+05   -1.66901e+05    3.45731e+02    5.94073e+02
   Constr. rmsd
    2.39372e-06


DD  step 28999 load imb.: force  8.4%
           Step           Time
          29000       58.00000

   Energies (kJ/mol)
           Bond          Angle    Proper Dih. Per. Imp. Dih.          LJ-14
    1.41319e+02    4.19287e+02    3.99241e+02    2.58829e+01    1.91265e+02
     Coulomb-14        LJ (SR)   Coulomb (SR)   Coul. recip.      Potential
    2.34081e+03    2.48946e+04   -1.87427e+05    1.31315e+03   -1.57701e+05
    Kinetic En.   Total Energy  Conserved En.    Temperature Pressure (bar)
    3.46653e+04   -1.23036e+05   -1.66888e+05    3.42446e+02    8.43695e+02
   Constr. rmsd
    1.94041e-06


DD  step 29999 load imb.: force  4.1%
           Step           Time
          30000       60.00000

   Energies (kJ/mol)
           Bond          Angle    Proper Dih. Per. Imp. Dih.          LJ-14
    1.48854e+02    3.42909e+02    3.85060e+02    2.33021e+01    1.68570e+02
     Coulomb-14        LJ (SR)   Coulomb (SR)   Coul. recip.      Potential
    2.32005e+03    2.54068e+04   -1.87884e+05    1.38059e+03   -1.57708e+05
    Kinetic En.   Total Energy  Conserved En.    Temperature Pressure (bar)
    3.42007e+04   -1.23508e+05   -1.66882e+05    3.37857e+02    9.60867e+02
   Constr. rmsd
    2.48026e-06


DD  step 30999 load imb.: force  2.8%
           Step           Time
          31000       62.00000

   Energies (kJ/mol)
           Bond          Angle    Proper Dih. Per. Imp. Dih.          LJ-14
    1.70768e+02    3.37384e+02    3.68915e+02    1.72327e+01    1.57344e+02
     Coulomb-14        LJ (SR)   Coulomb (SR)   Coul. recip.      Potential
    2.34626e+03    2.46681e+04   -1.87228e+05    1.29448e+03   -1.57867e+05
    Kinetic En.   Total Energy  Conserved En.    Temperature Pressure (bar)
    3.41703e+04   -1.23697e+05   -1.66873e+05    3.37556e+02    5.99142e+02
   Constr. rmsd
    1.67494e-06


DD  step 31999 load imb.: force  1.9%

step 32000 Turning on dynamic load balancing, because the performance loss due to load imbalance is 2.1 %.
           Step           Time
          32000       64.00000

   Energies (kJ/mol)
           Bond          Angle    Proper Dih. Per. Imp. Dih.          LJ-14
    1.47494e+02    3.36723e+02    3.65888e+02    2.18995e+01    1.87399e+02
     Coulomb-14        LJ (SR)   Coulomb (SR)   Coul. recip.      Potential
    2.37903e+03    2.45337e+04   -1.86956e+05    1.36199e+03   -1.57622e+05
    Kinetic En.   Total Energy  Conserved En.    Temperature Pressure (bar)
    3.41181e+04   -1.23504e+05   -1.66873e+05    3.37040e+02    6.49384e+02
   Constr. rmsd
    1.50899e-06

step 32800 Turning off dynamic load balancing, because it is degrading performance.
Atom distribution over 4 domains: av 3029 stddev 59 min 3001 max 3062

DD  step 32999 load imb.: force  3.6%
           Step           Time
          33000       66.00000

   Energies (kJ/mol)
           Bond          Angle    Proper Dih. Per. Imp. Dih.          LJ-14
    1.63395e+02    2.89980e+02    3.68405e+02    1.59944e+01    1.98660e+02
     Coulomb-14        LJ (SR)   Coulomb (SR)   Coul. recip.      Potential
    2.37582e+03    2.52908e+04   -1.88494e+05    1.36450e+03   -1.58427e+05
    Kinetic En.   Total Energy  Conserved En.    Temperature Pressure (bar)
    3.51626e+04   -1.23264e+05   -1.66868e+05    3.47358e+02    9.75649e+02
   Constr. rmsd
    2.82224e-06


DD  step 33999 load imb.: force  1.6%
           Step           Time
          34000       68.00000

   Energies (kJ/mol)
           Bond          Angle    Proper Dih. Per. Imp. Dih.          LJ-14
    1.60382e+02    3.29335e+02    3.98988e+02    1.30098e+01    1.77270e+02
     Coulomb-14        LJ (SR)   Coulomb (SR)   Coul. recip.      Potential
    2.36553e+03    2.51821e+04   -1.88450e+05    1.32791e+03   -1.58496e+05
    Kinetic En.   Total Energy  Conserved En.    Temperature Pressure (bar)
    3.48333e+04   -1.23662e+05   -1.66866e+05    3.44106e+02    6.93516e+02
   Constr. rmsd
    2.48885e-06


DD  step 34999 load imb.: force  2.8%
           Step           Time
          35000       70.00000

   Energies (kJ/mol)
           Bond          Angle    Proper Dih. Per. Imp. Dih.          LJ-14
    1.59476e+02    3.59060e+02    3.84147e+02    2.14510e+01    1.72280e+02
     Coulomb-14        LJ (SR)   Coulomb (SR)   Coul. recip.      Potential
    2.33717e+03    2.49179e+04   -1.87774e+05    1.33835e+03   -1.58085e+05
    Kinetic En.   Total Energy  Conserved En.    Temperature Pressure (bar)
    3.47758e+04   -1.23309e+05   -1.66852e+05    3.43538e+02    7.48419e+02
   Constr. rmsd
    3.10006e-06


DD  step 35999 load imb.: force  7.2%

step 36000 Turning on dynamic load balancing, because the performance loss due to load imbalance is 2.1 %.
           Step           Time
          36000       72.00000

   Energies (kJ/mol)
           Bond          Angle    Proper Dih. Per. Imp. Dih.          LJ-14
    1.49403e+02    3.63702e+02    3.95190e+02    1.86558e+01    1.85461e+02
     Coulomb-14        LJ (SR)   Coulomb (SR)   Coul. recip.      Potential
    2.41302e+03    2.50884e+04   -1.88552e+05    1.32311e+03   -1.58615e+05
    Kinetic En.   Total Energy  Conserved En.    Temperature Pressure (bar)
    3.46871e+04   -1.23928e+05   -1.66846e+05    3.42661e+02    8.12350e+02
   Constr. rmsd
    2.28494e-06


DD  step 36999  vol min/aver 0.966  load imb.: force  3.1%
           Step           Time
          37000       74.00000

   Energies (kJ/mol)
           Bond          Angle    Proper Dih. Per. Imp. Dih.          LJ-14
    1.63790e+02    3.17279e+02    3.74826e+02    1.66979e+01    1.76279e+02
     Coulomb-14        LJ (SR)   Coulomb (SR)   Coul. recip.      Potential
    2.39342e+03    2.47922e+04   -1.88046e+05    1.35937e+03   -1.58452e+05
    Kinetic En.   Total Energy  Conserved En.    Temperature Pressure (bar)
    3.41869e+04   -1.24266e+05   -1.66837e+05    3.37720e+02    5.66422e+02
   Constr. rmsd
    2.24460e-06


DD  step 37999  vol min/aver 0.963  load imb.: force  4.0%
           Step           Time
          38000       76.00000

   Energies (kJ/mol)
           Bond          Angle    Proper Dih. Per. Imp. Dih.          LJ-14
    1.60398e+02    3.23555e+02    3.63992e+02    1.93236e+01    1.89470e+02
     Coulomb-14        LJ (SR)   Coulomb (SR)   Coul. recip.      Potential
    2.35860e+03    2.48704e+04   -1.88262e+05    1.33481e+03   -1.58641e+05
    Kinetic En.   Total Energy  Conserved En.    Temperature Pressure (bar)
    3.45209e+04   -1.24120e+05   -1.66835e+05    3.41019e+02    6.67015e+02
   Constr. rmsd
    2.03273e-06


DD  step 38999  vol min/aver 0.955  load imb.: force  3.2%
           Step           Time
          39000       78.00000

   Energies (kJ/mol)
           Bond          Angle    Proper Dih. Per. Imp. Dih.          LJ-14
    1.42557e+02    3.11562e+02    3.81561e+02    3.48081e+01    1.73197e+02
     Coulomb-14        LJ (SR)   Coulomb (SR)   Coul. recip.      Potential
    2.38734e+03    2.55122e+04   -1.88455e+05    1.34382e+03   -1.58168e+05
    Kinetic En.   Total Energy  Conserved En.    Temperature Pressure (bar)
    3.42078e+04   -1.23960e+05   -1.66824e+05    3.37926e+02    1.02450e+03
   Constr. rmsd
    2.76978e-06


DD  step 39999  vol min/aver 0.926  load imb.: force  4.3%
           Step           Time
          40000       80.00000

   Energies (kJ/mol)
           Bond          Angle    Proper Dih. Per. Imp. Dih.          LJ-14
    1.73768e+02    3.07463e+02    3.85558e+02    2.15244e+01    1.66596e+02
     Coulomb-14        LJ (SR)   Coulomb (SR)   Coul. recip.      Potential
    2.39749e+03    2.50177e+04   -1.88827e+05    1.37728e+03   -1.58979e+05
    Kinetic En.   Total Energy  Conserved En.    Temperature Pressure (bar)
    3.45220e+04   -1.24457e+05   -1.66821e+05    3.41030e+02    6.19140e+02
   Constr. rmsd
    2.45918e-06


DD  step 40999  vol min/aver 0.967  load imb.: force  1.1%
           Step           Time
          41000       82.00000

   Energies (kJ/mol)
           Bond          Angle    Proper Dih. Per. Imp. Dih.          LJ-14
    1.66973e+02    3.36071e+02    4.11935e+02    2.72736e+01    1.68593e+02
     Coulomb-14        LJ (SR)   Coulomb (SR)   Coul. recip.      Potential
    2.27829e+03    2.47781e+04   -1.87493e+05    1.32572e+03   -1.58000e+05
    Kinetic En.   Total Energy  Conserved En.    Temperature Pressure (bar)
    3.41043e+04   -1.23896e+05   -1.66811e+05    3.36904e+02    6.80138e+02
   Constr. rmsd
    2.05933e-06


DD  step 41999  vol min/aver 0.945  load imb.: force  3.2%
           Step           Time
          42000       84.00000

   Energies (kJ/mol)
           Bond          Angle    Proper Dih. Per. Imp. Dih.          LJ-14
    1.18091e+02    3.09507e+02    3.69282e+02    1.06200e+01    1.71518e+02
     Coulomb-14        LJ (SR)   Coulomb (SR)   Coul. recip.      Potential
    2.38382e+03    2.44989e+04   -1.87719e+05    1.25892e+03   -1.58598e+05
    Kinetic En.   Total Energy  Conserved En.    Temperature Pressure (bar)
    3.43653e+04   -1.24233e+05   -1.66814e+05    3.39482e+02    4.40978e+02
   Constr. rmsd
    1.60886e-06


DD  step 42999  vol min/aver 0.915  load imb.: force  5.7%
           Step           Time
          43000       86.00000

   Energies (kJ/mol)
           Bond          Angle    Proper Dih. Per. Imp. Dih.          LJ-14
    1.60085e+02    3.46075e+02    3.80445e+02    3.03591e+01    1.77893e+02
     Coulomb-14        LJ (SR)   Coulomb (SR)   Coul. recip.      Potential
    2.35122e+03    2.50132e+04   -1.87982e+05    1.39037e+03   -1.58132e+05
    Kinetic En.   Total Energy  Conserved En.    Temperature Pressure (bar)
    3.38494e+04   -1.24282e+05   -1.66793e+05    3.34386e+02    6.89170e+02
   Constr. rmsd
    1.65581e-06


DD  step 43999  vol min/aver 0.969  load imb.: force  0.7%
           Step           Time
          44000       88.00000

   Energies (kJ/mol)
           Bond          Angle    Proper Dih. Per. Imp. Dih.          LJ-14
    1.30865e+02    3.11041e+02    3.64510e+02    3.06283e+01    1.82816e+02
     Coulomb-14        LJ (SR)   Coulomb (SR)   Coul. recip.      Potential
    2.43380e+03    2.46111e+04   -1.87580e+05    1.31163e+03   -1.58204e+05
    Kinetic En.   Total Energy  Conserved En.    Temperature Pressure (bar)
    3.43294e+04   -1.23874e+05   -1.66810e+05    3.39128e+02    5.51495e+02
   Constr. rmsd
    2.29093e-06


DD  step 44999  vol min/aver 0.982  load imb.: force  2.4%
           Step           Time
          45000       90.00000

   Energies (kJ/mol)
           Bond          Angle    Proper Dih. Per. Imp. Dih.          LJ-14
    1.30908e+02    3.58108e+02    3.59419e+02    3.12114e+01    1.85080e+02
     Coulomb-14        LJ (SR)   Coulomb (SR)   Coul. recip.      Potential
    2.40863e+03    2.53246e+04   -1.88192e+05    1.38160e+03   -1.58012e+05
    Kinetic En.   Total Energy  Conserved En.    Temperature Pressure (bar)
    3.39278e+04   -1.24084e+05   -1.66787e+05    3.35160e+02    9.34854e+02
   Constr. rmsd
    2.05953e-06


DD  step 45999  vol min/aver 0.957  load imb.: force  5.6%
           Step           Time
          46000       92.00000

   Energies (kJ/mol)
           Bond          Angle    Proper Dih. Per. Imp. Dih.          LJ-14
    1.17579e+02    3.31563e+02    3.70087e+02    2.55702e+01    1.82078e+02
     Coulomb-14        LJ (SR)   Coulomb (SR)   Coul. recip.      Potential
    2.38407e+03    2.49663e+04   -1.88558e+05    1.31890e+03   -1.58862e+05
    Kinetic En.   Total Energy  Conserved En.    Temperature Pressure (bar)
    3.45534e+04   -1.24309e+05   -1.66800e+05    3.41340e+02    6.90415e+02
   Constr. rmsd
    2.66991e-06


DD  step 46999  vol min/aver 0.967  load imb.: force  2.7%
           Step           Time
          47000       94.00000

   Energies (kJ/mol)
           Bond          Angle    Proper Dih. Per. Imp. Dih.          LJ-14
    1.42076e+02    3.49254e+02    3.64496e+02    3.25433e+01    1.72660e+02
     Coulomb-14        LJ (SR)   Coulomb (SR)   Coul. recip.      Potential
    2.33947e+03    2.46477e+04   -1.87802e+05    1.29949e+03   -1.58455e+05
    Kinetic En.   Total Energy  Conserved En.    Temperature Pressure (bar)
    3.42664e+04   -1.24188e+05   -1.66787e+05    3.38505e+02    6.49986e+02
   Constr. rmsd
    2.87122e-06


DD  step 47999  vol min/aver 0.968  load imb.: force  1.9%
           Step           Time
          48000       96.00000

   Energies (kJ/mol)
           Bond          Angle    Proper Dih. Per. Imp. Dih.          LJ-14
    1.40630e+02    3.11241e+02    3.89499e+02    1.33704e+01    1.75154e+02
     Coulomb-14        LJ (SR)   Coulomb (SR)   Coul. recip.      Potential
    2.36983e+03    2.44351e+04   -1.87347e+05    1.39759e+03   -1.58114e+05
    Kinetic En.   Total Energy  Conserved En.    Temperature Pressure (bar)
    3.41706e+04   -1.23944e+05   -1.66786e+05    3.37559e+02    5.09884e+02
   Constr. rmsd
    2.84630e-06


DD  step 48999  vol min/aver 0.973  load imb.: force  3.3%
           Step           Time
          49000       98.00000

   Energies (kJ/mol)
           Bond          Angle    Proper Dih. Per. Imp. Dih.          LJ-14
    1.58667e+02    3.27168e+02    3.95295e+02    1.57980e+01    1.75690e+02
     Coulomb-14        LJ (SR)   Coulomb (SR)   Coul. recip.      Potential
    2.34971e+03    2.56402e+04   -1.89086e+05    1.38186e+03   -1.58642e+05
    Kinetic En.   Total Energy  Conserved En.    Temperature Pressure (bar)
    3.48011e+04   -1.23841e+05   -1.66771e+05    3.43787e+02    9.69548e+02
   Constr. rmsd
    2.17294e-06


DD  step 49999  vol min/aver 0.934  load imb.: force 10.5%
           Step           Time
          50000      100.00000

   Energies (kJ/mol)
           Bond          Angle    Proper Dih. Per. Imp. Dih.          LJ-14
    1.47646e+02    3.74860e+02    3.62035e+02    2.38864e+01    1.82315e+02
     Coulomb-14        LJ (SR)   Coulomb (SR)   Coul. recip.      Potential
    2.33554e+03    2.50377e+04   -1.87514e+05    1.36497e+03   -1.57685e+05
    Kinetic En.   Total Energy  Conserved En.    Temperature Pressure (bar)
    3.37671e+04   -1.23917e+05   -1.66760e+05    3.33573e+02    9.67802e+02
   Constr. rmsd
    2.22444e-06


DD  step 50999  vol min/aver 0.984  load imb.: force  2.4%
           Step           Time
          51000      102.00000

   Energies (kJ/mol)
           Bond          Angle    Proper Dih. Per. Imp. Dih.          LJ-14
    1.44691e+02    2.82749e+02    3.56642e+02    1.40591e+01    1.75172e+02
     Coulomb-14        LJ (SR)   Coulomb (SR)   Coul. recip.      Potential
    2.39300e+03    2.54856e+04   -1.88325e+05    1.33689e+03   -1.58136e+05
    Kinetic En.   Total Energy  Conserved En.    Temperature Pressure (bar)
    3.42666e+04   -1.23869e+05   -1.66759e+05    3.38507e+02    1.03629e+03
   Constr. rmsd
    3.92382e-06


DD  step 51999  vol min/aver 0.924  load imb.: force  3.1%
           Step           Time
          52000      104.00000

   Energies (kJ/mol)
           Bond          Angle    Proper Dih. Per. Imp. Dih.          LJ-14
    1.27631e+02    3.08202e+02    3.83802e+02    1.97434e+01    1.79139e+02
     Coulomb-14        LJ (SR)   Coulomb (SR)   Coul. recip.      Potential
    2.35789e+03    2.49497e+04   -1.87949e+05    1.34935e+03   -1.58274e+05
    Kinetic En.   Total Energy  Conserved En.    Temperature Pressure (bar)
    3.42840e+04   -1.23990e+05   -1.66758e+05    3.38679e+02    7.38196e+02
   Constr. rmsd
    3.08905e-06


DD  step 52999  vol min/aver 0.959  load imb.: force  0.9%
           Step           Time
          53000      106.00000

   Energies (kJ/mol)
           Bond          Angle    Proper Dih. Per. Imp. Dih.          LJ-14
    1.42360e+02    3.76590e+02    3.95826e+02    2.89006e+01    1.86124e+02
     Coulomb-14        LJ (SR)   Coulomb (SR)   Coul. recip.      Potential
    2.35083e+03    2.48744e+04   -1.87921e+05    1.32851e+03   -1.58238e+05
    Kinetic En.   Total Energy  Conserved En.    Temperature Pressure (bar)
    3.42146e+04   -1.24023e+05   -1.66738e+05    3.37994e+02    7.72084e+02
   Constr. rmsd
    1.87691e-06


DD  step 53999  vol min/aver 0.932  load imb.: force  9.3%
           Step           Time
          54000      108.00000

   Energies (kJ/mol)
           Bond          Angle    Proper Dih. Per. Imp. Dih.          LJ-14
    1.06345e+02    3.07956e+02    3.76340e+02    1.76948e+01    1.93081e+02
     Coulomb-14        LJ (SR)   Coulomb (SR)   Coul. recip.      Potential
    2.39241e+03    2.47749e+04   -1.87353e+05    1.30861e+03   -1.57876e+05
    Kinetic En.   Total Energy  Conserved En.    Temperature Pressure (bar)
    3.41425e+04   -1.23733e+05   -1.66747e+05    3.37281e+02    6.61152e+02
   Constr. rmsd
    2.57570e-06


DD  step 54999  vol min/aver 0.965  load imb.: force  2.9%
           Step           Time
          55000      110.00000

   Energies (kJ/mol)
           Bond          Angle    Proper Dih. Per. Imp. Dih.          LJ-14
    1.11506e+02    3.35619e+02    4.07119e+02    1.69958e+01    1.80474e+02
     Coulomb-14        LJ (SR)   Coulomb (SR)   Coul. recip.      Potential
    2.35290e+03    2.54089e+04   -1.88276e+05    1.40367e+03   -1.58059e+05
    Kinetic En.   Total Energy  Conserved En.    Temperature Pressure (bar)
    3.40353e+04   -1.24024e+05   -1.66735e+05    3.36223e+02    9.91471e+02
   Constr. rmsd
    3.29638e-06


DD  step 55999  vol min/aver 0.963  load imb.: force  1.2%
           Step           Time
          56000      112.00000

   Energies (kJ/mol)
           Bond          Angle    Proper Dih. Per. Imp. Dih.          LJ-14
    1.64130e+02    3.56509e+02    3.90173e+02    1.98234e+01    1.68353e+02
     Coulomb-14        LJ (SR)   Coulomb (SR)   Coul. recip.      Potential
    2.34297e+03    2.44133e+04   -1.87261e+05    1.38246e+03   -1.58024e+05
    Kinetic En.   Total Energy  Conserved En.    Temperature Pressure (bar)
    3.42821e+04   -1.23741e+05   -1.66723e+05    3.38660e+02    4.47443e+02
   Constr. rmsd
    1.80264e-06


DD  step 56999  vol min/aver 0.977  load imb.: force  1.3%
           Step           Time
          57000      114.00000

   Energies (kJ/mol)
           Bond          Angle    Proper Dih. Per. Imp. Dih.          LJ-14
    1.44873e+02    3.39938e+02    3.77202e+02    1.97525e+01    1.80211e+02
     Coulomb-14        LJ (SR)   Coulomb (SR)   Coul. recip.      Potential
    2.35308e+03    2.49237e+04   -1.87946e+05    1.35320e+03   -1.58254e+05
    Kinetic En.   Total Energy  Conserved En.    Temperature Pressure (bar)
    3.40967e+04   -1.24158e+05   -1.66716e+05    3.36829e+02    6.92638e+02
   Constr. rmsd
    1.73738e-06


DD  step 57999  vol min/aver 0.954  load imb.: force 13.3%
           Step           Time
          58000      116.00000

   Energies (kJ/mol)
           Bond          Angle    Proper Dih. Per. Imp. Dih.          LJ-14
    1.30980e+02    3.02842e+02    3.77155e+02    2.60353e+01    1.87180e+02
     Coulomb-14        LJ (SR)   Coulomb (SR)   Coul. recip.      Potential
    2.36013e+03    2.51276e+04   -1.88319e+05    1.30053e+03   -1.58507e+05
    Kinetic En.   Total Energy  Conserved En.    Temperature Pressure (bar)
    3.46280e+04   -1.23879e+05   -1.66726e+05    3.42078e+02    7.46639e+02
   Constr. rmsd
    2.47217e-06


DD  step 58999  vol min/aver 0.902  load imb.: force  5.2%
           Step           Time
          59000      118.00000

   Energies (kJ/mol)
           Bond          Angle    Proper Dih. Per. Imp. Dih.          LJ-14
    1.75463e+02    2.92577e+02    3.93690e+02    1.69646e+01    1.77280e+02
     Coulomb-14        LJ (SR)   Coulomb (SR)   Coul. recip.      Potential
    2.42272e+03    2.52094e+04   -1.88099e+05    1.35731e+03   -1.58053e+05
    Kinetic En.   Total Energy  Conserved En.    Temperature Pressure (bar)
    3.39167e+04   -1.24137e+05   -1.66711e+05    3.35051e+02    8.98219e+02
   Constr. rmsd
    2.43560e-06


DD  step 59999  vol min/aver 0.982  load imb.: force  4.1%
           Step           Time
          60000      120.00000

   Energies (kJ/mol)
           Bond          Angle    Proper Dih. Per. Imp. Dih.          LJ-14
    1.17369e+02    3.51223e+02    4.16148e+02    3.28319e+01    1.72245e+02
     Coulomb-14        LJ (SR)   Coulomb (SR)   Coul. recip.      Potential
    2.39522e+03    2.52323e+04   -1.88324e+05    1.33374e+03   -1.58273e+05
    Kinetic En.   Total Energy  Conserved En.    Temperature Pressure (bar)
    3.43169e+04   -1.23956e+05   -1.66705e+05    3.39004e+02    8.65382e+02
   Constr. rmsd
    2.71967e-06


DD  step 60999  vol min/aver 0.938  load imb.: force  4.7%
           Step           Time
          61000      122.00000

   Energies (kJ/mol)
           Bond          Angle    Proper Dih. Per. Imp. Dih.          LJ-14
    1.43625e+02    3.09497e+02    3.90488e+02    3.29387e+01    1.85212e+02
     Coulomb-14        LJ (SR)   Coulomb (SR)   Coul. recip.      Potential
    2.37732e+03    2.55593e+04   -1.88950e+05    1.26635e+03   -1.58686e+05
    Kinetic En.   Total Energy  Conserved En.    Temperature Pressure (bar)
    3.46068e+04   -1.24079e+05   -1.66696e+05    3.41868e+02    8.27600e+02
   Constr. rmsd
    2.69312e-06


DD  step 61999  vol min/aver 0.936  load imb.: force  9.5%
           Step           Time
          62000      124.00000

   Energies (kJ/mol)
           Bond          Angle    Proper Dih. Per. Imp. Dih.          LJ-14
    1.27956e+02    3.53354e+02    3.87758e+02    2.42949e+01    1.84762e+02
     Coulomb-14        LJ (SR)   Coulomb (SR)   Coul. recip.      Potential
    2.40826e+03    2.55187e+04   -1.89132e+05    1.40716e+03   -1.58720e+05
    Kinetic En.   Total Energy  Conserved En.    Temperature Pressure (bar)
    3.44037e+04   -1.24316e+05   -1.66688e+05    3.39861e+02    8.65521e+02
   Constr. rmsd
    2.01102e-06


DD  step 62999  vol min/aver 0.967  load imb.: force  3.8%
           Step           Time
          63000      126.00000

   Energies (kJ/mol)
           Bond          Angle    Proper Dih. Per. Imp. Dih.          LJ-14
    1.49384e+02    3.39997e+02    4.01053e+02    2.45903e+01    1.72547e+02
     Coulomb-14        LJ (SR)   Coulomb (SR)   Coul. recip.      Potential
    2.33691e+03    2.51323e+04   -1.88091e+05    1.29878e+03   -1.58235e+05
    Kinetic En.   Total Energy  Conserved En.    Temperature Pressure (bar)
    3.41493e+04   -1.24086e+05   -1.66689e+05    3.37348e+02    8.76848e+02
   Constr. rmsd
    3.46659e-06


DD  step 63999  vol min/aver 0.963  load imb.: force  3.3%
           Step           Time
          64000      128.00000

   Energies (kJ/mol)
           Bond          Angle    Proper Dih. Per. Imp. Dih.          LJ-14
    1.31844e+02    2.85846e+02    3.68925e+02    1.76273e+01    1.85030e+02
     Coulomb-14        LJ (SR)   Coulomb (SR)   Coul. recip.      Potential
    2.34117e+03    2.48589e+04   -1.87921e+05    1.37678e+03   -1.58354e+05
    Kinetic En.   Total Energy  Conserved En.    Temperature Pressure (bar)
    3.41072e+04   -1.24247e+05   -1.66686e+05    3.36933e+02    6.60505e+02
   Constr. rmsd
    1.87555e-06


DD  step 64999  vol min/aver 0.944  load imb.: force  0.6%
           Step           Time
          65000      130.00000

   Energies (kJ/mol)
           Bond          Angle    Proper Dih. Per. Imp. Dih.          LJ-14
    1.30737e+02    3.16420e+02    3.72799e+02    1.68180e+01    1.85231e+02
     Coulomb-14        LJ (SR)   Coulomb (SR)   Coul. recip.      Potential
    2.33141e+03    2.53289e+04   -1.88757e+05    1.36343e+03   -1.58711e+05
    Kinetic En.   Total Energy  Conserved En.    Temperature Pressure (bar)
    3.38913e+04   -1.24820e+05   -1.66671e+05    3.34800e+02    8.45017e+02
   Constr. rmsd
    2.00991e-06


DD  step 65999  vol min/aver 0.975  load imb.: force 20.0%
           Step           Time
          66000      132.00000

   Energies (kJ/mol)
           Bond          Angle    Proper Dih. Per. Imp. Dih.          LJ-14
    1.61796e+02    3.10763e+02    3.76075e+02    1.73629e+01    1.74309e+02
     Coulomb-14        LJ (SR)   Coulomb (SR)   Coul. recip.      Potential
    2.38177e+03    2.47894e+04   -1.88263e+05    1.28560e+03   -1.58766e+05
    Kinetic En.   Total Energy  Conserved En.    Temperature Pressure (bar)
    3.40803e+04   -1.24685e+05   -1.66666e+05    3.36667e+02    4.19307e+02
   Constr. rmsd
    1.99941e-06


DD  step 66999  vol min/aver 0.981  load imb.: force  3.8%
           Step           Time
          67000      134.00000

   Energies (kJ/mol)
           Bond          Angle    Proper Dih. Per. Imp. Dih.          LJ-14
    1.47357e+02    3.04862e+02    3.66138e+02    1.89799e+01    1.87249e+02
     Coulomb-14        LJ (SR)   Coulomb (SR)   Coul. recip.      Potential
    2.34279e+03    2.53579e+04   -1.88612e+05    1.36813e+03   -1.58518e+05
    Kinetic En.   Total Energy  Conserved En.    Temperature Pressure (bar)
    3.47370e+04   -1.23781e+05   -1.66666e+05    3.43154e+02    1.02403e+03
   Constr. rmsd
    1.81470e-06


DD  step 67999  vol min/aver 0.955  load imb.: force  1.1%
           Step           Time
          68000      136.00000

   Energies (kJ/mol)
           Bond          Angle    Proper Dih. Per. Imp. Dih.          LJ-14
    1.22610e+02    3.26779e+02    3.45380e+02    2.79629e+01    1.78378e+02
     Coulomb-14        LJ (SR)   Coulomb (SR)   Coul. recip.      Potential
    2.33585e+03    2.58136e+04   -1.88588e+05    1.35496e+03   -1.58082e+05
    Kinetic En.   Total Energy  Conserved En.    Temperature Pressure (bar)
    3.42076e+04   -1.23875e+05   -1.66651e+05    3.37924e+02    1.12370e+03
   Constr. rmsd
    2.63618e-06


DD  step 68999  vol min/aver 0.978  load imb.: force  2.3%
           Step           Time
          69000      138.00000

   Energies (kJ/mol)
           Bond          Angle    Proper Dih. Per. Imp. Dih.          LJ-14
    1.40471e+02    3.11470e+02    3.65294e+02    1.64111e+01    1.75853e+02
     Coulomb-14        LJ (SR)   Coulomb (SR)   Coul. recip.      Potential
    2.36031e+03    2.55464e+04   -1.88987e+05    1.28973e+03   -1.58781e+05
    Kinetic En.   Total Energy  Conserved En.    Temperature Pressure (bar)
    3.42653e+04   -1.24516e+05   -1.66648e+05    3.38494e+02    9.40139e+02
   Constr. rmsd
    2.38481e-06


DD  step 69999  vol min/aver 0.918  load imb.: force 16.6%
           Step           Time
          70000      140.00000

   Energies (kJ/mol)
           Bond          Angle    Proper Dih. Per. Imp. Dih.          LJ-14
    1.40816e+02    3.49078e+02    4.07666e+02    1.39275e+01    1.74633e+02
     Coulomb-14        LJ (SR)   Coulomb (SR)   Coul. recip.      Potential
    2.35220e+03    2.37572e+04   -1.86182e+05    1.27441e+03   -1.57712e+05
    Kinetic En.   Total Energy  Conserved En.    Temperature Pressure (bar)
    3.43753e+04   -1.23337e+05   -1.66647e+05    3.39581e+02    3.67195e+02
   Constr. rmsd
    2.33984e-06


DD  step 70999  vol min/aver 0.922  load imb.: force  2.8%
           Step           Time
          71000      142.00000

   Energies (kJ/mol)
           Bond          Angle    Proper Dih. Per. Imp. Dih.          LJ-14
    1.68624e+02    3.07686e+02    3.77503e+02    1.57159e+01    1.74213e+02
     Coulomb-14        LJ (SR)   Coulomb (SR)   Coul. recip.      Potential
    2.33515e+03    2.58496e+04   -1.88467e+05    1.30643e+03   -1.57932e+05
    Kinetic En.   Total Energy  Conserved En.    Temperature Pressure (bar)
    3.42987e+04   -1.23633e+05   -1.66634e+05    3.38825e+02    1.17917e+03
   Constr. rmsd
    2.27481e-06


DD  step 71999  vol min/aver 0.963  load imb.: force  1.1%
           Step           Time
          72000      144.00000

   Energies (kJ/mol)
           Bond          Angle    Proper Dih. Per. Imp. Dih.          LJ-14
    1.52188e+02    3.39482e+02    3.45187e+02    2.09421e+01    1.87967e+02
     Coulomb-14        LJ (SR)   Coulomb (SR)   Coul. recip.      Potential
    2.33284e+03    2.46716e+04   -1.87874e+05    1.26140e+03   -1.58563e+05
    Kinetic En.   Total Energy  Conserved En.    Temperature Pressure (bar)
    3.46993e+04   -1.23863e+05   -1.66633e+05    3.42782e+02    5.90149e+02
   Constr. rmsd
    1.64613e-06


DD  step 72999  vol min/aver 0.940  load imb.: force  2.9%
           Step           Time
          73000      146.00000

   Energies (kJ/mol)
           Bond          Angle    Proper Dih. Per. Imp. Dih.          LJ-14
    1.57993e+02    3.12967e+02    3.91354e+02    2.54683e+01    1.70263e+02
     Coulomb-14        LJ (SR)   Coulomb (SR)   Coul. recip.      Potential
    2.37223e+03    2.42180e+04   -1.86928e+05    1.30862e+03   -1.57971e+05
    Kinetic En.   Total Energy  Conserved En.    Temperature Pressure (bar)
    3.44100e+04   -1.23561e+05   -1.66631e+05    3.39924e+02    4.02424e+02
   Constr. rmsd
    1.87434e-06


DD  step 73999  vol min/aver 0.961  load imb.: force  0.4%
           Step           Time
          74000      148.00000

   Energies (kJ/mol)
           Bond          Angle    Proper Dih. Per. Imp. Dih.          LJ-14
    1.53395e+02    4.23974e+02    4.49417e+02    1.68122e+01    1.86615e+02
     Coulomb-14        LJ (SR)   Coulomb (SR)   Coul. recip.      Potential
    2.31228e+03    2.48562e+04   -1.87142e+05    1.31785e+03   -1.57426e+05
    Kinetic En.   Total Energy  Conserved En.    Temperature Pressure (bar)
    3.48202e+04   -1.22606e+05   -1.66614e+05    3.43976e+02    9.87059e+02
   Constr. rmsd
    1.50197e-06


DD  step 74999  vol min/aver 0.959  load imb.: force  5.6%
           Step           Time
          75000      150.00000

   Energies (kJ/mol)
           Bond          Angle    Proper Dih. Per. Imp. Dih.          LJ-14
    1.59300e+02    3.67832e+02    3.92232e+02    2.59714e+01    1.60667e+02
     Coulomb-14        LJ (SR)   Coulomb (SR)   Coul. recip.      Potential
    2.33383e+03    2.45794e+04   -1.86786e+05    1.27485e+03   -1.57492e+05
    Kinetic En.   Total Energy  Conserved En.    Temperature Pressure (bar)
    3.44930e+04   -1.22999e+05   -1.66611e+05    3.40743e+02    6.43527e+02
   Constr. rmsd
    2.92372e-06


DD  step 75999  vol min/aver 0.955  load imb.: force  5.2%
           Step           Time
          76000      152.00000

   Energies (kJ/mol)
           Bond          Angle    Proper Dih. Per. Imp. Dih.          LJ-14
    1.20478e+02    3.34536e+02    4.01988e+02    3.02591e+01    1.93461e+02
     Coulomb-14        LJ (SR)   Coulomb (SR)   Coul. recip.      Potential
    2.39947e+03    2.45798e+04   -1.87232e+05    1.32429e+03   -1.57848e+05
    Kinetic En.   Total Energy  Conserved En.    Temperature Pressure (bar)
    3.51309e+04   -1.22717e+05   -1.66608e+05    3.47045e+02    6.86402e+02
   Constr. rmsd
    2.78766e-06


DD  step 76999  vol min/aver 0.948  load imb.: force  5.1%
           Step           Time
          77000      154.00000

   Energies (kJ/mol)
           Bond          Angle    Proper Dih. Per. Imp. Dih.          LJ-14
    1.37150e+02    3.91095e+02    3.59095e+02    2.15717e+01    1.67171e+02
     Coulomb-14        LJ (SR)   Coulomb (SR)   Coul. recip.      Potential
    2.32638e+03    2.53150e+04   -1.88348e+05    1.27668e+03   -1.58354e+05
    Kinetic En.   Total Energy  Conserved En.    Temperature Pressure (bar)
    3.51679e+04   -1.23186e+05   -1.66601e+05    3.47411e+02    8.03202e+02
   Constr. rmsd
    2.00239e-06


DD  step 77999  vol min/aver 0.972  load imb.: force  5.5%
           Step           Time
          78000      156.00000

   Energies (kJ/mol)
           Bond          Angle    Proper Dih. Per. Imp. Dih.          LJ-14
    1.39729e+02    2.94114e+02    4.00717e+02    1.89427e+01    1.83329e+02
     Coulomb-14        LJ (SR)   Coulomb (SR)   Coul. recip.      Potential
    2.33218e+03    2.48480e+04   -1.87964e+05    1.30547e+03   -1.58442e+05
    Kinetic En.   Total Energy  Conserved En.    Temperature Pressure (bar)
    3.44153e+04   -1.24026e+05   -1.66593e+05    3.39976e+02    6.59880e+02
   Constr. rmsd
    2.26222e-06


DD  step 78999  vol min/aver 0.972  load imb.: force  4.1%
           Step           Time
          79000      158.00000

   Energies (kJ/mol)
           Bond          Angle    Proper Dih. Per. Imp. Dih.          LJ-14
    1.67795e+02    3.46765e+02    3.92324e+02    2.32839e+01    1.55583e+02
     Coulomb-14        LJ (SR)   Coulomb (SR)   Coul. recip.      Potential
    2.30585e+03    2.49134e+04   -1.87508e+05    1.31551e+03   -1.57888e+05
    Kinetic En.   Total Energy  Conserved En.    Temperature Pressure (bar)
    3.48426e+04   -1.23045e+05   -1.66587e+05    3.44197e+02    6.34023e+02
   Constr. rmsd
    2.12166e-06


DD  step 79999  vol min/aver 0.967  load imb.: force  5.3%
           Step           Time
          80000      160.00000

   Energies (kJ/mol)
           Bond          Angle    Proper Dih. Per. Imp. Dih.          LJ-14
    1.68684e+02    3.11665e+02    3.95092e+02    2.17722e+01    1.80660e+02
     Coulomb-14        LJ (SR)   Coulomb (SR)   Coul. recip.      Potential
    2.34973e+03    2.56427e+04   -1.88206e+05    1.29953e+03   -1.57836e+05
    Kinetic En.   Total Energy  Conserved En.    Temperature Pressure (bar)
    3.45349e+04   -1.23301e+05   -1.66583e+05    3.41158e+02    1.01201e+03
   Constr. rmsd
    3.40884e-06


DD  step 80999  vol min/aver 0.973  load imb.: force  5.1%
           Step           Time
          81000      162.00000

   Energies (kJ/mol)
           Bond          Angle    Proper Dih. Per. Imp. Dih.          LJ-14
    1.45496e+02    3.62722e+02    4.03057e+02    2.32766e+01    1.64394e+02
     Coulomb-14        LJ (SR)   Coulomb (SR)   Coul. recip.      Potential
    2.33007e+03    2.53328e+04   -1.88072e+05    1.31857e+03   -1.57992e+05
    Kinetic En.   Total Energy  Conserved En.    Temperature Pressure (bar)
    3.42469e+04   -1.23745e+05   -1.66573e+05    3.38313e+02    9.54909e+02
   Constr. rmsd
    1.89189e-06


DD  step 81999  vol min/aver 0.964  load imb.: force  5.8%
           Step           Time
          82000      164.00000

   Energies (kJ/mol)
           Bond          Angle    Proper Dih. Per. Imp. Dih.          LJ-14
    1.80983e+02    3.05237e+02    3.72340e+02    1.86767e+01    1.76011e+02
     Coulomb-14        LJ (SR)   Coulomb (SR)   Coul. recip.      Potential
    2.35841e+03    2.54787e+04   -1.87985e+05    1.38768e+03   -1.57707e+05
    Kinetic En.   Total Energy  Conserved En.    Temperature Pressure (bar)
    3.37647e+04   -1.23942e+05   -1.66562e+05    3.33549e+02    9.31964e+02
   Constr. rmsd
    2.02073e-06


DD  step 82999  vol min/aver 0.986  load imb.: force  2.0%
           Step           Time
          83000      166.00000

   Energies (kJ/mol)
           Bond          Angle    Proper Dih. Per. Imp. Dih.          LJ-14
    1.45475e+02    2.89780e+02    3.75773e+02    2.03980e+01    1.76564e+02
     Coulomb-14        LJ (SR)   Coulomb (SR)   Coul. recip.      Potential
    2.36471e+03    2.52533e+04   -1.88186e+05    1.29457e+03   -1.58266e+05
    Kinetic En.   Total Energy  Conserved En.    Temperature Pressure (bar)
    3.50846e+04   -1.23181e+05   -1.66572e+05    3.46588e+02    8.48893e+02
   Constr. rmsd
    1.99938e-06


DD  step 83999  vol min/aver 0.989  load imb.: force  1.2%
           Step           Time
          84000      168.00000

   Energies (kJ/mol)
           Bond          Angle    Proper Dih. Per. Imp. Dih.          LJ-14
    1.59435e+02    3.07241e+02    3.37924e+02    2.33288e+01    1.76492e+02
     Coulomb-14        LJ (SR)   Coulomb (SR)   Coul. recip.      Potential
    2.34813e+03    2.47646e+04   -1.87685e+05    1.34402e+03   -1.58224e+05
    Kinetic En.   Total Energy  Conserved En.    Temperature Pressure (bar)
    3.43905e+04   -1.23834e+05   -1.66560e+05    3.39731e+02    5.71917e+02
   Constr. rmsd
    4.03630e-06


DD  step 84999  vol min/aver 0.972  load imb.: force  3.7%
           Step           Time
          85000      170.00000

   Energies (kJ/mol)
           Bond          Angle    Proper Dih. Per. Imp. Dih.          LJ-14
    1.34217e+02    3.19605e+02    3.85816e+02    2.02913e+01    1.99314e+02
     Coulomb-14        LJ (SR)   Coulomb (SR)   Coul. recip.      Potential
    2.36991e+03    2.48814e+04   -1.87759e+05    1.34291e+03   -1.58105e+05
    Kinetic En.   Total Energy  Conserved En.    Temperature Pressure (bar)
    3.40078e+04   -1.24098e+05   -1.66545e+05    3.35951e+02    7.33100e+02
   Constr. rmsd
    1.53213e-06


DD  step 85999  vol min/aver 0.956  load imb.: force  0.8%
           Step           Time
          86000      172.00000

   Energies (kJ/mol)
           Bond          Angle    Proper Dih. Per. Imp. Dih.          LJ-14
    1.43805e+02    3.33456e+02    3.62826e+02    2.40095e+01    1.77628e+02
     Coulomb-14        LJ (SR)   Coulomb (SR)   Coul. recip.      Potential
    2.36405e+03    2.47271e+04   -1.87893e+05    1.33864e+03   -1.58421e+05
    Kinetic En.   Total Energy  Conserved En.    Temperature Pressure (bar)
    3.42218e+04   -1.24199e+05   -1.66541e+05    3.38065e+02    4.77666e+02
   Constr. rmsd
    1.83340e-06


DD  step 86999  vol min/aver 0.980  load imb.: force  4.4%
           Step           Time
          87000      174.00000

   Energies (kJ/mol)
           Bond          Angle    Proper Dih. Per. Imp. Dih.          LJ-14
    1.43923e+02    3.15106e+02    3.94609e+02    2.30406e+01    1.84636e+02
     Coulomb-14        LJ (SR)   Coulomb (SR)   Coul. recip.      Potential
    2.36809e+03    2.51656e+04   -1.87845e+05    1.35058e+03   -1.57900e+05
    Kinetic En.   Total Energy  Conserved En.    Temperature Pressure (bar)
    3.44082e+04   -1.23491e+05   -1.66539e+05    3.39906e+02    9.37062e+02
   Constr. rmsd
    1.86746e-06


DD  step 87999  vol min/aver 0.978  load imb.: force  3.5%
           Step           Time
          88000      176.00000

   Energies (kJ/mol)
           Bond          Angle    Proper Dih. Per. Imp. Dih.          LJ-14
    1.67998e+02    3.07258e+02    3.66171e+02    1.61980e+01    1.90618e+02
     Coulomb-14        LJ (SR)   Coulomb (SR)   Coul. recip.      Potential
    2.32283e+03    2.46399e+04   -1.86761e+05    1.34065e+03   -1.57410e+05
    Kinetic En.   Total Energy  Conserved En.    Temperature Pressure (bar)
    3.42231e+04   -1.23187e+05   -1.66532e+05    3.38078e+02    7.63418e+02
   Constr. rmsd
    2.05234e-06


DD  step 88999  vol min/aver 0.970  load imb.: force  2.6%
           Step           Time
          89000      178.00000

   Energies (kJ/mol)
           Bond          Angle    Proper Dih. Per. Imp. Dih.          LJ-14
    1.63017e+02    3.84056e+02    3.62708e+02    1.14934e+01    1.83911e+02
     Coulomb-14        LJ (SR)   Coulomb (SR)   Coul. recip.      Potential
    2.33532e+03    2.56721e+04   -1.88558e+05    1.31174e+03   -1.58134e+05
    Kinetic En.   Total Energy  Conserved En.    Temperature Pressure (bar)
    3.44125e+04   -1.23722e+05   -1.66524e+05    3.39948e+02    1.10749e+03
   Constr. rmsd
    2.36212e-06


DD  step 89999  vol min/aver 0.980  load imb.: force  1.7%
           Step           Time
          90000      180.00000

   Energies (kJ/mol)
           Bond          Angle    Proper Dih. Per. Imp. Dih.          LJ-14
    1.84935e+02    3.49045e+02    3.69064e+02    1.16018e+01    1.59273e+02
     Coulomb-14        LJ (SR)   Coulomb (SR)   Coul. recip.      Potential
    2.32546e+03    2.49783e+04   -1.87761e+05    1.32367e+03   -1.58059e+05
    Kinetic En.   Total Energy  Conserved En.    Temperature Pressure (bar)
    3.45106e+04   -1.23549e+05   -1.66519e+05    3.40918e+02    7.23621e+02
   Constr. rmsd
    1.60766e-06


DD  step 90999  vol min/aver 0.977  load imb.: force  3.1%
           Step           Time
          91000      182.00000

   Energies (kJ/mol)
           Bond          Angle    Proper Dih. Per. Imp. Dih.          LJ-14
    1.92902e+02    3.37293e+02    3.75389e+02    1.28708e+01    1.56033e+02
     Coulomb-14        LJ (SR)   Coulomb (SR)   Coul. recip.      Potential
    2.31231e+03    2.56454e+04   -1.88231e+05    1.34345e+03   -1.57856e+05
    Kinetic En.   Total Energy  Conserved En.    Temperature Pressure (bar)
    3.41563e+04   -1.23699e+05   -1.66511e+05    3.37418e+02    1.00077e+03
   Constr. rmsd
    2.76948e-06


DD  step 91999  vol min/aver 0.962  load imb.: force  1.1%
           Step           Time
          92000      184.00000

   Energies (kJ/mol)
           Bond          Angle    Proper Dih. Per. Imp. Dih.          LJ-14
    1.77705e+02    4.10478e+02    3.63817e+02    3.30976e+01    2.00696e+02
     Coulomb-14        LJ (SR)   Coulomb (SR)   Coul. recip.      Potential
    2.32409e+03    2.47755e+04   -1.87365e+05    1.33464e+03   -1.57745e+05
    Kinetic En.   Total Energy  Conserved En.    Temperature Pressure (bar)
    3.44213e+04   -1.23324e+05   -1.66500e+05    3.40035e+02    7.57531e+02
   Constr. rmsd
    1.99803e-06


DD  step 92999  vol min/aver 0.961  load imb.: force 13.9%
           Step           Time
          93000      186.00000

   Energies (kJ/mol)
           Bond          Angle    Proper Dih. Per. Imp. Dih.          LJ-14
    1.68694e+02    3.71837e+02    3.67997e+02    2.04144e+01    1.60837e+02
     Coulomb-14        LJ (SR)   Coulomb (SR)   Coul. recip.      Potential
    2.29310e+03    2.46719e+04   -1.86871e+05    1.31040e+03   -1.57506e+05
    Kinetic En.   Total Energy  Conserved En.    Temperature Pressure (bar)
    3.42283e+04   -1.23278e+05   -1.66507e+05    3.38129e+02    5.98669e+02
   Constr. rmsd
    3.24641e-06


DD  step 93999  vol min/aver 0.966  load imb.: force  2.9%
           Step           Time
          94000      188.00000

   Energies (kJ/mol)
           Bond          Angle    Proper Dih. Per. Imp. Dih.          LJ-14
    1.33095e+02    3.64668e+02    3.63185e+02    1.29572e+01    1.85654e+02
     Coulomb-14        LJ (SR)   Coulomb (SR)   Coul. recip.      Potential
    2.39182e+03    2.47627e+04   -1.87475e+05    1.30405e+03   -1.57957e+05
    Kinetic En.   Total Energy  Conserved En.    Temperature Pressure (bar)
    3.46470e+04   -1.23310e+05   -1.66497e+05    3.42265e+02    8.06100e+02
   Constr. rmsd
    1.78747e-06


DD  step 94999  vol min/aver 0.984  load imb.: force  3.2%
           Step           Time
          95000      190.00000

   Energies (kJ/mol)
           Bond          Angle    Proper Dih. Per. Imp. Dih.          LJ-14
    1.35498e+02    3.64720e+02    3.95599e+02    2.70531e+01    2.06123e+02
     Coulomb-14        LJ (SR)   Coulomb (SR)   Coul. recip.      Potential
    2.38448e+03    2.57102e+04   -1.88531e+05    1.35527e+03   -1.57952e+05
    Kinetic En.   Total Energy  Conserved En.    Temperature Pressure (bar)
    3.44309e+04   -1.23521e+05   -1.66489e+05    3.40130e+02    1.18157e+03
   Constr. rmsd
    1.83466e-06


DD  step 95999  vol min/aver 0.971  load imb.: force  3.0%
           Step           Time
          96000      192.00000

   Energies (kJ/mol)
           Bond          Angle    Proper Dih. Per. Imp. Dih.          LJ-14
    1.61583e+02    3.18770e+02    3.64915e+02    3.35882e+01    1.77978e+02
     Coulomb-14        LJ (SR)   Coulomb (SR)   Coul. recip.      Potential
    2.37461e+03    2.44478e+04   -1.87139e+05    1.31463e+03   -1.57946e+05
    Kinetic En.   Total Energy  Conserved En.    Temperature Pressure (bar)
    3.50669e+04   -1.22879e+05   -1.66498e+05    3.46413e+02    7.53445e+02
   Constr. rmsd
    3.00569e-06


DD  step 96999  vol min/aver 0.928  load imb.: force 12.6%
           Step           Time
          97000      194.00000

   Energies (kJ/mol)
           Bond          Angle    Proper Dih. Per. Imp. Dih.          LJ-14
    1.78807e+02    3.24980e+02    3.81314e+02    2.78575e+01    1.83962e+02
     Coulomb-14        LJ (SR)   Coulomb (SR)   Coul. recip.      Potential
    2.35277e+03    2.49615e+04   -1.87776e+05    1.30921e+03   -1.58056e+05
    Kinetic En.   Total Energy  Conserved En.    Temperature Pressure (bar)
    3.50051e+04   -1.23051e+05   -1.66487e+05    3.45802e+02    7.97857e+02
   Constr. rmsd
    1.80068e-06


DD  step 97999  vol min/aver 0.967  load imb.: force  1.3%
           Step           Time
          98000      196.00000

   Energies (kJ/mol)
           Bond          Angle    Proper Dih. Per. Imp. Dih.          LJ-14
    1.25337e+02    3.22481e+02    3.82570e+02    1.54323e+01    1.98052e+02
     Coulomb-14        LJ (SR)   Coulomb (SR)   Coul. recip.      Potential
    2.38260e+03    2.49501e+04   -1.87943e+05    1.41704e+03   -1.58150e+05
    Kinetic En.   Total Energy  Conserved En.    Temperature Pressure (bar)
    3.45006e+04   -1.23649e+05   -1.66477e+05    3.40819e+02    9.14473e+02
   Constr. rmsd
    2.11211e-06


DD  step 98999  vol min/aver 0.911  load imb.: force  7.6%
           Step           Time
          99000      198.00000

   Energies (kJ/mol)
           Bond          Angle    Proper Dih. Per. Imp. Dih.          LJ-14
    1.64358e+02    2.91732e+02    3.71178e+02    1.87953e+01    1.70988e+02
     Coulomb-14        LJ (SR)   Coulomb (SR)   Coul. recip.      Potential
    2.33324e+03    2.49744e+04   -1.88273e+05    1.29145e+03   -1.58657e+05
    Kinetic En.   Total Energy  Conserved En.    Temperature Pressure (bar)
    3.42471e+04   -1.24410e+05   -1.66476e+05    3.38315e+02    6.73012e+02
   Constr. rmsd
    2.55499e-06


DD  step 99999  vol min/aver 0.960  load imb.: force  0.8%
           Step           Time
         100000      200.00000

   Energies (kJ/mol)
           Bond          Angle    Proper Dih. Per. Imp. Dih.          LJ-14
    1.93916e+02    3.35422e+02    3.97468e+02    2.39546e+01    1.90569e+02
     Coulomb-14        LJ (SR)   Coulomb (SR)   Coul. recip.      Potential
    2.32758e+03    2.59081e+04   -1.88450e+05    1.37614e+03   -1.57697e+05
    Kinetic En.   Total Energy  Conserved En.    Temperature Pressure (bar)
    3.44142e+04   -1.23283e+05   -1.66462e+05    3.39965e+02    1.34276e+03
   Constr. rmsd
    2.33698e-06


DD  step 100999  vol min/aver 0.974  load imb.: force  0.6%
           Step           Time
         101000      202.00000

   Energies (kJ/mol)
           Bond          Angle    Proper Dih. Per. Imp. Dih.          LJ-14
    1.20301e+02    3.28886e+02    3.75908e+02    2.05094e+01    2.08842e+02
     Coulomb-14        LJ (SR)   Coulomb (SR)   Coul. recip.      Potential
    2.40220e+03    2.56013e+04   -1.88689e+05    1.37237e+03   -1.58259e+05
    Kinetic En.   Total Energy  Conserved En.    Temperature Pressure (bar)
    3.45441e+04   -1.23715e+05   -1.66463e+05    3.41249e+02    1.23943e+03
   Constr. rmsd
    3.36795e-06


DD  step 101999  vol min/aver 0.967  load imb.: force  4.2%
           Step           Time
         102000      204.00000

   Energies (kJ/mol)
           Bond          Angle    Proper Dih. Per. Imp. Dih.          LJ-14
    1.31535e+02    3.40035e+02    4.08626e+02    2.20204e+01    1.92925e+02
     Coulomb-14        LJ (SR)   Coulomb (SR)   Coul. recip.      Potential
    2.31755e+03    2.51894e+04   -1.87711e+05    1.28935e+03   -1.57819e+05
    Kinetic En.   Total Energy  Conserved En.    Temperature Pressure (bar)
    3.40324e+04   -1.23787e+05   -1.66453e+05    3.36194e+02    9.51212e+02
   Constr. rmsd
    2.70756e-06


DD  step 102999  vol min/aver 0.946  load imb.: force  6.3%
           Step           Time
         103000      206.00000

   Energies (kJ/mol)
           Bond          Angle    Proper Dih. Per. Imp. Dih.          LJ-14
    1.61502e+02    3.40946e+02    4.08480e+02    1.24041e+01    1.88131e+02
     Coulomb-14        LJ (SR)   Coulomb (SR)   Coul. recip.      Potential
    2.37858e+03    2.52979e+04   -1.88411e+05    1.31989e+03   -1.58303e+05
    Kinetic En.   Total Energy  Conserved En.    Temperature Pressure (bar)
    3.42941e+04   -1.24009e+05   -1.66439e+05    3.38779e+02    9.04274e+02
   Constr. rmsd
    2.50678e-06


DD  step 103999  vol min/aver 0.977  load imb.: force  1.8%
           Step           Time
         104000      208.00000

   Energies (kJ/mol)
           Bond          Angle    Proper Dih. Per. Imp. Dih.          LJ-14
    1.51186e+02    2.80284e+02    3.54424e+02    1.67857e+01    1.88822e+02
     Coulomb-14        LJ (SR)   Coulomb (SR)   Coul. recip.      Potential
    2.36761e+03    2.48943e+04   -1.88144e+05    1.32213e+03   -1.58569e+05
    Kinetic En.   Total Energy  Conserved En.    Temperature Pressure (bar)
    3.43746e+04   -1.24194e+05   -1.66443e+05    3.39574e+02    7.04961e+02
   Constr. rmsd
    2.23219e-06


DD  step 104999  vol min/aver 0.963  load imb.: force  1.5%
           Step           Time
         105000      210.00000

   Energies (kJ/mol)
           Bond          Angle    Proper Dih. Per. Imp. Dih.          LJ-14
    1.45931e+02    3.07011e+02    3.75087e+02    2.54798e+01    1.69542e+02
     Coulomb-14        LJ (SR)   Coulomb (SR)   Coul. recip.      Potential
    2.38088e+03    2.48666e+04   -1.87961e+05    1.31842e+03   -1.58372e+05
    Kinetic En.   Total Energy  Conserved En.    Temperature Pressure (bar)
    3.47345e+04   -1.23638e+05   -1.66438e+05    3.43129e+02    6.21598e+02
   Constr. rmsd
    3.32825e-06


DD  step 105999  vol min/aver 0.972  load imb.: force  1.2%
           Step           Time
         106000      212.00000

   Energies (kJ/mol)
           Bond          Angle    Proper Dih. Per. Imp. Dih.          LJ-14
    1.78277e+02    3.14389e+02    3.78989e+02    1.44717e+01    1.84243e+02
     Coulomb-14        LJ (SR)   Coulomb (SR)   Coul. recip.      Potential
    2.35112e+03    2.52904e+04   -1.87811e+05    1.30440e+03   -1.57795e+05
    Kinetic En.   Total Energy  Conserved En.    Temperature Pressure (bar)
    3.43774e+04   -1.23417e+05   -1.66431e+05    3.39602e+02    9.39449e+02
   Constr. rmsd
    2.42659e-06


DD  step 106999  vol min/aver 0.874  load imb.: force  4.4%
           Step           Time
         107000      214.00000

   Energies (kJ/mol)
           Bond          Angle    Proper Dih. Per. Imp. Dih.          LJ-14
    1.55014e+02    3.31257e+02    3.81151e+02    2.10158e+01    1.80887e+02
     Coulomb-14        LJ (SR)   Coulomb (SR)   Coul. recip.      Potential
    2.39656e+03    2.53238e+04   -1.88461e+05    1.31605e+03   -1.58355e+05
    Kinetic En.   Total Energy  Conserved En.    Temperature Pressure (bar)
    3.43927e+04   -1.23963e+05   -1.66420e+05    3.39753e+02    8.92259e+02
   Constr. rmsd
    2.10054e-06


DD  step 107999  vol min/aver 0.966  load imb.: force  1.3%
           Step           Time
         108000      216.00000

   Energies (kJ/mol)
           Bond          Angle    Proper Dih. Per. Imp. Dih.          LJ-14
    1.57404e+02    2.85652e+02    3.56256e+02    2.51766e+01    2.19379e+02
     Coulomb-14        LJ (SR)   Coulomb (SR)   Coul. recip.      Potential
    2.43862e+03    2.51393e+04   -1.88079e+05    1.24705e+03   -1.58210e+05
    Kinetic En.   Total Energy  Conserved En.    Temperature Pressure (bar)
    3.41588e+04   -1.24051e+05   -1.66415e+05    3.37443e+02    9.61883e+02
   Constr. rmsd
    1.88052e-06


DD  step 108999  vol min/aver 0.866  load imb.: force  6.8%
           Step           Time
         109000      218.00000

   Energies (kJ/mol)
           Bond          Angle    Proper Dih. Per. Imp. Dih.          LJ-14
    1.35690e+02    3.10612e+02    4.11739e+02    3.55547e+01    1.68678e+02
     Coulomb-14        LJ (SR)   Coulomb (SR)   Coul. recip.      Potential
    2.37202e+03    2.44144e+04   -1.87285e+05    1.33746e+03   -1.58099e+05
    Kinetic En.   Total Energy  Conserved En.    Temperature Pressure (bar)
    3.46364e+04   -1.23462e+05   -1.66410e+05    3.42160e+02    5.50228e+02
   Constr. rmsd
    3.00583e-06


DD  step 109999  vol min/aver 0.934  load imb.: force  4.8%
           Step           Time
         110000      220.00000

   Energies (kJ/mol)
           Bond          Angle    Proper Dih. Per. Imp. Dih.          LJ-14
    1.36832e+02    3.42639e+02    3.78491e+02    2.79244e+01    1.87909e+02
     Coulomb-14        LJ (SR)   Coulomb (SR)   Coul. recip.      Potential
    2.36225e+03    2.49961e+04   -1.87289e+05    1.37058e+03   -1.57486e+05
    Kinetic En.   Total Energy  Conserved En.    Temperature Pressure (bar)
    3.46779e+04   -1.22808e+05   -1.66403e+05    3.42570e+02    9.56242e+02
   Constr. rmsd
    2.15178e-06


DD  step 110999  vol min/aver 0.904  load imb.: force  4.1%
           Step           Time
         111000      222.00000

   Energies (kJ/mol)
           Bond          Angle    Proper Dih. Per. Imp. Dih.          LJ-14
    1.50228e+02    3.36976e+02    3.54654e+02    2.19802e+01    1.82014e+02
     Coulomb-14        LJ (SR)   Coulomb (SR)   Coul. recip.      Potential
    2.32643e+03    2.54421e+04   -1.88260e+05    1.37767e+03   -1.58067e+05
    Kinetic En.   Total Energy  Conserved En.    Temperature Pressure (bar)
    3.49593e+04   -1.23108e+05   -1.66399e+05    3.45350e+02    1.00038e+03
   Constr. rmsd
    2.61522e-06


DD  step 111999  vol min/aver 0.970  load imb.: force  3.7%
           Step           Time
         112000      224.00000

   Energies (kJ/mol)
           Bond          Angle    Proper Dih. Per. Imp. Dih.          LJ-14
    1.91388e+02    3.29941e+02    3.86983e+02    1.91522e+01    1.63406e+02
     Coulomb-14        LJ (SR)   Coulomb (SR)   Coul. recip.      Potential
    2.33247e+03    2.46274e+04   -1.87247e+05    1.35880e+03   -1.57837e+05
    Kinetic En.   Total Energy  Conserved En.    Temperature Pressure (bar)
    3.50547e+04   -1.22782e+05   -1.66388e+05    3.46293e+02    5.72314e+02
   Constr. rmsd
    2.87931e-06


DD  step 112999  vol min/aver 0.937  load imb.: force  0.9%
           Step           Time
         113000      226.00000

   Energies (kJ/mol)
           Bond          Angle    Proper Dih. Per. Imp. Dih.          LJ-14
    1.26955e+02    3.75131e+02    3.77754e+02    1.62147e+01    1.79436e+02
     Coulomb-14        LJ (SR)   Coulomb (SR)   Coul. recip.      Potential
    2.36854e+03    2.54207e+04   -1.88690e+05    1.27772e+03   -1.58547e+05
    Kinetic En.   Total Energy  Conserved En.    Temperature Pressure (bar)
    3.44410e+04   -1.24106e+05   -1.66382e+05    3.40230e+02    8.76239e+02
   Constr. rmsd
    2.77828e-06


DD  step 113999  vol min/aver 0.961  load imb.: force  1.6%
           Step           Time
         114000      228.00000

   Energies (kJ/mol)
           Bond          Angle    Proper Dih. Per. Imp. Dih.          LJ-14
    1.63014e+02    3.20197e+02    3.72107e+02    3.98013e+01    1.64029e+02
     Coulomb-14        LJ (SR)   Coulomb (SR)   Coul. recip.      Potential
    2.34140e+03    2.48018e+04   -1.87885e+05    1.27227e+03   -1.58411e+05
    Kinetic En.   Total Energy  Conserved En.    Temperature Pressure (bar)
    3.41634e+04   -1.24247e+05   -1.66382e+05    3.37488e+02    5.58770e+02
   Constr. rmsd
    2.28099e-06


DD  step 114999  vol min/aver 0.905  load imb.: force  5.7%
           Step           Time
         115000      230.00000

   Energies (kJ/mol)
           Bond          Angle    Proper Dih. Per. Imp. Dih.          LJ-14
    1.54614e+02    2.70839e+02    3.96961e+02    3.43358e+01    1.77502e+02
     Coulomb-14        LJ (SR)   Coulomb (SR)   Coul. recip.      Potential
    2.34311e+03    2.45643e+04   -1.87485e+05    1.29813e+03   -1.58246e+05
    Kinetic En.   Total Energy  Conserved En.    Temperature Pressure (bar)
    3.42082e+04   -1.24037e+05   -1.66373e+05    3.37930e+02    4.89466e+02
   Constr. rmsd
    3.25317e-06


DD  step 115999  vol min/aver 0.972  load imb.: force  2.4%
           Step           Time
         116000      232.00000

   Energies (kJ/mol)
           Bond          Angle    Proper Dih. Per. Imp. Dih.          LJ-14
    1.11955e+02    3.15944e+02    3.92636e+02    2.67826e+01    1.89253e+02
     Coulomb-14        LJ (SR)   Coulomb (SR)   Coul. recip.      Potential
    2.35350e+03    2.46625e+04   -1.87048e+05    1.33468e+03   -1.57660e+05
    Kinetic En.   Total Energy  Conserved En.    Temperature Pressure (bar)
    3.44647e+04   -1.23196e+05   -1.66374e+05    3.40465e+02    7.49594e+02
   Constr. rmsd
    4.15115e-06


DD  step 116999  vol min/aver 0.971  load imb.: force  1.1%
           Step           Time
         117000      234.00000

   Energies (kJ/mol)
           Bond          Angle    Proper Dih. Per. Imp. Dih.          LJ-14
    1.64863e+02    3.16234e+02    3.75859e+02    1.67394e+01    1.76837e+02
     Coulomb-14        LJ (SR)   Coulomb (SR)   Coul. recip.      Potential
    2.34143e+03    2.56733e+04   -1.88375e+05    1.35618e+03   -1.57953e+05
    Kinetic En.   Total Energy  Conserved En.    Temperature Pressure (bar)
    3.47608e+04   -1.23192e+05   -1.66362e+05    3.43389e+02    1.07373e+03
   Constr. rmsd
    3.46769e-06


DD  step 117999  vol min/aver 0.953  load imb.: force  5.1%
           Step           Time
         118000      236.00000

   Energies (kJ/mol)
           Bond          Angle    Proper Dih. Per. Imp. Dih.          LJ-14
    1.32810e+02    3.55255e+02    3.80132e+02    2.17090e+01    1.77544e+02
     Coulomb-14        LJ (SR)   Coulomb (SR)   Coul. recip.      Potential
    2.38119e+03    2.48231e+04   -1.87258e+05    1.35209e+03   -1.57634e+05
    Kinetic En.   Total Energy  Conserved En.    Temperature Pressure (bar)
    3.41402e+04   -1.23494e+05   -1.66352e+05    3.37258e+02    8.17157e+02
   Constr. rmsd
    2.32916e-06


DD  step 118999  vol min/aver 0.896  load imb.: force  8.5%
           Step           Time
         119000      238.00000

   Energies (kJ/mol)
           Bond          Angle    Proper Dih. Per. Imp. Dih.          LJ-14
    1.63594e+02    3.21942e+02    4.00082e+02    2.45720e+01    1.77495e+02
     Coulomb-14        LJ (SR)   Coulomb (SR)   Coul. recip.      Potential
    2.33128e+03    2.49113e+04   -1.87586e+05    1.34713e+03   -1.57908e+05
    Kinetic En.   Total Energy  Conserved En.    Temperature Pressure (bar)
    3.42051e+04   -1.23703e+05   -1.66348e+05    3.37899e+02    6.94679e+02
   Constr. rmsd
    1.96671e-06


DD  step 119999  vol min/aver 0.976  load imb.: force  2.0%
           Step           Time
         120000      240.00000

   Energies (kJ/mol)
           Bond          Angle    Proper Dih. Per. Imp. Dih.          LJ-14
    1.73274e+02    3.27077e+02    3.72254e+02    2.85047e+01    1.77147e+02
     Coulomb-14        LJ (SR)   Coulomb (SR)   Coul. recip.      Potential
    2.35555e+03    2.58597e+04   -1.89275e+05    1.33007e+03   -1.58651e+05
    Kinetic En.   Total Energy  Conserved En.    Temperature Pressure (bar)
    3.42365e+04   -1.24415e+05   -1.66340e+05    3.38210e+02    9.67464e+02
   Constr. rmsd
    1.92351e-06


DD  step 120999  vol min/aver 0.961  load imb.: force  1.5%
           Step           Time
         121000      242.00000

   Energies (kJ/mol)
           Bond          Angle    Proper Dih. Per. Imp. Dih.          LJ-14
    1.44072e+02    3.06741e+02    3.87444e+02    2.41260e+01    1.77069e+02
     Coulomb-14        LJ (SR)   Coulomb (SR)   Coul. recip.      Potential
    2.35680e+03    2.43276e+04   -1.87126e+05    1.32019e+03   -1.58082e+05
    Kinetic En.   Total Energy  Conserved En.    Temperature Pressure (bar)
    3.40410e+04   -1.24041e+05   -1.66333e+05    3.36279e+02    4.89188e+02
   Constr. rmsd
    1.30513e-06


DD  step 121999  vol min/aver 0.956  load imb.: force  1.5%
           Step           Time
         122000      244.00000

   Energies (kJ/mol)
           Bond          Angle    Proper Dih. Per. Imp. Dih.          LJ-14
    1.95936e+02    3.58136e+02    3.84066e+02    3.22700e+01    2.00297e+02
     Coulomb-14        LJ (SR)   Coulomb (SR)   Coul. recip.      Potential
    2.40210e+03    2.57556e+04   -1.89130e+05    1.35229e+03   -1.58449e+05
    Kinetic En.   Total Energy  Conserved En.    Temperature Pressure (bar)
    3.43919e+04   -1.24057e+05   -1.66325e+05    3.39745e+02    1.17680e+03
   Constr. rmsd
    1.85639e-06


DD  step 122999  vol min/aver 0.967  load imb.: force 12.1%
           Step           Time
         123000      246.00000

   Energies (kJ/mol)
           Bond          Angle    Proper Dih. Per. Imp. Dih.          LJ-14
    1.51608e+02    2.80240e+02    3.75896e+02    1.83681e+01    1.75749e+02
     Coulomb-14        LJ (SR)   Coulomb (SR)   Coul. recip.      Potential
    2.38006e+03    2.56931e+04   -1.88959e+05    1.34350e+03   -1.58540e+05
    Kinetic En.   Total Energy  Conserved En.    Temperature Pressure (bar)
    3.38127e+04   -1.24728e+05   -1.66319e+05    3.34024e+02    9.70299e+02
   Constr. rmsd
    1.97857e-06


DD  step 123999  vol min/aver 0.961  load imb.: force  3.2%
           Step           Time
         124000      248.00000

   Energies (kJ/mol)
           Bond          Angle    Proper Dih. Per. Imp. Dih.          LJ-14
    1.24239e+02    3.09233e+02    4.01979e+02    1.81722e+01    1.72806e+02
     Coulomb-14        LJ (SR)   Coulomb (SR)   Coul. recip.      Potential
    2.40117e+03    2.44631e+04   -1.87376e+05    1.30042e+03   -1.58185e+05
    Kinetic En.   Total Energy  Conserved En.    Temperature Pressure (bar)
    3.39794e+04   -1.24206e+05   -1.66321e+05    3.35670e+02    3.97870e+02
   Constr. rmsd
    2.15568e-06


DD  step 124999  vol min/aver 0.962  load imb.: force  1.0%
           Step           Time
         125000      250.00000

   Energies (kJ/mol)
           Bond          Angle    Proper Dih. Per. Imp. Dih.          LJ-14
    1.38371e+02    3.16919e+02    4.05847e+02    2.81233e+01    1.74669e+02
     Coulomb-14        LJ (SR)   Coulomb (SR)   Coul. recip.      Potential
    2.34038e+03    2.50588e+04   -1.87887e+05    1.37269e+03   -1.58051e+05
    Kinetic En.   Total Energy  Conserved En.    Temperature Pressure (bar)
    3.38466e+04   -1.24204e+05   -1.66322e+05    3.34358e+02    7.58817e+02
   Constr. rmsd
    2.68574e-06


DD  step 125999  vol min/aver 0.964  load imb.: force  5.0%
           Step           Time
         126000      252.00000

   Energies (kJ/mol)
           Bond          Angle    Proper Dih. Per. Imp. Dih.          LJ-14
    1.50957e+02    3.00081e+02    3.67777e+02    2.36626e+01    1.84458e+02
     Coulomb-14        LJ (SR)   Coulomb (SR)   Coul. recip.      Potential
    2.37627e+03    2.56368e+04   -1.88798e+05    1.34816e+03   -1.58410e+05
    Kinetic En.   Total Energy  Conserved En.    Temperature Pressure (bar)
    3.43497e+04   -1.24060e+05   -1.66303e+05    3.39329e+02    9.49682e+02
   Constr. rmsd
    3.01015e-06


DD  step 126999  vol min/aver 0.973  load imb.: force 13.2%
           Step           Time
         127000      254.00000

   Energies (kJ/mol)
           Bond          Angle    Proper Dih. Per. Imp. Dih.          LJ-14
    1.33095e+02    3.10361e+02    4.07376e+02    2.27243e+01    1.67669e+02
     Coulomb-14        LJ (SR)   Coulomb (SR)   Coul. recip.      Potential
    2.35634e+03    2.50309e+04   -1.88124e+05    1.35505e+03   -1.58341e+05
    Kinetic En.   Total Energy  Conserved En.    Temperature Pressure (bar)
    3.42850e+04   -1.24056e+05   -1.66295e+05    3.38689e+02    7.47402e+02
   Constr. rmsd
    3.02547e-06


DD  step 127999  vol min/aver 0.972  load imb.: force  1.8%
           Step           Time
         128000      256.00000

   Energies (kJ/mol)
           Bond          Angle    Proper Dih. Per. Imp. Dih.          LJ-14
    1.22906e+02    3.77369e+02    3.78851e+02    1.54853e+01    1.84285e+02
     Coulomb-14        LJ (SR)   Coulomb (SR)   Coul. recip.      Potential
    2.32646e+03    2.47724e+04   -1.87632e+05    1.31424e+03   -1.58140e+05
    Kinetic En.   Total Energy  Conserved En.    Temperature Pressure (bar)
    3.44088e+04   -1.23731e+05   -1.66302e+05    3.39912e+02    7.50082e+02
   Constr. rmsd
    2.47387e-06


DD  step 128999  vol min/aver 0.946  load imb.: force  2.7%
           Step           Time
         129000      258.00000

   Energies (kJ/mol)
           Bond          Angle    Proper Dih. Per. Imp. Dih.          LJ-14
    1.23122e+02    3.66224e+02    3.59977e+02    2.02592e+01    1.80196e+02
     Coulomb-14        LJ (SR)   Coulomb (SR)   Coul. recip.      Potential
    2.32325e+03    2.53559e+04   -1.88772e+05    1.33719e+03   -1.58706e+05
    Kinetic En.   Total Energy  Conserved En.    Temperature Pressure (bar)
    3.39489e+04   -1.24757e+05   -1.66285e+05    3.35369e+02    7.95683e+02
   Constr. rmsd
    2.17419e-06


DD  step 129999  vol min/aver 0.974  load imb.: force  1.5%
           Step           Time
         130000      260.00000

   Energies (kJ/mol)
           Bond          Angle    Proper Dih. Per. Imp. Dih.          LJ-14
    1.24954e+02    3.42937e+02    3.80727e+02    3.02634e+01    1.88462e+02
     Coulomb-14        LJ (SR)   Coulomb (SR)   Coul. recip.      Potential
    2.37278e+03    2.45471e+04   -1.87692e+05    1.36502e+03   -1.58339e+05
    Kinetic En.   Total Energy  Conserved En.    Temperature Pressure (bar)
    3.41597e+04   -1.24180e+05   -1.66289e+05    3.37451e+02    5.64742e+02
   Constr. rmsd
    3.44566e-06


DD  step 130999  vol min/aver 0.959  load imb.: force 16.5%
           Step           Time
         131000      262.00000

   Energies (kJ/mol)
           Bond          Angle    Proper Dih. Per. Imp. Dih.          LJ-14
    1.38362e+02    3.80803e+02    3.60927e+02    1.78812e+01    1.74938e+02
     Coulomb-14        LJ (SR)   Coulomb (SR)   Coul. recip.      Potential
    2.31712e+03    2.49542e+04   -1.88473e+05    1.30814e+03   -1.58820e+05
    Kinetic En.   Total Energy  Conserved En.    Temperature Pressure (bar)
    3.45504e+04   -1.24270e+05   -1.66276e+05    3.41311e+02    6.92589e+02
   Constr. rmsd
    1.87665e-06


DD  step 131999  vol min/aver 0.923  load imb.: force  3.5%
           Step           Time
         132000      264.00000

   Energies (kJ/mol)
           Bond          Angle    Proper Dih. Per. Imp. Dih.          LJ-14
    1.35885e+02    3.12243e+02    3.51547e+02    3.28656e+01    1.66773e+02
     Coulomb-14        LJ (SR)   Coulomb (SR)   Coul. recip.      Potential
    2.34507e+03    2.55742e+04   -1.89068e+05    1.30264e+03   -1.58846e+05
    Kinetic En.   Total Energy  Conserved En.    Temperature Pressure (bar)
    3.44267e+04   -1.24420e+05   -1.66278e+05    3.40089e+02    8.52250e+02
   Constr. rmsd
    2.41481e-06


DD  step 132999  vol min/aver 0.976  load imb.: force  1.8%
           Step           Time
         133000      266.00000

   Energies (kJ/mol)
           Bond          Angle    Proper Dih. Per. Imp. Dih.          LJ-14
    1.65269e+02    2.94852e+02    3.80905e+02    1.96342e+01    1.80256e+02
     Coulomb-14        LJ (SR)   Coulomb (SR)   Coul. recip.      Potential
    2.36092e+03    2.47410e+04   -1.88364e+05    1.34402e+03   -1.58878e+05
    Kinetic En.   Total Energy  Conserved En.    Temperature Pressure (bar)
    3.42648e+04   -1.24613e+05   -1.66266e+05    3.38489e+02    5.34062e+02
   Constr. rmsd
    1.26756e-06


DD  step 133999  vol min/aver 0.974  load imb.: force  1.5%
           Step           Time
         134000      268.00000

   Energies (kJ/mol)
           Bond          Angle    Proper Dih. Per. Imp. Dih.          LJ-14
    1.40815e+02    3.17833e+02    3.87819e+02    1.96881e+01    1.62435e+02
     Coulomb-14        LJ (SR)   Coulomb (SR)   Coul. recip.      Potential
    2.35671e+03    2.58739e+04   -1.89083e+05    1.27004e+03   -1.58554e+05
    Kinetic En.   Total Energy  Conserved En.    Temperature Pressure (bar)
    3.41779e+04   -1.24376e+05   -1.66257e+05    3.37631e+02    1.06172e+03
   Constr. rmsd
    2.35166e-06


DD  step 134999  vol min/aver 0.981  load imb.: force  2.0%
           Step           Time
         135000      270.00000

   Energies (kJ/mol)
           Bond          Angle    Proper Dih. Per. Imp. Dih.          LJ-14
    1.47734e+02    2.97307e+02    3.74375e+02    2.07504e+01    1.77548e+02
     Coulomb-14        LJ (SR)   Coulomb (SR)   Coul. recip.      Potential
    2.35843e+03    2.51126e+04   -1.88317e+05    1.31122e+03   -1.58517e+05
    Kinetic En.   Total Energy  Conserved En.    Temperature Pressure (bar)
    3.44958e+04   -1.24021e+05   -1.66252e+05    3.40771e+02    8.31093e+02
   Constr. rmsd
    7.58267e-06


DD  step 135999  vol min/aver 0.973  load imb.: force  3.2%
           Step           Time
         136000      272.00000

   Energies (kJ/mol)
           Bond          Angle    Proper Dih. Per. Imp. Dih.          LJ-14
    1.43947e+02    3.91976e+02    4.04008e+02    2.28063e+01    1.75162e+02
     Coulomb-14        LJ (SR)   Coulomb (SR)   Coul. recip.      Potential
    2.33492e+03    2.48693e+04   -1.87306e+05    1.35477e+03   -1.57610e+05
    Kinetic En.   Total Energy  Conserved En.    Temperature Pressure (bar)
    3.41152e+04   -1.23494e+05   -1.66240e+05    3.37012e+02    7.36701e+02
   Constr. rmsd
    2.04339e-06


DD  step 136999  vol min/aver 0.975  load imb.: force  2.0%
           Step           Time
         137000      274.00000

   Energies (kJ/mol)
           Bond          Angle    Proper Dih. Per. Imp. Dih.          LJ-14
    1.27146e+02    3.21309e+02    3.79812e+02    1.48028e+01    1.75524e+02
     Coulomb-14        LJ (SR)   Coulomb (SR)   Coul. recip.      Potential
    2.37800e+03    2.52898e+04   -1.88465e+05    1.32521e+03   -1.58453e+05
    Kinetic En.   Total Energy  Conserved En.    Temperature Pressure (bar)
    3.42856e+04   -1.24168e+05   -1.66245e+05    3.38694e+02    7.22006e+02
   Constr. rmsd
    2.29630e-06


DD  step 137999  vol min/aver 0.977  load imb.: force  0.9%
           Step           Time
         138000      276.00000

   Energies (kJ/mol)
           Bond          Angle    Proper Dih. Per. Imp. Dih.          LJ-14
    1.25967e+02    3.17286e+02    3.56940e+02    3.20070e+01    1.82247e+02
     Coulomb-14        LJ (SR)   Coulomb (SR)   Coul. recip.      Potential
    2.36451e+03    2.52256e+04   -1.88070e+05    1.30165e+03   -1.58164e+05
    Kinetic En.   Total Energy  Conserved En.    Temperature Pressure (bar)
    3.39487e+04   -1.24216e+05   -1.66240e+05    3.35367e+02    8.20538e+02
   Constr. rmsd
    4.20064e-06


DD  step 138999  vol min/aver 0.970  load imb.: force  1.2%
           Step           Time
         139000      278.00000

   Energies (kJ/mol)
           Bond          Angle    Proper Dih. Per. Imp. Dih.          LJ-14
    1.77648e+02    3.35246e+02    3.81981e+02    1.89450e+01    1.66571e+02
     Coulomb-14        LJ (SR)   Coulomb (SR)   Coul. recip.      Potential
    2.33538e+03    2.54003e+04   -1.88138e+05    1.34364e+03   -1.57979e+05
    Kinetic En.   Total Energy  Conserved En.    Temperature Pressure (bar)
    3.45997e+04   -1.23379e+05   -1.66228e+05    3.41798e+02    9.53232e+02
   Constr. rmsd
    2.59103e-06


DD  step 139999  vol min/aver 0.980  load imb.: force  1.9%
           Step           Time
         140000      280.00000

   Energies (kJ/mol)
           Bond          Angle    Proper Dih. Per. Imp. Dih.          LJ-14
    1.54683e+02    3.24908e+02    3.67969e+02    2.12085e+01    1.79234e+02
     Coulomb-14        LJ (SR)   Coulomb (SR)   Coul. recip.      Potential
    2.33480e+03    2.48180e+04   -1.87937e+05    1.36463e+03   -1.58371e+05
    Kinetic En.   Total Energy  Conserved En.    Temperature Pressure (bar)
    3.44830e+04   -1.23888e+05   -1.66226e+05    3.40645e+02    7.99831e+02
   Constr. rmsd
    1.72934e-06


DD  step 140999  vol min/aver 0.987  load imb.: force  3.0%
           Step           Time
         141000      282.00000

   Energies (kJ/mol)
           Bond          Angle    Proper Dih. Per. Imp. Dih.          LJ-14
    1.42472e+02    3.62519e+02    3.76408e+02    1.69625e+01    1.73682e+02
     Coulomb-14        LJ (SR)   Coulomb (SR)   Coul. recip.      Potential
    2.36929e+03    2.51948e+04   -1.88152e+05    1.32016e+03   -1.58196e+05
    Kinetic En.   Total Energy  Conserved En.    Temperature Pressure (bar)
    3.41073e+04   -1.24089e+05   -1.66215e+05    3.36934e+02    8.63939e+02
   Constr. rmsd
    1.53006e-06


DD  step 141999  vol min/aver 0.979  load imb.: force  1.7%
           Step           Time
         142000      284.00000

   Energies (kJ/mol)
           Bond          Angle    Proper Dih. Per. Imp. Dih.          LJ-14
    1.61051e+02    3.37598e+02    3.51709e+02    1.24668e+01    2.06566e+02
     Coulomb-14        LJ (SR)   Coulomb (SR)   Coul. recip.      Potential
    2.34967e+03    2.45202e+04   -1.87176e+05    1.36604e+03   -1.57871e+05
    Kinetic En.   Total Energy  Conserved En.    Temperature Pressure (bar)
    3.45677e+04   -1.23304e+05   -1.66215e+05    3.41481e+02    7.17007e+02
   Constr. rmsd
    3.51091e-06


DD  step 142999  vol min/aver 0.949  load imb.: force  8.6%
           Step           Time
         143000      286.00000

   Energies (kJ/mol)
           Bond          Angle    Proper Dih. Per. Imp. Dih.          LJ-14
    1.61157e+02    3.25424e+02    3.51459e+02    2.14045e+01    2.00729e+02
     Coulomb-14        LJ (SR)   Coulomb (SR)   Coul. recip.      Potential
    2.43613e+03    2.52142e+04   -1.87948e+05    1.31830e+03   -1.57919e+05
    Kinetic En.   Total Energy  Conserved En.    Temperature Pressure (bar)
    3.44256e+04   -1.23493e+05   -1.66203e+05    3.40078e+02    9.48052e+02
   Constr. rmsd
    2.66292e-06


DD  step 143999  vol min/aver 0.883  load imb.: force  7.6%
           Step           Time
         144000      288.00000

   Energies (kJ/mol)
           Bond          Angle    Proper Dih. Per. Imp. Dih.          LJ-14
    1.59121e+02    3.59817e+02    3.78349e+02    1.72580e+01    1.72855e+02
     Coulomb-14        LJ (SR)   Coulomb (SR)   Coul. recip.      Potential
    2.32304e+03    2.50439e+04   -1.88046e+05    1.28485e+03   -1.58307e+05
    Kinetic En.   Total Energy  Conserved En.    Temperature Pressure (bar)
    3.46239e+04   -1.23683e+05   -1.66200e+05    3.42037e+02    6.76545e+02
   Constr. rmsd
    2.88146e-06


DD  step 144999  vol min/aver 0.967  load imb.: force  5.2%
           Step           Time
         145000      290.00000

   Energies (kJ/mol)
           Bond          Angle    Proper Dih. Per. Imp. Dih.          LJ-14
    1.29402e+02    3.76139e+02    3.67572e+02    1.77287e+01    1.73608e+02
     Coulomb-14        LJ (SR)   Coulomb (SR)   Coul. recip.      Potential
    2.31060e+03    2.45265e+04   -1.87835e+05    1.37103e+03   -1.58562e+05
    Kinetic En.   Total Energy  Conserved En.    Temperature Pressure (bar)
    3.45987e+04   -1.23964e+05   -1.66195e+05    3.41788e+02    5.68692e+02
   Constr. rmsd
    2.92091e-06


DD  step 145999  vol min/aver 0.980  load imb.: force  4.5%
           Step           Time
         146000      292.00000

   Energies (kJ/mol)
           Bond          Angle    Proper Dih. Per. Imp. Dih.          LJ-14
    1.58843e+02    3.91859e+02    3.57775e+02    2.04741e+01    1.66190e+02
     Coulomb-14        LJ (SR)   Coulomb (SR)   Coul. recip.      Potential
    2.32517e+03    2.54566e+04   -1.88140e+05    1.33557e+03   -1.57928e+05
    Kinetic En.   Total Energy  Conserved En.    Temperature Pressure (bar)
    3.44223e+04   -1.23505e+05   -1.66189e+05    3.40045e+02    9.41271e+02
   Constr. rmsd
    1.73934e-06


DD  step 146999  vol min/aver 0.972  load imb.: force  1.9%
           Step           Time
         147000      294.00000

   Energies (kJ/mol)
           Bond          Angle    Proper Dih. Per. Imp. Dih.          LJ-14
    1.86097e+02    2.71856e+02    4.03425e+02    2.16553e+01    1.70049e+02
     Coulomb-14        LJ (SR)   Coulomb (SR)   Coul. recip.      Potential
    2.34183e+03    2.47783e+04   -1.87750e+05    1.35732e+03   -1.58219e+05
    Kinetic En.   Total Energy  Conserved En.    Temperature Pressure (bar)
    3.48889e+04   -1.23330e+05   -1.66183e+05    3.44655e+02    6.96685e+02
   Constr. rmsd
    2.97989e-06


DD  step 147999  vol min/aver 0.961  load imb.: force  4.6%
           Step           Time
         148000      296.00000

   Energies (kJ/mol)
           Bond          Angle    Proper Dih. Per. Imp. Dih.          LJ-14
    1.58538e+02    3.47031e+02    3.70773e+02    1.66354e+01    1.68465e+02
     Coulomb-14        LJ (SR)   Coulomb (SR)   Coul. recip.      Potential
    2.35221e+03    2.41302e+04   -1.87503e+05    1.33086e+03   -1.58628e+05
    Kinetic En.   Total Energy  Conserved En.    Temperature Pressure (bar)
    3.44080e+04   -1.24220e+05   -1.66182e+05    3.39904e+02    1.58414e+02
   Constr. rmsd
    2.71796e-06


DD  step 148999  vol min/aver 0.987  load imb.: force  1.6%
           Step           Time
         149000      298.00000

   Energies (kJ/mol)
           Bond          Angle    Proper Dih. Per. Imp. Dih.          LJ-14
    1.79174e+02    3.23803e+02    3.82403e+02    1.70914e+01    1.69507e+02
     Coulomb-14        LJ (SR)   Coulomb (SR)   Coul. recip.      Potential
    2.32545e+03    2.60680e+04   -1.88808e+05    1.36205e+03   -1.57980e+05
    Kinetic En.   Total Energy  Conserved En.    Temperature Pressure (bar)
    3.44463e+04   -1.23534e+05   -1.66169e+05    3.40282e+02    1.27821e+03
   Constr. rmsd
    2.06431e-06


DD  step 149999  vol min/aver 0.976  load imb.: force  2.2%
           Step           Time
         150000      300.00000

   Energies (kJ/mol)
           Bond          Angle    Proper Dih. Per. Imp. Dih.          LJ-14
    1.62508e+02    3.11124e+02    3.56274e+02    1.87570e+01    1.82354e+02
     Coulomb-14        LJ (SR)   Coulomb (SR)   Coul. recip.      Potential
    2.36807e+03    2.49979e+04   -1.88091e+05    1.35460e+03   -1.58340e+05
    Kinetic En.   Total Energy  Conserved En.    Temperature Pressure (bar)
    3.45304e+04   -1.23809e+05   -1.66163e+05    3.41113e+02    7.21886e+02
   Constr. rmsd
    2.02766e-06


DD  step 150999  vol min/aver 0.972  load imb.: force  1.7%
           Step           Time
         151000      302.00000

   Energies (kJ/mol)
           Bond          Angle    Proper Dih. Per. Imp. Dih.          LJ-14
    1.74875e+02    3.24899e+02    3.45348e+02    2.56539e+01    1.75839e+02
     Coulomb-14        LJ (SR)   Coulomb (SR)   Coul. recip.      Potential
    2.33741e+03    2.57843e+04   -1.88988e+05    1.30979e+03   -1.58510e+05
    Kinetic En.   Total Energy  Conserved En.    Temperature Pressure (bar)
    3.42542e+04   -1.24255e+05   -1.66153e+05    3.38385e+02    1.08822e+03
   Constr. rmsd
    1.78934e-06


DD  step 151999  vol min/aver 0.968  load imb.: force  3.8%
           Step           Time
         152000      304.00000

   Energies (kJ/mol)
           Bond          Angle    Proper Dih. Per. Imp. Dih.          LJ-14
    1.76885e+02    4.35019e+02    3.71897e+02    2.10444e+01    1.88217e+02
     Coulomb-14        LJ (SR)   Coulomb (SR)   Coul. recip.      Potential
    2.36123e+03    2.47179e+04   -1.87600e+05    1.32295e+03   -1.58005e+05
    Kinetic En.   Total Energy  Conserved En.    Temperature Pressure (bar)
    3.45387e+04   -1.23466e+05   -1.66153e+05    3.41195e+02    6.96145e+02
   Constr. rmsd
    1.90233e-06


DD  step 152999  vol min/aver 0.977  load imb.: force  3.2%
           Step           Time
         153000      306.00000

   Energies (kJ/mol)
           Bond          Angle    Proper Dih. Per. Imp. Dih.          LJ-14
    1.92698e+02    3.59932e+02    4.35184e+02    2.11059e+01    1.90375e+02
     Coulomb-14        LJ (SR)   Coulomb (SR)   Coul. recip.      Potential
    2.32981e+03    2.44325e+04   -1.87089e+05    1.37620e+03   -1.57751e+05
    Kinetic En.   Total Energy  Conserved En.    Temperature Pressure (bar)
    3.44958e+04   -1.23255e+05   -1.66149e+05    3.40772e+02    6.69706e+02
   Constr. rmsd
    1.45078e-06


DD  step 153999  vol min/aver 0.961  load imb.: force  1.8%
           Step           Time
         154000      308.00000

   Energies (kJ/mol)
           Bond          Angle    Proper Dih. Per. Imp. Dih.          LJ-14
    1.54453e+02    3.04055e+02    3.85320e+02    2.67626e+01    1.79621e+02
     Coulomb-14        LJ (SR)   Coulomb (SR)   Coul. recip.      Potential
    2.38968e+03    2.48510e+04   -1.87911e+05    1.37749e+03   -1.58242e+05
    Kinetic En.   Total Energy  Conserved En.    Temperature Pressure (bar)
    3.39890e+04   -1.24253e+05   -1.66140e+05    3.35765e+02    6.79628e+02
   Constr. rmsd
    1.53270e-06


DD  step 154999  vol min/aver 0.967  load imb.: force  1.8%
           Step           Time
         155000      310.00000

   Energies (kJ/mol)
           Bond          Angle    Proper Dih. Per. Imp. Dih.          LJ-14
    1.48335e+02    3.70542e+02    3.89513e+02    2.36190e+01    1.76986e+02
     Coulomb-14        LJ (SR)   Coulomb (SR)   Coul. recip.      Potential
    2.36799e+03    2.47325e+04   -1.87654e+05    1.38390e+03   -1.58061e+05
    Kinetic En.   Total Energy  Conserved En.    Temperature Pressure (bar)
    3.47692e+04   -1.23292e+05   -1.66139e+05    3.43472e+02    6.46143e+02
   Constr. rmsd
    2.19095e-06


DD  step 155999  vol min/aver 0.962  load imb.: force  4.5%
           Step           Time
         156000      312.00000

   Energies (kJ/mol)
           Bond          Angle    Proper Dih. Per. Imp. Dih.          LJ-14
    1.74301e+02    3.76412e+02    3.45675e+02    1.49637e+01    1.59240e+02
     Coulomb-14        LJ (SR)   Coulomb (SR)   Coul. recip.      Potential
    2.33355e+03    2.54547e+04   -1.87860e+05    1.30452e+03   -1.57697e+05
    Kinetic En.   Total Energy  Conserved En.    Temperature Pressure (bar)
    3.46753e+04   -1.23022e+05   -1.66133e+05    3.42545e+02    9.71277e+02
   Constr. rmsd
    3.21869e-06


DD  step 156999  vol min/aver 0.974  load imb.: force  2.7%
           Step           Time
         157000      314.00000

   Energies (kJ/mol)
           Bond          Angle    Proper Dih. Per. Imp. Dih.          LJ-14
    1.75437e+02    3.30574e+02    4.01208e+02    1.85783e+01    1.80270e+02
     Coulomb-14        LJ (SR)   Coulomb (SR)   Coul. recip.      Potential
    2.39899e+03    2.48994e+04   -1.87612e+05    1.30814e+03   -1.57900e+05
    Kinetic En.   Total Energy  Conserved En.    Temperature Pressure (bar)
    3.45423e+04   -1.23358e+05   -1.66133e+05    3.41231e+02    8.36535e+02
   Constr. rmsd
    1.90950e-06


DD  step 157999  vol min/aver 0.958  load imb.: force  1.3%
           Step           Time
         158000      316.00000

   Energies (kJ/mol)
           Bond          Angle    Proper Dih. Per. Imp. Dih.          LJ-14
    1.52530e+02    2.97932e+02    3.66594e+02    2.02102e+01    1.85223e+02
     Coulomb-14        LJ (SR)   Coulomb (SR)   Coul. recip.      Potential
    2.37888e+03    2.49961e+04   -1.88013e+05    1.39264e+03   -1.58223e+05
    Kinetic En.   Total Energy  Conserved En.    Temperature Pressure (bar)
    3.42764e+04   -1.23946e+05   -1.66121e+05    3.38604e+02    7.53266e+02
   Constr. rmsd
    2.44372e-06


DD  step 158999  vol min/aver 0.967  load imb.: force  1.0%
           Step           Time
         159000      318.00000

   Energies (kJ/mol)
           Bond          Angle    Proper Dih. Per. Imp. Dih.          LJ-14
    2.12978e+02    3.34801e+02    3.86015e+02    2.62909e+01    1.51725e+02
     Coulomb-14        LJ (SR)   Coulomb (SR)   Coul. recip.      Potential
    2.33974e+03    2.50737e+04   -1.87636e+05    1.36575e+03   -1.57745e+05
    Kinetic En.   Total Energy  Conserved En.    Temperature Pressure (bar)
    3.43088e+04   -1.23437e+05   -1.66109e+05    3.38924e+02    6.76444e+02
   Constr. rmsd
    2.27052e-06


DD  step 159999  vol min/aver 0.935  load imb.: force  8.2%
           Step           Time
         160000      320.00000

   Energies (kJ/mol)
           Bond          Angle    Proper Dih. Per. Imp. Dih.          LJ-14
    1.62309e+02    2.67718e+02    3.84150e+02    1.61417e+01    1.73657e+02
     Coulomb-14        LJ (SR)   Coulomb (SR)   Coul. recip.      Potential
    2.32101e+03    2.50636e+04   -1.87742e+05    1.37607e+03   -1.57977e+05
    Kinetic En.   Total Energy  Conserved En.    Temperature Pressure (bar)
    3.43794e+04   -1.23597e+05   -1.66103e+05    3.39621e+02    8.19463e+02
   Constr. rmsd
    2.83727e-06


DD  step 160999  vol min/aver 0.977  load imb.: force  5.7%
           Step           Time
         161000      322.00000

   Energies (kJ/mol)
           Bond          Angle    Proper Dih. Per. Imp. Dih.          LJ-14
    1.90707e+02    3.26957e+02    3.95558e+02    3.83989e+01    1.89663e+02
     Coulomb-14        LJ (SR)   Coulomb (SR)   Coul. recip.      Potential
    2.38206e+03    2.54321e+04   -1.88177e+05    1.29317e+03   -1.57928e+05
    Kinetic En.   Total Energy  Conserved En.    Temperature Pressure (bar)
    3.49697e+04   -1.22959e+05   -1.66102e+05    3.45453e+02    9.31574e+02
   Constr. rmsd
    2.52158e-06


DD  step 161999  vol min/aver 0.935  load imb.: force  5.0%
           Step           Time
         162000      324.00000

   Energies (kJ/mol)
           Bond          Angle    Proper Dih. Per. Imp. Dih.          LJ-14
    1.53057e+02    3.85482e+02    3.54552e+02    1.17068e+01    1.88096e+02
     Coulomb-14        LJ (SR)   Coulomb (SR)   Coul. recip.      Potential
    2.33651e+03    2.56976e+04   -1.88232e+05    1.30577e+03   -1.57799e+05
    Kinetic En.   Total Energy  Conserved En.    Temperature Pressure (bar)
    3.42652e+04   -1.23534e+05   -1.66095e+05    3.38494e+02    1.05016e+03
   Constr. rmsd
    3.02545e-06


DD  step 162999  vol min/aver 0.962  load imb.: force  4.1%
           Step           Time
         163000      326.00000

   Energies (kJ/mol)
           Bond          Angle    Proper Dih. Per. Imp. Dih.          LJ-14
    1.27808e+02    3.49337e+02    4.08650e+02    2.89290e+01    1.75161e+02
     Coulomb-14        LJ (SR)   Coulomb (SR)   Coul. recip.      Potential
    2.33441e+03    2.45606e+04   -1.86906e+05    1.35816e+03   -1.57563e+05
    Kinetic En.   Total Energy  Conserved En.    Temperature Pressure (bar)
    3.44474e+04   -1.23116e+05   -1.66093e+05    3.40293e+02    5.97607e+02
   Constr. rmsd
    3.40314e-06


DD  step 163999  vol min/aver 0.944  load imb.: force  2.8%
           Step           Time
         164000      328.00000

   Energies (kJ/mol)
           Bond          Angle    Proper Dih. Per. Imp. Dih.          LJ-14
    1.60225e+02    2.97886e+02    3.60446e+02    3.09295e+01    1.70192e+02
     Coulomb-14        LJ (SR)   Coulomb (SR)   Coul. recip.      Potential
    2.39218e+03    2.50480e+04   -1.88271e+05    1.29990e+03   -1.58511e+05
    Kinetic En.   Total Energy  Conserved En.    Temperature Pressure (bar)
    3.47904e+04   -1.23720e+05   -1.66089e+05    3.43682e+02    7.81972e+02
   Constr. rmsd
    2.02377e-06


DD  step 164999  vol min/aver 0.969  load imb.: force  0.7%
           Step           Time
         165000      330.00000

   Energies (kJ/mol)
           Bond          Angle    Proper Dih. Per. Imp. Dih.          LJ-14
    1.58217e+02    3.25954e+02    3.48115e+02    2.05295e+01    1.99154e+02
     Coulomb-14        LJ (SR)   Coulomb (SR)   Coul. recip.      Potential
    2.36801e+03    2.56144e+04   -1.88698e+05    1.30492e+03   -1.58359e+05
    Kinetic En.   Total Energy  Conserved En.    Temperature Pressure (bar)
    3.46568e+04   -1.23702e+05   -1.66083e+05    3.42362e+02    1.01811e+03
   Constr. rmsd
    2.57111e-06


DD  step 165999  vol min/aver 0.984  load imb.: force  9.7%
           Step           Time
         166000      332.00000

   Energies (kJ/mol)
           Bond          Angle    Proper Dih. Per. Imp. Dih.          LJ-14
    1.71981e+02    2.68769e+02    3.79722e+02    1.67482e+01    1.73775e+02
     Coulomb-14        LJ (SR)   Coulomb (SR)   Coul. recip.      Potential
    2.34145e+03    2.53407e+04   -1.88656e+05    1.23769e+03   -1.58725e+05
    Kinetic En.   Total Energy  Conserved En.    Temperature Pressure (bar)
    3.46461e+04   -1.24079e+05   -1.66074e+05    3.42256e+02    8.49634e+02
   Constr. rmsd
    3.03138e-06


DD  step 166999  vol min/aver 0.976  load imb.: force  2.6%
           Step           Time
         167000      334.00000

   Energies (kJ/mol)
           Bond          Angle    Proper Dih. Per. Imp. Dih.          LJ-14
    1.32417e+02    3.42477e+02    3.71461e+02    2.20393e+01    1.70961e+02
     Coulomb-14        LJ (SR)   Coulomb (SR)   Coul. recip.      Potential
    2.34231e+03    2.52605e+04   -1.88489e+05    1.30235e+03   -1.58544e+05
    Kinetic En.   Total Energy  Conserved En.    Temperature Pressure (bar)
    3.38341e+04   -1.24710e+05   -1.66069e+05    3.34235e+02    8.21313e+02
   Constr. rmsd
    4.89185e-06


DD  step 167999  vol min/aver 0.905  load imb.: force  1.9%
           Step           Time
         168000      336.00000

   Energies (kJ/mol)
           Bond          Angle    Proper Dih. Per. Imp. Dih.          LJ-14
    1.79733e+02    2.87650e+02    3.84233e+02    1.73524e+01    1.72637e+02
     Coulomb-14        LJ (SR)   Coulomb (SR)   Coul. recip.      Potential
    2.34044e+03    2.44963e+04   -1.87000e+05    1.31729e+03   -1.57805e+05
    Kinetic En.   Total Energy  Conserved En.    Temperature Pressure (bar)
    3.39693e+04   -1.23835e+05   -1.66063e+05    3.35570e+02    6.92494e+02
   Constr. rmsd
    2.39374e-06


DD  step 168999  vol min/aver 0.964  load imb.: force  1.4%
           Step           Time
         169000      338.00000

   Energies (kJ/mol)
           Bond          Angle    Proper Dih. Per. Imp. Dih.          LJ-14
    1.33543e+02    3.24566e+02    3.93638e+02    2.50924e+01    1.83223e+02
     Coulomb-14        LJ (SR)   Coulomb (SR)   Coul. recip.      Potential
    2.36998e+03    2.47788e+04   -1.87204e+05    1.36696e+03   -1.57628e+05
    Kinetic En.   Total Energy  Conserved En.    Temperature Pressure (bar)
    3.39642e+04   -1.23664e+05   -1.66054e+05    3.35520e+02    7.40737e+02
   Constr. rmsd
    3.67660e-06


DD  step 169999  vol min/aver 0.968  load imb.: force  1.3%
           Step           Time
         170000      340.00000

   Energies (kJ/mol)
           Bond          Angle    Proper Dih. Per. Imp. Dih.          LJ-14
    1.59570e+02    3.67123e+02    3.54343e+02    1.42081e+01    1.77351e+02
     Coulomb-14        LJ (SR)   Coulomb (SR)   Coul. recip.      Potential
    2.33472e+03    2.49421e+04   -1.87751e+05    1.33125e+03   -1.58071e+05
    Kinetic En.   Total Energy  Conserved En.    Temperature Pressure (bar)
    3.40442e+04   -1.24027e+05   -1.66047e+05    3.36310e+02    7.35132e+02
   Constr. rmsd
    2.80658e-06


DD  step 170999  vol min/aver 0.971  load imb.: force  1.6%
           Step           Time
         171000      342.00000

   Energies (kJ/mol)
           Bond          Angle    Proper Dih. Per. Imp. Dih.          LJ-14
    1.43224e+02    3.42849e+02    3.82488e+02    2.12847e+01    1.69864e+02
     Coulomb-14        LJ (SR)   Coulomb (SR)   Coul. recip.      Potential
    2.35355e+03    2.50202e+04   -1.87957e+05    1.37802e+03   -1.58145e+05
    Kinetic En.   Total Energy  Conserved En.    Temperature Pressure (bar)
    3.42293e+04   -1.23916e+05   -1.66038e+05    3.38139e+02    7.10298e+02
   Constr. rmsd
    1.90597e-06


DD  step 171999  vol min/aver 0.916  load imb.: force 11.4%
           Step           Time
         172000      344.00000

   Energies (kJ/mol)
           Bond          Angle    Proper Dih. Per. Imp. Dih.          LJ-14
    1.85607e+02    4.28439e+02    3.99188e+02    2.24232e+01    1.67332e+02
     Coulomb-14        LJ (SR)   Coulomb (SR)   Coul. recip.      Potential
    2.31066e+03    2.47179e+04   -1.87688e+05    1.38491e+03   -1.58071e+05
    Kinetic En.   Total Energy  Conserved En.    Temperature Pressure (bar)
    3.47677e+04   -1.23304e+05   -1.66041e+05    3.43457e+02    5.89984e+02
   Constr. rmsd
    2.04680e-06


DD  step 172999  vol min/aver 0.964  load imb.: force  3.4%
           Step           Time
         173000      346.00000

   Energies (kJ/mol)
           Bond          Angle    Proper Dih. Per. Imp. Dih.          LJ-14
    1.33396e+02    3.66983e+02    3.92884e+02    2.72703e+01    1.73620e+02
     Coulomb-14        LJ (SR)   Coulomb (SR)   Coul. recip.      Potential
    2.37505e+03    2.46206e+04   -1.87283e+05    1.36480e+03   -1.57829e+05
    Kinetic En.   Total Energy  Conserved En.    Temperature Pressure (bar)
    3.42041e+04   -1.23625e+05   -1.66037e+05    3.37889e+02    6.99521e+02
   Constr. rmsd
    2.43906e-06


DD  step 173999  vol min/aver 0.962  load imb.: force  1.4%
           Step           Time
         174000      348.00000

   Energies (kJ/mol)
           Bond          Angle    Proper Dih. Per. Imp. Dih.          LJ-14
    1.45440e+02    3.26321e+02    4.04858e+02    2.78598e+01    2.03976e+02
     Coulomb-14        LJ (SR)   Coulomb (SR)   Coul. recip.      Potential
    2.40447e+03    2.43834e+04   -1.86555e+05    1.32343e+03   -1.57335e+05
    Kinetic En.   Total Energy  Conserved En.    Temperature Pressure (bar)
    3.38277e+04   -1.23507e+05   -1.66021e+05    3.34171e+02    6.77585e+02
   Constr. rmsd
    3.19191e-06


DD  step 174999  vol min/aver 0.974  load imb.: force  1.7%
           Step           Time
         175000      350.00000

   Energies (kJ/mol)
           Bond          Angle    Proper Dih. Per. Imp. Dih.          LJ-14
    1.38014e+02    3.59722e+02    3.91895e+02    1.95516e+01    1.75481e+02
     Coulomb-14        LJ (SR)   Coulomb (SR)   Coul. recip.      Potential
    2.37680e+03    2.52714e+04   -1.88704e+05    1.35703e+03   -1.58615e+05
    Kinetic En.   Total Energy  Conserved En.    Temperature Pressure (bar)
    3.45436e+04   -1.24071e+05   -1.66024e+05    3.41244e+02    7.86140e+02
   Constr. rmsd
    2.19387e-06


DD  step 175999  vol min/aver 0.926  load imb.: force  3.5%
           Step           Time
         176000      352.00000

   Energies (kJ/mol)
           Bond          Angle    Proper Dih. Per. Imp. Dih.          LJ-14
    1.36256e+02    3.05774e+02    3.82215e+02    2.26956e+01    1.52403e+02
     Coulomb-14        LJ (SR)   Coulomb (SR)   Coul. recip.      Potential
    2.33197e+03    2.49664e+04   -1.88484e+05    1.30453e+03   -1.58881e+05
    Kinetic En.   Total Energy  Conserved En.    Temperature Pressure (bar)
    3.41251e+04   -1.24756e+05   -1.66012e+05    3.37110e+02    4.98466e+02
   Constr. rmsd
    2.09400e-06


step 176800 Turning off dynamic load balancing, because it is degrading performance.
Atom distribution over 4 domains: av 3029 stddev 68 min 2975 max 3083

DD  step 176999 load imb.: force  4.1%
           Step           Time
         177000      354.00000

   Energies (kJ/mol)
           Bond          Angle    Proper Dih. Per. Imp. Dih.          LJ-14
    1.48332e+02    3.22475e+02    3.96480e+02    4.14754e+01    1.82390e+02
     Coulomb-14        LJ (SR)   Coulomb (SR)   Coul. recip.      Potential
    2.37250e+03    2.52829e+04   -1.88207e+05    1.32822e+03   -1.58133e+05
    Kinetic En.   Total Energy  Conserved En.    Temperature Pressure (bar)
    3.42222e+04   -1.23910e+05   -1.66010e+05    3.38069e+02    8.75226e+02
   Constr. rmsd
    1.56607e-06


DD  step 177999 load imb.: force  3.5%
           Step           Time
         178000      356.00000

   Energies (kJ/mol)
           Bond          Angle    Proper Dih. Per. Imp. Dih.          LJ-14
    1.48315e+02    2.77050e+02    4.10307e+02    2.91172e+01    1.85408e+02
     Coulomb-14        LJ (SR)   Coulomb (SR)   Coul. recip.      Potential
    2.39916e+03    2.52445e+04   -1.88435e+05    1.32913e+03   -1.58412e+05
    Kinetic En.   Total Energy  Conserved En.    Temperature Pressure (bar)
    3.39763e+04   -1.24435e+05   -1.65999e+05    3.35640e+02    8.98390e+02
   Constr. rmsd
    2.18578e-06


DD  step 178999 load imb.: force  0.7%
           Step           Time
         179000      358.00000

   Energies (kJ/mol)
           Bond          Angle    Proper Dih. Per. Imp. Dih.          LJ-14
    1.17518e+02    3.68647e+02    3.80627e+02    2.39011e+01    1.61863e+02
     Coulomb-14        LJ (SR)   Coulomb (SR)   Coul. recip.      Potential
    2.31308e+03    2.52746e+04   -1.88181e+05    1.37723e+03   -1.58164e+05
    Kinetic En.   Total Energy  Conserved En.    Temperature Pressure (bar)
    3.41010e+04   -1.24063e+05   -1.65993e+05    3.36871e+02    8.56210e+02
   Constr. rmsd
    1.84016e-06


DD  step 179999 load imb.: force  3.3%
           Step           Time
         180000      360.00000

   Energies (kJ/mol)
           Bond          Angle    Proper Dih. Per. Imp. Dih.          LJ-14
    1.43047e+02    3.72935e+02    3.71926e+02    2.27473e+01    1.86492e+02
     Coulomb-14        LJ (SR)   Coulomb (SR)   Coul. recip.      Potential
    2.38732e+03    2.54988e+04   -1.88254e+05    1.26496e+03   -1.58006e+05
    Kinetic En.   Total Energy  Conserved En.    Temperature Pressure (bar)
    3.48679e+04   -1.23138e+05   -1.65991e+05    3.44447e+02    1.07583e+03
   Constr. rmsd
    3.83370e-06


DD  step 180999 load imb.: force  4.0%
           Step           Time
         181000      362.00000

   Energies (kJ/mol)
           Bond          Angle    Proper Dih. Per. Imp. Dih.          LJ-14
    1.60474e+02    3.39436e+02    3.85452e+02    1.78212e+01    1.78864e+02
     Coulomb-14        LJ (SR)   Coulomb (SR)   Coul. recip.      Potential
    2.33939e+03    2.54008e+04   -1.87734e+05    1.37159e+03   -1.57540e+05
    Kinetic En.   Total Energy  Conserved En.    Temperature Pressure (bar)
    3.45198e+04   -1.23020e+05   -1.65983e+05    3.41009e+02    1.02618e+03
   Constr. rmsd
    2.21604e-06


DD  step 181999 load imb.: force  2.0%
           Step           Time
         182000      364.00000

   Energies (kJ/mol)
           Bond          Angle    Proper Dih. Per. Imp. Dih.          LJ-14
    1.44463e+02    3.33471e+02    3.77726e+02    2.05455e+01    1.85853e+02
     Coulomb-14        LJ (SR)   Coulomb (SR)   Coul. recip.      Potential
    2.42054e+03    2.49152e+04   -1.87434e+05    1.38788e+03   -1.57648e+05
    Kinetic En.   Total Energy  Conserved En.    Temperature Pressure (bar)
    3.50416e+04   -1.22606e+05   -1.65979e+05    3.46163e+02    8.84429e+02
   Constr. rmsd
    2.64728e-06


DD  step 182999 load imb.: force  3.4%
           Step           Time
         183000      366.00000

   Energies (kJ/mol)
           Bond          Angle    Proper Dih. Per. Imp. Dih.          LJ-14
    1.38690e+02    3.94671e+02    3.93675e+02    2.73766e+01    1.77822e+02
     Coulomb-14        LJ (SR)   Coulomb (SR)   Coul. recip.      Potential
    2.34698e+03    2.42442e+04   -1.86628e+05    1.33515e+03   -1.57570e+05
    Kinetic En.   Total Energy  Conserved En.    Temperature Pressure (bar)
    3.48603e+04   -1.22709e+05   -1.65976e+05    3.44373e+02    5.05945e+02
   Constr. rmsd
    3.19865e-06


DD  step 183999 load imb.: force  4.8%

step 184000 Turning on dynamic load balancing, because the performance loss due to load imbalance is 2.1 %.
           Step           Time
         184000      368.00000

   Energies (kJ/mol)
           Bond          Angle    Proper Dih. Per. Imp. Dih.          LJ-14
    1.64162e+02    4.08896e+02    3.68120e+02    2.86413e+01    1.72049e+02
     Coulomb-14        LJ (SR)   Coulomb (SR)   Coul. recip.      Potential
    2.30890e+03    2.48886e+04   -1.86994e+05    1.34457e+03   -1.57310e+05
    Kinetic En.   Total Energy  Conserved En.    Temperature Pressure (bar)
    3.43581e+04   -1.22952e+05   -1.65965e+05    3.39411e+02    8.00213e+02
   Constr. rmsd
    2.18563e-06

step 184800 Turning off dynamic load balancing, because it is degrading performance.
Atom distribution over 4 domains: av 3029 stddev 71 min 2973 max 3089

DD  step 184999 load imb.: force  5.1%
           Step           Time
         185000      370.00000

   Energies (kJ/mol)
           Bond          Angle    Proper Dih. Per. Imp. Dih.          LJ-14
    1.64745e+02    3.69337e+02    3.77200e+02    2.11714e+01    1.64423e+02
     Coulomb-14        LJ (SR)   Coulomb (SR)   Coul. recip.      Potential
    2.36245e+03    2.53571e+04   -1.88022e+05    1.33079e+03   -1.57875e+05
    Kinetic En.   Total Energy  Conserved En.    Temperature Pressure (bar)
    3.46737e+04   -1.23201e+05   -1.65960e+05    3.42529e+02    9.08759e+02
   Constr. rmsd
    1.97920e-06


DD  step 185999 load imb.: force  1.7%
           Step           Time
         186000      372.00000

   Energies (kJ/mol)
           Bond          Angle    Proper Dih. Per. Imp. Dih.          LJ-14
    1.88459e+02    3.59175e+02    3.87625e+02    1.46566e+01    1.83912e+02
     Coulomb-14        LJ (SR)   Coulomb (SR)   Coul. recip.      Potential
    2.33421e+03    2.48755e+04   -1.87688e+05    1.29657e+03   -1.58047e+05
    Kinetic En.   Total Energy  Conserved En.    Temperature Pressure (bar)
    3.40545e+04   -1.23993e+05   -1.65952e+05    3.36412e+02    7.48092e+02
   Constr. rmsd
    3.61588e-06


DD  step 186999 load imb.: force  1.1%
           Step           Time
         187000      374.00000

   Energies (kJ/mol)
           Bond          Angle    Proper Dih. Per. Imp. Dih.          LJ-14
    1.68249e+02    3.67864e+02    3.98461e+02    1.24096e+01    1.88704e+02
     Coulomb-14        LJ (SR)   Coulomb (SR)   Coul. recip.      Potential
    2.35063e+03    2.48512e+04   -1.87802e+05    1.31537e+03   -1.58149e+05
    Kinetic En.   Total Energy  Conserved En.    Temperature Pressure (bar)
    3.43959e+04   -1.23753e+05   -1.65947e+05    3.39784e+02    6.91215e+02
   Constr. rmsd
    2.54882e-06


DD  step 187999 load imb.: force  2.6%

step 188000 Will no longer try dynamic load balancing, as it degraded performance.
           Step           Time
         188000      376.00000

   Energies (kJ/mol)
           Bond          Angle    Proper Dih. Per. Imp. Dih.          LJ-14
    1.61444e+02    3.11390e+02    3.85890e+02    2.73131e+01    1.87033e+02
     Coulomb-14        LJ (SR)   Coulomb (SR)   Coul. recip.      Potential
    2.38538e+03    2.40853e+04   -1.87723e+05    1.34825e+03   -1.58831e+05
    Kinetic En.   Total Energy  Conserved En.    Temperature Pressure (bar)
    3.36723e+04   -1.25159e+05   -1.65944e+05    3.32636e+02    2.04391e+02
   Constr. rmsd
    2.05970e-06


DD  step 188999 load imb.: force  2.8%
           Step           Time
         189000      378.00000

   Energies (kJ/mol)
           Bond          Angle    Proper Dih. Per. Imp. Dih.          LJ-14
    1.53393e+02    3.29758e+02    3.54745e+02    3.38919e+01    1.72821e+02
     Coulomb-14        LJ (SR)   Coulomb (SR)   Coul. recip.      Potential
    2.33024e+03    2.58970e+04   -1.89055e+05    1.25561e+03   -1.58528e+05
    Kinetic En.   Total Energy  Conserved En.    Temperature Pressure (bar)
    3.37803e+04   -1.24748e+05   -1.65930e+05    3.33703e+02    8.36931e+02
   Constr. rmsd
    2.89071e-06


DD  step 189999 load imb.: force  3.6%
           Step           Time
         190000      380.00000

   Energies (kJ/mol)
           Bond          Angle    Proper Dih. Per. Imp. Dih.          LJ-14
    1.56711e+02    3.63235e+02    3.76868e+02    2.27030e+01    1.63155e+02
     Coulomb-14        LJ (SR)   Coulomb (SR)   Coul. recip.      Potential
    2.34203e+03    2.43553e+04   -1.87549e+05    1.29834e+03   -1.58471e+05
    Kinetic En.   Total Energy  Conserved En.    Temperature Pressure (bar)
    3.42088e+04   -1.24262e+05   -1.65925e+05    3.37936e+02    4.69108e+02
   Constr. rmsd
    1.96996e-06


DD  step 190999 load imb.: force  2.0%
           Step           Time
         191000      382.00000

   Energies (kJ/mol)
           Bond          Angle    Proper Dih. Per. Imp. Dih.          LJ-14
    1.62684e+02    3.90656e+02    3.79306e+02    3.93772e+01    1.84495e+02
     Coulomb-14        LJ (SR)   Coulomb (SR)   Coul. recip.      Potential
    2.29292e+03    2.42070e+04   -1.86623e+05    1.34584e+03   -1.57620e+05
    Kinetic En.   Total Energy  Conserved En.    Temperature Pressure (bar)
    3.41109e+04   -1.23510e+05   -1.65917e+05    3.36969e+02    4.61240e+02
   Constr. rmsd
    2.12853e-06


DD  step 191999 load imb.: force  4.6%
           Step           Time
         192000      384.00000

   Energies (kJ/mol)
           Bond          Angle    Proper Dih. Per. Imp. Dih.          LJ-14
    1.67039e+02    3.12708e+02    3.89690e+02    3.85119e+01    1.65203e+02
     Coulomb-14        LJ (SR)   Coulomb (SR)   Coul. recip.      Potential
    2.37675e+03    2.49251e+04   -1.87932e+05    1.35227e+03   -1.58205e+05
    Kinetic En.   Total Energy  Conserved En.    Temperature Pressure (bar)
    3.39538e+04   -1.24251e+05   -1.65913e+05    3.35417e+02    7.11854e+02
   Constr. rmsd
    2.02850e-06


DD  step 192999 load imb.: force  4.4%
           Step           Time
         193000      386.00000

   Energies (kJ/mol)
           Bond          Angle    Proper Dih. Per. Imp. Dih.          LJ-14
    1.47592e+02    2.98853e+02    3.66025e+02    3.28533e+01    1.72611e+02
     Coulomb-14        LJ (SR)   Coulomb (SR)   Coul. recip.      Potential
    2.38855e+03    2.55229e+04   -1.88458e+05    1.30451e+03   -1.58224e+05
    Kinetic En.   Total Energy  Conserved En.    Temperature Pressure (bar)
    3.45451e+04   -1.23679e+05   -1.65909e+05    3.41258e+02    9.76746e+02
   Constr. rmsd
    3.51395e-06


DD  step 193999 load imb.: force  2.2%
           Step           Time
         194000      388.00000

   Energies (kJ/mol)
           Bond          Angle    Proper Dih. Per. Imp. Dih.          LJ-14
    1.50923e+02    4.17308e+02    3.67316e+02    2.75078e+01    1.75032e+02
     Coulomb-14        LJ (SR)   Coulomb (SR)   Coul. recip.      Potential
    2.29069e+03    2.48667e+04   -1.87463e+05    1.32304e+03   -1.57844e+05
    Kinetic En.   Total Energy  Conserved En.    Temperature Pressure (bar)
    3.46179e+04   -1.23226e+05   -1.65907e+05    3.41977e+02    7.30711e+02
   Constr. rmsd
    2.62147e-06


DD  step 194999 load imb.: force  4.1%
           Step           Time
         195000      390.00000

   Energies (kJ/mol)
           Bond          Angle    Proper Dih. Per. Imp. Dih.          LJ-14
    1.60340e+02    3.59120e+02    3.69412e+02    2.75375e+01    1.75661e+02
     Coulomb-14        LJ (SR)   Coulomb (SR)   Coul. recip.      Potential
    2.33017e+03    2.43753e+04   -1.86979e+05    1.37415e+03   -1.57808e+05
    Kinetic En.   Total Energy  Conserved En.    Temperature Pressure (bar)
    3.44499e+04   -1.23358e+05   -1.65905e+05    3.40318e+02    5.16567e+02
   Constr. rmsd
    2.97616e-06


DD  step 195999 load imb.: force  3.5%
           Step           Time
         196000      392.00000

   Energies (kJ/mol)
           Bond          Angle    Proper Dih. Per. Imp. Dih.          LJ-14
    1.67679e+02    3.34074e+02    3.90582e+02    1.76890e+01    2.11408e+02
     Coulomb-14        LJ (SR)   Coulomb (SR)   Coul. recip.      Potential
    2.34660e+03    2.52171e+04   -1.87189e+05    1.33950e+03   -1.57164e+05
    Kinetic En.   Total Energy  Conserved En.    Temperature Pressure (bar)
    3.45348e+04   -1.22629e+05   -1.65892e+05    3.41157e+02    1.21420e+03
   Constr. rmsd
    3.28122e-06


DD  step 196999 load imb.: force  2.1%
           Step           Time
         197000      394.00000

   Energies (kJ/mol)
           Bond          Angle    Proper Dih. Per. Imp. Dih.          LJ-14
    1.71211e+02    3.66151e+02    3.80140e+02    3.64646e+01    1.79036e+02
     Coulomb-14        LJ (SR)   Coulomb (SR)   Coul. recip.      Potential
    2.34488e+03    2.46232e+04   -1.86786e+05    1.34261e+03   -1.57342e+05
    Kinetic En.   Total Energy  Conserved En.    Temperature Pressure (bar)
    3.46931e+04   -1.22649e+05   -1.65888e+05    3.42720e+02    7.43368e+02
   Constr. rmsd
    2.41022e-06


DD  step 197999 load imb.: force  1.0%
           Step           Time
         198000      396.00000

   Energies (kJ/mol)
           Bond          Angle    Proper Dih. Per. Imp. Dih.          LJ-14
    1.47139e+02    3.32178e+02    3.49447e+02    2.03078e+01    1.58125e+02
     Coulomb-14        LJ (SR)   Coulomb (SR)   Coul. recip.      Potential
    2.35878e+03    2.50207e+04   -1.87851e+05    1.32720e+03   -1.58137e+05
    Kinetic En.   Total Energy  Conserved En.    Temperature Pressure (bar)
    3.43398e+04   -1.23797e+05   -1.65881e+05    3.39230e+02    6.03342e+02
   Constr. rmsd
    1.86149e-06


DD  step 198999 load imb.: force  2.1%
           Step           Time
         199000      398.00000

   Energies (kJ/mol)
           Bond          Angle    Proper Dih. Per. Imp. Dih.          LJ-14
    1.47901e+02    2.73376e+02    3.87082e+02    2.23802e+01    1.80016e+02
     Coulomb-14        LJ (SR)   Coulomb (SR)   Coul. recip.      Potential
    2.39698e+03    2.43367e+04   -1.86882e+05    1.31717e+03   -1.57821e+05
    Kinetic En.   Total Energy  Conserved En.    Temperature Pressure (bar)
    3.40982e+04   -1.23723e+05   -1.65876e+05    3.36844e+02    4.76078e+02
   Constr. rmsd
    2.46847e-06


DD  step 199999 load imb.: force  2.7%
           Step           Time
         200000      400.00000

   Energies (kJ/mol)
           Bond          Angle    Proper Dih. Per. Imp. Dih.          LJ-14
    1.28690e+02    3.42663e+02    3.82481e+02    1.64329e+01    1.76226e+02
     Coulomb-14        LJ (SR)   Coulomb (SR)   Coul. recip.      Potential
    2.35842e+03    2.49764e+04   -1.87343e+05    1.34217e+03   -1.57619e+05
    Kinetic En.   Total Energy  Conserved En.    Temperature Pressure (bar)
    3.44630e+04   -1.23156e+05   -1.65870e+05    3.40447e+02    9.80620e+02
   Constr. rmsd
    1.85842e-06


DD  step 200999 load imb.: force  1.5%
           Step           Time
         201000      402.00000

   Energies (kJ/mol)
           Bond          Angle    Proper Dih. Per. Imp. Dih.          LJ-14
    1.45528e+02    2.98391e+02    3.95664e+02    3.69130e+01    1.69141e+02
     Coulomb-14        LJ (SR)   Coulomb (SR)   Coul. recip.      Potential
    2.36972e+03    2.50812e+04   -1.88352e+05    1.37998e+03   -1.58476e+05
    Kinetic En.   Total Energy  Conserved En.    Temperature Pressure (bar)
    3.47940e+04   -1.23682e+05   -1.65861e+05    3.43717e+02    7.48370e+02
   Constr. rmsd
    1.84389e-06


DD  step 201999 load imb.: force  2.6%
           Step           Time
         202000      404.00000

   Energies (kJ/mol)
           Bond          Angle    Proper Dih. Per. Imp. Dih.          LJ-14
    1.68684e+02    2.97644e+02    3.80831e+02    2.50227e+01    1.84892e+02
     Coulomb-14        LJ (SR)   Coulomb (SR)   Coul. recip.      Potential
    2.34605e+03    2.49966e+04   -1.88250e+05    1.38091e+03   -1.58469e+05
    Kinetic En.   Total Energy  Conserved En.    Temperature Pressure (bar)
    3.40053e+04   -1.24464e+05   -1.65848e+05    3.35926e+02    7.01155e+02
   Constr. rmsd
    1.71694e-06


DD  step 202999 load imb.: force  2.6%
           Step           Time
         203000      406.00000

   Energies (kJ/mol)
           Bond          Angle    Proper Dih. Per. Imp. Dih.          LJ-14
    1.23535e+02    3.21123e+02    4.24470e+02    2.70598e+01    1.80388e+02
     Coulomb-14        LJ (SR)   Coulomb (SR)   Coul. recip.      Potential
    2.34487e+03    2.51906e+04   -1.88675e+05    1.27469e+03   -1.58788e+05
    Kinetic En.   Total Energy  Conserved En.    Temperature Pressure (bar)
    3.46651e+04   -1.24123e+05   -1.65855e+05    3.42443e+02    7.60875e+02
   Constr. rmsd
    4.38745e-06


DD  step 203999 load imb.: force  1.7%
           Step           Time
         204000      408.00000

   Energies (kJ/mol)
           Bond          Angle    Proper Dih. Per. Imp. Dih.          LJ-14
    1.69284e+02    2.92738e+02    4.21421e+02    2.15643e+01    1.80304e+02
     Coulomb-14        LJ (SR)   Coulomb (SR)   Coul. recip.      Potential
    2.39486e+03    2.48209e+04   -1.88356e+05    1.28872e+03   -1.58767e+05
    Kinetic En.   Total Energy  Conserved En.    Temperature Pressure (bar)
    3.48169e+04   -1.23950e+05   -1.65848e+05    3.43943e+02    5.22438e+02
   Constr. rmsd
    4.29104e-06


DD  step 204999 load imb.: force  2.6%
           Step           Time
         205000      410.00000

   Energies (kJ/mol)
           Bond          Angle    Proper Dih. Per. Imp. Dih.          LJ-14
    1.31765e+02    3.01902e+02    4.12266e+02    2.68540e+01    1.71728e+02
     Coulomb-14        LJ (SR)   Coulomb (SR)   Coul. recip.      Potential
    2.34901e+03    2.59001e+04   -1.89051e+05    1.39074e+03   -1.58367e+05
    Kinetic En.   Total Energy  Conserved En.    Temperature Pressure (bar)
    3.45201e+04   -1.23847e+05   -1.65842e+05    3.41011e+02    1.06541e+03
   Constr. rmsd
    3.34657e-06


DD  step 205999 load imb.: force  2.3%
           Step           Time
         206000      412.00000

   Energies (kJ/mol)
           Bond          Angle    Proper Dih. Per. Imp. Dih.          LJ-14
    1.36713e+02    3.11199e+02    3.74662e+02    1.91759e+01    1.74655e+02
     Coulomb-14        LJ (SR)   Coulomb (SR)   Coul. recip.      Potential
    2.32961e+03    2.46483e+04   -1.88161e+05    1.33533e+03   -1.58831e+05
    Kinetic En.   Total Energy  Conserved En.    Temperature Pressure (bar)
    3.42666e+04   -1.24564e+05   -1.65836e+05    3.38507e+02    4.93664e+02
   Constr. rmsd
    2.25870e-06


DD  step 206999 load imb.: force  4.6%
           Step           Time
         207000      414.00000

   Energies (kJ/mol)
           Bond          Angle    Proper Dih. Per. Imp. Dih.          LJ-14
    1.68211e+02    3.12689e+02    4.01386e+02    3.55862e+01    1.50648e+02
     Coulomb-14        LJ (SR)   Coulomb (SR)   Coul. recip.      Potential
    2.34419e+03    2.52024e+04   -1.88574e+05    1.34760e+03   -1.58611e+05
    Kinetic En.   Total Energy  Conserved En.    Temperature Pressure (bar)
    3.44051e+04   -1.24206e+05   -1.65827e+05    3.39875e+02    6.97857e+02
   Constr. rmsd
    3.28595e-06


DD  step 207999 load imb.: force  1.9%
           Step           Time
         208000      416.00000

   Energies (kJ/mol)
           Bond          Angle    Proper Dih. Per. Imp. Dih.          LJ-14
    1.19620e+02    3.10586e+02    4.07840e+02    3.24336e+01    1.79763e+02
     Coulomb-14        LJ (SR)   Coulomb (SR)   Coul. recip.      Potential
    2.39851e+03    2.45987e+04   -1.88137e+05    1.31636e+03   -1.58773e+05
    Kinetic En.   Total Energy  Conserved En.    Temperature Pressure (bar)
    3.45104e+04   -1.24263e+05   -1.65828e+05    3.40915e+02    5.48994e+02
   Constr. rmsd
    1.75685e-06


DD  step 208999 load imb.: force  3.1%
           Step           Time
         209000      418.00000

   Energies (kJ/mol)
           Bond          Angle    Proper Dih. Per. Imp. Dih.          LJ-14
    1.38141e+02    3.18294e+02    4.16851e+02    2.97579e+01    1.74085e+02
     Coulomb-14        LJ (SR)   Coulomb (SR)   Coul. recip.      Potential
    2.40377e+03    2.53157e+04   -1.88324e+05    1.28586e+03   -1.58242e+05
    Kinetic En.   Total Energy  Conserved En.    Temperature Pressure (bar)
    3.48786e+04   -1.23363e+05   -1.65820e+05    3.44553e+02    9.35640e+02
   Constr. rmsd
    2.83449e-06


DD  step 209999 load imb.: force  4.7%
           Step           Time
         210000      420.00000

   Energies (kJ/mol)
           Bond          Angle    Proper Dih. Per. Imp. Dih.          LJ-14
    1.57174e+02    2.92516e+02    4.04945e+02    3.54500e+01    1.88577e+02
     Coulomb-14        LJ (SR)   Coulomb (SR)   Coul. recip.      Potential
    2.35739e+03    2.47775e+04   -1.87616e+05    1.31165e+03   -1.58091e+05
    Kinetic En.   Total Energy  Conserved En.    Temperature Pressure (bar)
    3.44442e+04   -1.23647e+05   -1.65813e+05    3.40262e+02    7.03284e+02
   Constr. rmsd
    2.06380e-06


DD  step 210999 load imb.: force  2.5%
           Step           Time
         211000      422.00000

   Energies (kJ/mol)
           Bond          Angle    Proper Dih. Per. Imp. Dih.          LJ-14
    1.61839e+02    3.48025e+02    4.10823e+02    2.10168e+01    1.80390e+02
     Coulomb-14        LJ (SR)   Coulomb (SR)   Coul. recip.      Potential
    2.33835e+03    2.52387e+04   -1.88571e+05    1.37486e+03   -1.58497e+05
    Kinetic En.   Total Energy  Conserved En.    Temperature Pressure (bar)
    3.48032e+04   -1.23694e+05   -1.65803e+05    3.43808e+02    7.83102e+02
   Constr. rmsd
    2.18702e-06


DD  step 211999 load imb.: force  3.1%
           Step           Time
         212000      424.00000

   Energies (kJ/mol)
           Bond          Angle    Proper Dih. Per. Imp. Dih.          LJ-14
    1.73009e+02    2.87043e+02    3.74420e+02    1.81385e+01    1.72524e+02
     Coulomb-14        LJ (SR)   Coulomb (SR)   Coul. recip.      Potential
    2.35642e+03    2.51516e+04   -1.88387e+05    1.32645e+03   -1.58527e+05
    Kinetic En.   Total Energy  Conserved En.    Temperature Pressure (bar)
    3.43219e+04   -1.24205e+05   -1.65797e+05    3.39054e+02    6.65199e+02
   Constr. rmsd
    3.16139e-06


DD  step 212999 load imb.: force  2.7%
           Step           Time
         213000      426.00000

   Energies (kJ/mol)
           Bond          Angle    Proper Dih. Per. Imp. Dih.          LJ-14
    1.78355e+02    3.33815e+02    3.78668e+02    2.58280e+01    1.77502e+02
     Coulomb-14        LJ (SR)   Coulomb (SR)   Coul. recip.      Potential
    2.38375e+03    2.49693e+04   -1.88257e+05    1.29313e+03   -1.58516e+05
    Kinetic En.   Total Energy  Conserved En.    Temperature Pressure (bar)
    3.41024e+04   -1.24414e+05   -1.65784e+05    3.36885e+02    5.92953e+02
   Constr. rmsd
    1.79646e-06


DD  step 213999 load imb.: force  2.2%
           Step           Time
         214000      428.00000

   Energies (kJ/mol)
           Bond          Angle    Proper Dih. Per. Imp. Dih.          LJ-14
    1.54966e+02    3.25094e+02    3.73175e+02    3.13009e+01    1.78619e+02
     Coulomb-14        LJ (SR)   Coulomb (SR)   Coul. recip.      Potential
    2.33604e+03    2.49078e+04   -1.87172e+05    1.33936e+03   -1.57526e+05
    Kinetic En.   Total Energy  Conserved En.    Temperature Pressure (bar)
    3.46838e+04   -1.22842e+05   -1.65793e+05    3.42628e+02    8.87125e+02
   Constr. rmsd
    3.58528e-06


DD  step 214999 load imb.: force  2.7%
           Step           Time
         215000      430.00000

   Energies (kJ/mol)
           Bond          Angle    Proper Dih. Per. Imp. Dih.          LJ-14
    1.70265e+02    3.18261e+02    3.78084e+02    2.49685e+01    1.71035e+02
     Coulomb-14        LJ (SR)   Coulomb (SR)   Coul. recip.      Potential
    2.37533e+03    2.43181e+04   -1.86365e+05    1.36981e+03   -1.57239e+05
    Kinetic En.   Total Energy  Conserved En.    Temperature Pressure (bar)
    3.48274e+04   -1.22411e+05   -1.65780e+05    3.44047e+02    6.21899e+02
   Constr. rmsd
    3.01147e-06


DD  step 215999 load imb.: force  9.5%
           Step           Time
         216000      432.00000

   Energies (kJ/mol)
           Bond          Angle    Proper Dih. Per. Imp. Dih.          LJ-14
    1.53643e+02    3.62618e+02    3.96054e+02    1.42351e+01    1.70758e+02
     Coulomb-14        LJ (SR)   Coulomb (SR)   Coul. recip.      Potential
    2.31811e+03    2.46569e+04   -1.86812e+05    1.31182e+03   -1.57428e+05
    Kinetic En.   Total Energy  Conserved En.    Temperature Pressure (bar)
    3.47434e+04   -1.22684e+05   -1.65774e+05    3.43217e+02    7.34302e+02
   Constr. rmsd
    3.04974e-06


DD  step 216999 load imb.: force  2.4%
           Step           Time
         217000      434.00000

   Energies (kJ/mol)
           Bond          Angle    Proper Dih. Per. Imp. Dih.          LJ-14
    1.67375e+02    3.26509e+02    3.85968e+02    1.18447e+01    1.72678e+02
     Coulomb-14        LJ (SR)   Coulomb (SR)   Coul. recip.      Potential
    2.32345e+03    2.48774e+04   -1.88066e+05    1.31732e+03   -1.58483e+05
    Kinetic En.   Total Energy  Conserved En.    Temperature Pressure (bar)
    3.49381e+04   -1.23545e+05   -1.65776e+05    3.45141e+02    5.98393e+02
   Constr. rmsd
    2.35410e-06


DD  step 217999 load imb.: force  2.0%
           Step           Time
         218000      436.00000

   Energies (kJ/mol)
           Bond          Angle    Proper Dih. Per. Imp. Dih.          LJ-14
    1.34368e+02    3.65477e+02    4.06757e+02    1.42697e+01    1.70337e+02
     Coulomb-14        LJ (SR)   Coulomb (SR)   Coul. recip.      Potential
    2.38823e+03    2.45086e+04   -1.86974e+05    1.28747e+03   -1.57698e+05
    Kinetic En.   Total Energy  Conserved En.    Temperature Pressure (bar)
    3.43225e+04   -1.23376e+05   -1.65768e+05    3.39059e+02    6.53676e+02
   Constr. rmsd
    2.16160e-06


DD  step 218999 load imb.: force 16.6%
           Step           Time
         219000      438.00000

   Energies (kJ/mol)
           Bond          Angle    Proper Dih. Per. Imp. Dih.          LJ-14
    1.35337e+02    3.98822e+02    4.08930e+02    2.65751e+01    1.87801e+02
     Coulomb-14        LJ (SR)   Coulomb (SR)   Coul. recip.      Potential
    2.36170e+03    2.49854e+04   -1.87406e+05    1.35478e+03   -1.57547e+05
    Kinetic En.   Total Energy  Conserved En.    Temperature Pressure (bar)
    3.43938e+04   -1.23153e+05   -1.65755e+05    3.39764e+02    8.57420e+02
   Constr. rmsd
    2.57797e-06


DD  step 219999 load imb.: force  3.0%
           Step           Time
         220000      440.00000

   Energies (kJ/mol)
           Bond          Angle    Proper Dih. Per. Imp. Dih.          LJ-14
    1.44666e+02    3.19762e+02    3.74564e+02    2.20185e+01    1.62844e+02
     Coulomb-14        LJ (SR)   Coulomb (SR)   Coul. recip.      Potential
    2.31026e+03    2.57303e+04   -1.88959e+05    1.31148e+03   -1.58583e+05
    Kinetic En.   Total Energy  Conserved En.    Temperature Pressure (bar)
    3.46205e+04   -1.23963e+05   -1.65751e+05    3.42003e+02    1.04369e+03
   Constr. rmsd
    2.37260e-06


DD  step 220999 load imb.: force  3.5%
           Step           Time
         221000      442.00000

   Energies (kJ/mol)
           Bond          Angle    Proper Dih. Per. Imp. Dih.          LJ-14
    1.46022e+02    3.51712e+02    3.83213e+02    2.01543e+01    1.91850e+02
     Coulomb-14        LJ (SR)   Coulomb (SR)   Coul. recip.      Potential
    2.39165e+03    2.49264e+04   -1.87567e+05    1.32242e+03   -1.57834e+05
    Kinetic En.   Total Energy  Conserved En.    Temperature Pressure (bar)
    3.43929e+04   -1.23441e+05   -1.65744e+05    3.39755e+02    8.46531e+02
   Constr. rmsd
    2.39862e-06


DD  step 221999 load imb.: force  2.6%
           Step           Time
         222000      444.00000

   Energies (kJ/mol)
           Bond          Angle    Proper Dih. Per. Imp. Dih.          LJ-14
    1.63389e+02    3.04691e+02    3.71143e+02    2.56107e+01    1.66907e+02
     Coulomb-14        LJ (SR)   Coulomb (SR)   Coul. recip.      Potential
    2.34142e+03    2.49503e+04   -1.87326e+05    1.33972e+03   -1.57663e+05
    Kinetic En.   Total Energy  Conserved En.    Temperature Pressure (bar)
    3.40785e+04   -1.23585e+05   -1.65740e+05    3.36649e+02    7.64533e+02
   Constr. rmsd
    2.33857e-06


DD  step 222999 load imb.: force  4.2%
           Step           Time
         223000      446.00000

   Energies (kJ/mol)
           Bond          Angle    Proper Dih. Per. Imp. Dih.          LJ-14
    1.51532e+02    3.12526e+02    3.44753e+02    2.70143e+01    1.69228e+02
     Coulomb-14        LJ (SR)   Coulomb (SR)   Coul. recip.      Potential
    2.34209e+03    2.52913e+04   -1.88272e+05    1.31402e+03   -1.58319e+05
    Kinetic En.   Total Energy  Conserved En.    Temperature Pressure (bar)
    3.48252e+04   -1.23494e+05   -1.65743e+05    3.44026e+02    9.02918e+02
   Constr. rmsd
    3.15248e-06


DD  step 223999 load imb.: force  3.0%
           Step           Time
         224000      448.00000

   Energies (kJ/mol)
           Bond          Angle    Proper Dih. Per. Imp. Dih.          LJ-14
    1.18333e+02    3.50342e+02    3.72438e+02    2.84724e+01    1.91650e+02
     Coulomb-14        LJ (SR)   Coulomb (SR)   Coul. recip.      Potential
    2.40364e+03    2.51214e+04   -1.87488e+05    1.33416e+03   -1.57567e+05
    Kinetic En.   Total Energy  Conserved En.    Temperature Pressure (bar)
    3.46578e+04   -1.22909e+05   -1.65734e+05    3.42371e+02    9.33172e+02
   Constr. rmsd
    2.10965e-06


DD  step 224999 load imb.: force  3.7%
           Step           Time
         225000      450.00000

   Energies (kJ/mol)
           Bond          Angle    Proper Dih. Per. Imp. Dih.          LJ-14
    1.56192e+02    3.09129e+02    3.60924e+02    2.05697e+01    2.07880e+02
     Coulomb-14        LJ (SR)   Coulomb (SR)   Coul. recip.      Potential
    2.38628e+03    2.50801e+04   -1.88065e+05    1.29808e+03   -1.58246e+05
    Kinetic En.   Total Energy  Conserved En.    Temperature Pressure (bar)
    3.47300e+04   -1.23516e+05   -1.65731e+05    3.43085e+02    9.13287e+02
   Constr. rmsd
    2.42684e-06


DD  step 225999 load imb.: force 15.0%
           Step           Time
         226000      452.00000

   Energies (kJ/mol)
           Bond          Angle    Proper Dih. Per. Imp. Dih.          LJ-14
    1.26401e+02    2.68574e+02    4.08556e+02    1.37263e+01    1.73370e+02
     Coulomb-14        LJ (SR)   Coulomb (SR)   Coul. recip.      Potential
    2.37637e+03    2.48843e+04   -1.88104e+05    1.31387e+03   -1.58539e+05
    Kinetic En.   Total Energy  Conserved En.    Temperature Pressure (bar)
    3.47865e+04   -1.23752e+05   -1.65729e+05    3.43643e+02    7.46837e+02
   Constr. rmsd
    3.81637e-06


DD  step 226999 load imb.: force  4.5%
           Step           Time
         227000      454.00000

   Energies (kJ/mol)
           Bond          Angle    Proper Dih. Per. Imp. Dih.          LJ-14
    1.39070e+02    3.14051e+02    3.81526e+02    2.41600e+01    1.90468e+02
     Coulomb-14        LJ (SR)   Coulomb (SR)   Coul. recip.      Potential
    2.32826e+03    2.54265e+04   -1.88520e+05    1.35280e+03   -1.58363e+05
    Kinetic En.   Total Energy  Conserved En.    Temperature Pressure (bar)
    3.40943e+04   -1.24269e+05   -1.65707e+05    3.36805e+02    9.34471e+02
   Constr. rmsd
    2.65026e-06


DD  step 227999 load imb.: force  2.7%
           Step           Time
         228000      456.00000

   Energies (kJ/mol)
           Bond          Angle    Proper Dih. Per. Imp. Dih.          LJ-14
    1.94065e+02    3.07631e+02    3.85847e+02    1.88650e+01    1.84911e+02
     Coulomb-14        LJ (SR)   Coulomb (SR)   Coul. recip.      Potential
    2.34931e+03    2.44146e+04   -1.87222e+05    1.27758e+03   -1.58089e+05
    Kinetic En.   Total Energy  Conserved En.    Temperature Pressure (bar)
    3.47250e+04   -1.23364e+05   -1.65709e+05    3.43036e+02    5.23944e+02
   Constr. rmsd
    3.93749e-06


DD  step 228999 load imb.: force  3.2%
           Step           Time
         229000      458.00000

   Energies (kJ/mol)
           Bond          Angle    Proper Dih. Per. Imp. Dih.          LJ-14
    1.39791e+02    3.89131e+02    3.70008e+02    1.88650e+01    1.93204e+02
     Coulomb-14        LJ (SR)   Coulomb (SR)   Coul. recip.      Potential
    2.36587e+03    2.54478e+04   -1.88149e+05    1.30809e+03   -1.57916e+05
    Kinetic En.   Total Energy  Conserved En.    Temperature Pressure (bar)
    3.41650e+04   -1.23751e+05   -1.65700e+05    3.37504e+02    8.88200e+02
   Constr. rmsd
    2.12244e-06


DD  step 229999 load imb.: force  5.9%
           Step           Time
         230000      460.00000

   Energies (kJ/mol)
           Bond          Angle    Proper Dih. Per. Imp. Dih.          LJ-14
    1.42660e+02    3.27183e+02    3.60845e+02    2.05490e+01    1.78633e+02
     Coulomb-14        LJ (SR)   Coulomb (SR)   Coul. recip.      Potential
    2.35638e+03    2.50059e+04   -1.88084e+05    1.33026e+03   -1.58361e+05
    Kinetic En.   Total Energy  Conserved En.    Temperature Pressure (bar)
    3.42507e+04   -1.24110e+05   -1.65705e+05    3.38350e+02    7.79830e+02
   Constr. rmsd
    2.02955e-06


DD  step 230999 load imb.: force  5.0%
           Step           Time
         231000      462.00000

   Energies (kJ/mol)
           Bond          Angle    Proper Dih. Per. Imp. Dih.          LJ-14
    1.56668e+02    3.21381e+02    4.03552e+02    2.02526e+01    1.77714e+02
     Coulomb-14        LJ (SR)   Coulomb (SR)   Coul. recip.      Potential
    2.37826e+03    2.43965e+04   -1.87702e+05    1.32595e+03   -1.58522e+05
    Kinetic En.   Total Energy  Conserved En.    Temperature Pressure (bar)
    3.42657e+04   -1.24256e+05   -1.65692e+05    3.38499e+02    4.16145e+02
   Constr. rmsd
    2.82276e-06


DD  step 231999 load imb.: force  0.9%
           Step           Time
         232000      464.00000

   Energies (kJ/mol)
           Bond          Angle    Proper Dih. Per. Imp. Dih.          LJ-14
    1.58888e+02    3.42834e+02    3.70870e+02    2.82516e+01    1.78257e+02
     Coulomb-14        LJ (SR)   Coulomb (SR)   Coul. recip.      Potential
    2.31063e+03    2.49681e+04   -1.87422e+05    1.30128e+03   -1.57763e+05
    Kinetic En.   Total Energy  Conserved En.    Temperature Pressure (bar)
    3.45354e+04   -1.23227e+05   -1.65686e+05    3.41162e+02    7.88758e+02
   Constr. rmsd
    2.07474e-06


DD  step 232999 load imb.: force  2.6%
           Step           Time
         233000      466.00000

   Energies (kJ/mol)
           Bond          Angle    Proper Dih. Per. Imp. Dih.          LJ-14
    1.40963e+02    3.38862e+02    3.93235e+02    2.68324e+01    1.76031e+02
     Coulomb-14        LJ (SR)   Coulomb (SR)   Coul. recip.      Potential
    2.38128e+03    2.56017e+04   -1.88324e+05    1.30220e+03   -1.57963e+05
    Kinetic En.   Total Energy  Conserved En.    Temperature Pressure (bar)
    3.44663e+04   -1.23497e+05   -1.65677e+05    3.40480e+02    1.06170e+03
   Constr. rmsd
    2.23267e-06


DD  step 233999 load imb.: force  3.4%
           Step           Time
         234000      468.00000

   Energies (kJ/mol)
           Bond          Angle    Proper Dih. Per. Imp. Dih.          LJ-14
    1.51046e+02    3.34953e+02    3.86780e+02    1.86917e+01    1.73242e+02
     Coulomb-14        LJ (SR)   Coulomb (SR)   Coul. recip.      Potential
    2.33977e+03    2.43403e+04   -1.86888e+05    1.31767e+03   -1.57826e+05
    Kinetic En.   Total Energy  Conserved En.    Temperature Pressure (bar)
    3.45644e+04   -1.23261e+05   -1.65670e+05    3.41449e+02    5.68998e+02
   Constr. rmsd
    2.07723e-06


DD  step 234999 load imb.: force  3.8%
           Step           Time
         235000      470.00000

   Energies (kJ/mol)
           Bond          Angle    Proper Dih. Per. Imp. Dih.          LJ-14
    1.07312e+02    3.33964e+02    3.51883e+02    2.07843e+01    1.89828e+02
     Coulomb-14        LJ (SR)   Coulomb (SR)   Coul. recip.      Potential
    2.36939e+03    2.54829e+04   -1.88181e+05    1.32646e+03   -1.57999e+05
    Kinetic En.   Total Energy  Conserved En.    Temperature Pressure (bar)
    3.44038e+04   -1.23595e+05   -1.65670e+05    3.39862e+02    1.08873e+03
   Constr. rmsd
    2.55803e-06


DD  step 235999 load imb.: force  4.0%
           Step           Time
         236000      472.00000

   Energies (kJ/mol)
           Bond          Angle    Proper Dih. Per. Imp. Dih.          LJ-14
    1.77616e+02    3.30259e+02    3.93929e+02    1.97464e+01    1.92127e+02
     Coulomb-14        LJ (SR)   Coulomb (SR)   Coul. recip.      Potential
    2.32698e+03    2.57936e+04   -1.88696e+05    1.31032e+03   -1.58151e+05
    Kinetic En.   Total Energy  Conserved En.    Temperature Pressure (bar)
    3.41825e+04   -1.23969e+05   -1.65656e+05    3.37676e+02    1.12759e+03
   Constr. rmsd
    1.49471e-06


DD  step 236999 load imb.: force  4.2%
           Step           Time
         237000      474.00000

   Energies (kJ/mol)
           Bond          Angle    Proper Dih. Per. Imp. Dih.          LJ-14
    1.52940e+02    3.11069e+02    3.82411e+02    2.00914e+01    1.66191e+02
     Coulomb-14        LJ (SR)   Coulomb (SR)   Coul. recip.      Potential
    2.39855e+03    2.53700e+04   -1.88763e+05    1.32413e+03   -1.58637e+05
    Kinetic En.   Total Energy  Conserved En.    Temperature Pressure (bar)
    3.46157e+04   -1.24021e+05   -1.65653e+05    3.41956e+02    7.85303e+02
   Constr. rmsd
    1.94656e-06


DD  step 237999 load imb.: force  4.1%
           Step           Time
         238000      476.00000

   Energies (kJ/mol)
           Bond          Angle    Proper Dih. Per. Imp. Dih.          LJ-14
    1.29251e+02    3.05983e+02    3.78849e+02    2.63489e+01    1.78706e+02
     Coulomb-14        LJ (SR)   Coulomb (SR)   Coul. recip.      Potential
    2.37344e+03    2.47962e+04   -1.87851e+05    1.33645e+03   -1.58326e+05
    Kinetic En.   Total Energy  Conserved En.    Temperature Pressure (bar)
    3.42814e+04   -1.24044e+05   -1.65648e+05    3.38654e+02    6.30971e+02
   Constr. rmsd
    2.23418e-06


DD  step 238999 load imb.: force  2.0%
           Step           Time
         239000      478.00000

   Energies (kJ/mol)
           Bond          Angle    Proper Dih. Per. Imp. Dih.          LJ-14
    1.48651e+02    2.91733e+02    3.85916e+02    1.32215e+01    1.73653e+02
     Coulomb-14        LJ (SR)   Coulomb (SR)   Coul. recip.      Potential
    2.35995e+03    2.57475e+04   -1.89051e+05    1.35557e+03   -1.58575e+05
    Kinetic En.   Total Energy  Conserved En.    Temperature Pressure (bar)
    3.41755e+04   -1.24400e+05   -1.65652e+05    3.37607e+02    8.76450e+02
   Constr. rmsd
    1.63121e-06


DD  step 239999 load imb.: force  2.4%
           Step           Time
         240000      480.00000

   Energies (kJ/mol)
           Bond          Angle    Proper Dih. Per. Imp. Dih.          LJ-14
    1.58847e+02    3.84836e+02    3.81034e+02    1.97804e+01    1.74320e+02
     Coulomb-14        LJ (SR)   Coulomb (SR)   Coul. recip.      Potential
    2.32454e+03    2.52106e+04   -1.87831e+05    1.32280e+03   -1.57855e+05
    Kinetic En.   Total Energy  Conserved En.    Temperature Pressure (bar)
    3.48648e+04   -1.22990e+05   -1.65630e+05    3.44416e+02    9.63303e+02
   Constr. rmsd
    3.82954e-06


DD  step 240999 load imb.: force  3.0%
           Step           Time
         241000      482.00000

   Energies (kJ/mol)
           Bond          Angle    Proper Dih. Per. Imp. Dih.          LJ-14
    1.89381e+02    3.50944e+02    3.68217e+02    3.56741e+01    1.99647e+02
     Coulomb-14        LJ (SR)   Coulomb (SR)   Coul. recip.      Potential
    2.33794e+03    2.46779e+04   -1.87154e+05    1.37237e+03   -1.57622e+05
    Kinetic En.   Total Energy  Conserved En.    Temperature Pressure (bar)
    3.48380e+04   -1.22784e+05   -1.65633e+05    3.44152e+02    8.41386e+02
   Constr. rmsd
    3.01670e-06


DD  step 241999 load imb.: force  1.3%
           Step           Time
         242000      484.00000

   Energies (kJ/mol)
           Bond          Angle    Proper Dih. Per. Imp. Dih.          LJ-14
    1.75740e+02    3.09690e+02    3.83887e+02    2.10921e+01    1.95391e+02
     Coulomb-14        LJ (SR)   Coulomb (SR)   Coul. recip.      Potential
    2.35970e+03    2.48158e+04   -1.88241e+05    1.36927e+03   -1.58611e+05
    Kinetic En.   Total Energy  Conserved En.    Temperature Pressure (bar)
    3.48573e+04   -1.23753e+05   -1.65628e+05    3.44342e+02    6.90365e+02
   Constr. rmsd
    2.53120e-06


DD  step 242999 load imb.: force  3.8%
           Step           Time
         243000      486.00000

   Energies (kJ/mol)
           Bond          Angle    Proper Dih. Per. Imp. Dih.          LJ-14
    1.98866e+02    3.85375e+02    3.92505e+02    1.32024e+01    1.74268e+02
     Coulomb-14        LJ (SR)   Coulomb (SR)   Coul. recip.      Potential
    2.27401e+03    2.43341e+04   -1.87179e+05    1.37162e+03   -1.58035e+05
    Kinetic En.   Total Energy  Conserved En.    Temperature Pressure (bar)
    3.50092e+04   -1.23026e+05   -1.65626e+05    3.45843e+02    5.28059e+02
   Constr. rmsd
    2.40533e-06


DD  step 243999 load imb.: force  1.3%
           Step           Time
         244000      488.00000

   Energies (kJ/mol)
           Bond          Angle    Proper Dih. Per. Imp. Dih.          LJ-14
    1.69167e+02    3.46113e+02    3.96902e+02    1.62730e+01    1.75694e+02
     Coulomb-14        LJ (SR)   Coulomb (SR)   Coul. recip.      Potential
    2.34043e+03    2.55721e+04   -1.88035e+05    1.32255e+03   -1.57696e+05
    Kinetic En.   Total Energy  Conserved En.    Temperature Pressure (bar)
    3.44201e+04   -1.23276e+05   -1.65616e+05    3.40024e+02    9.53684e+02
   Constr. rmsd
    2.93625e-06


DD  step 244999 load imb.: force  1.6%
           Step           Time
         245000      490.00000

   Energies (kJ/mol)
           Bond          Angle    Proper Dih. Per. Imp. Dih.          LJ-14
    1.42415e+02    3.55886e+02    4.14071e+02    2.48185e+01    1.69698e+02
     Coulomb-14        LJ (SR)   Coulomb (SR)   Coul. recip.      Potential
    2.36380e+03    2.52847e+04   -1.88101e+05    1.24165e+03   -1.58104e+05
    Kinetic En.   Total Energy  Conserved En.    Temperature Pressure (bar)
    3.47256e+04   -1.23378e+05   -1.65607e+05    3.43041e+02    1.01512e+03
   Constr. rmsd
    2.36996e-06


DD  step 245999 load imb.: force  2.4%
           Step           Time
         246000      492.00000

   Energies (kJ/mol)
           Bond          Angle    Proper Dih. Per. Imp. Dih.          LJ-14
    1.61601e+02    3.37915e+02    4.10901e+02    2.40925e+01    1.87031e+02
     Coulomb-14        LJ (SR)   Coulomb (SR)   Coul. recip.      Potential
    2.38483e+03    2.50696e+04   -1.88082e+05    1.29493e+03   -1.58211e+05
    Kinetic En.   Total Energy  Conserved En.    Temperature Pressure (bar)
    3.46779e+04   -1.23533e+05   -1.65612e+05    3.42570e+02    7.30323e+02
   Constr. rmsd
    1.86969e-06


DD  step 246999 load imb.: force  2.4%
           Step           Time
         247000      494.00000

   Energies (kJ/mol)
           Bond          Angle    Proper Dih. Per. Imp. Dih.          LJ-14
    1.28954e+02    3.06861e+02    3.77936e+02    2.91109e+01    1.90909e+02
     Coulomb-14        LJ (SR)   Coulomb (SR)   Coul. recip.      Potential
    2.41520e+03    2.55145e+04   -1.88296e+05    1.35599e+03   -1.57976e+05
    Kinetic En.   Total Energy  Conserved En.    Temperature Pressure (bar)
    3.47184e+04   -1.23258e+05   -1.65605e+05    3.42971e+02    1.09920e+03
   Constr. rmsd
    3.18719e-06


DD  step 247999 load imb.: force  3.2%
           Step           Time
         248000      496.00000

   Energies (kJ/mol)
           Bond          Angle    Proper Dih. Per. Imp. Dih.          LJ-14
    1.59667e+02    3.66724e+02    3.69298e+02    2.03296e+01    1.94166e+02
     Coulomb-14        LJ (SR)   Coulomb (SR)   Coul. recip.      Potential
    2.34023e+03    2.50081e+04   -1.87400e+05    1.33455e+03   -1.57607e+05
    Kinetic En.   Total Energy  Conserved En.    Temperature Pressure (bar)
    3.50848e+04   -1.22522e+05   -1.65596e+05    3.46590e+02    1.07803e+03
   Constr. rmsd
    4.51709e-06


DD  step 248999 load imb.: force  2.3%
           Step           Time
         249000      498.00000

   Energies (kJ/mol)
           Bond          Angle    Proper Dih. Per. Imp. Dih.          LJ-14
    1.51337e+02    3.34746e+02    3.77608e+02    1.81011e+01    1.82259e+02
     Coulomb-14        LJ (SR)   Coulomb (SR)   Coul. recip.      Potential
    2.39151e+03    2.41876e+04   -1.86512e+05    1.30025e+03   -1.57569e+05
    Kinetic En.   Total Energy  Conserved En.    Temperature Pressure (bar)
    3.43756e+04   -1.23193e+05   -1.65588e+05    3.39583e+02    5.64897e+02
   Constr. rmsd
    3.40295e-06


DD  step 249999 load imb.: force  3.1%
           Step           Time
         250000      500.00000

   Energies (kJ/mol)
           Bond          Angle    Proper Dih. Per. Imp. Dih.          LJ-14
    1.59535e+02    3.41014e+02    3.67888e+02    1.80382e+01    1.91047e+02
     Coulomb-14        LJ (SR)   Coulomb (SR)   Coul. recip.      Potential
    2.39305e+03    2.49435e+04   -1.87229e+05    1.32875e+03   -1.57486e+05
    Kinetic En.   Total Energy  Conserved En.    Temperature Pressure (bar)
    3.40143e+04   -1.23472e+05   -1.65580e+05    3.36015e+02    8.29274e+02
   Constr. rmsd
    4.32215e-06


DD  step 250999 load imb.: force 19.1%
           Step           Time
         251000      502.00000

   Energies (kJ/mol)
           Bond          Angle    Proper Dih. Per. Imp. Dih.          LJ-14
    1.54997e+02    3.13868e+02    3.73927e+02    1.97088e+01    1.92554e+02
     Coulomb-14        LJ (SR)   Coulomb (SR)   Coul. recip.      Potential
    2.37389e+03    2.54894e+04   -1.88815e+05    1.36786e+03   -1.58529e+05
    Kinetic En.   Total Energy  Conserved En.    Temperature Pressure (bar)
    3.48009e+04   -1.23728e+05   -1.65571e+05    3.43786e+02    9.81396e+02
   Constr. rmsd
    3.12056e-06


DD  step 251999 load imb.: force  4.1%
           Step           Time
         252000      504.00000

   Energies (kJ/mol)
           Bond          Angle    Proper Dih. Per. Imp. Dih.          LJ-14
    1.45561e+02    3.12673e+02    4.16332e+02    3.08767e+01    1.84504e+02
     Coulomb-14        LJ (SR)   Coulomb (SR)   Coul. recip.      Potential
    2.36165e+03    2.52179e+04   -1.88302e+05    1.26797e+03   -1.58365e+05
    Kinetic En.   Total Energy  Conserved En.    Temperature Pressure (bar)
    3.39607e+04   -1.24404e+05   -1.65561e+05    3.35486e+02    8.87575e+02
   Constr. rmsd
    3.03755e-06


DD  step 252999 load imb.: force  3.8%
           Step           Time
         253000      506.00000

   Energies (kJ/mol)
           Bond          Angle    Proper Dih. Per. Imp. Dih.          LJ-14
    1.73914e+02    3.43372e+02    4.07477e+02    3.20173e+01    1.69325e+02
     Coulomb-14        LJ (SR)   Coulomb (SR)   Coul. recip.      Potential
    2.37555e+03    2.50341e+04   -1.87809e+05    1.30961e+03   -1.57964e+05
    Kinetic En.   Total Energy  Conserved En.    Temperature Pressure (bar)
    3.43489e+04   -1.23615e+05   -1.65553e+05    3.39320e+02    8.10952e+02
   Constr. rmsd
    2.61978e-06


DD  step 253999 load imb.: force  2.3%
           Step           Time
         254000      508.00000

   Energies (kJ/mol)
           Bond          Angle    Proper Dih. Per. Imp. Dih.          LJ-14
    1.85360e+02    3.37300e+02    3.63018e+02    3.26998e+01    1.68061e+02
     Coulomb-14        LJ (SR)   Coulomb (SR)   Coul. recip.      Potential
    2.30882e+03    2.52089e+04   -1.87947e+05    1.31235e+03   -1.58030e+05
    Kinetic En.   Total Energy  Conserved En.    Temperature Pressure (bar)
    3.46967e+04   -1.23333e+05   -1.65561e+05    3.42756e+02    8.20035e+02
   Constr. rmsd
    4.49348e-06


DD  step 254999 load imb.: force  5.5%
           Step           Time
         255000      510.00000

   Energies (kJ/mol)
           Bond          Angle    Proper Dih. Per. Imp. Dih.          LJ-14
    1.42035e+02    3.93160e+02    3.53851e+02    2.63001e+01    1.77025e+02
     Coulomb-14        LJ (SR)   Coulomb (SR)   Coul. recip.      Potential
    2.34530e+03    2.59227e+04   -1.88751e+05    1.29375e+03   -1.58097e+05
    Kinetic En.   Total Energy  Conserved En.    Temperature Pressure (bar)
    3.46782e+04   -1.23419e+05   -1.65543e+05    3.42573e+02    1.17146e+03
   Constr. rmsd
    2.58295e-06


DD  step 255999 load imb.: force 15.8%
           Step           Time
         256000      512.00000

   Energies (kJ/mol)
           Bond          Angle    Proper Dih. Per. Imp. Dih.          LJ-14
    1.60186e+02    3.42786e+02    3.97313e+02    1.14092e+01    1.66786e+02
     Coulomb-14        LJ (SR)   Coulomb (SR)   Coul. recip.      Potential
    2.35979e+03    2.53402e+04   -1.88598e+05    1.29595e+03   -1.58523e+05
    Kinetic En.   Total Energy  Conserved En.    Temperature Pressure (bar)
    3.45226e+04   -1.24001e+05   -1.65537e+05    3.41036e+02    8.24889e+02
   Constr. rmsd
    4.16202e-06


DD  step 256999 load imb.: force  4.8%
           Step           Time
         257000      514.00000

   Energies (kJ/mol)
           Bond          Angle    Proper Dih. Per. Imp. Dih.          LJ-14
    1.29341e+02    3.44337e+02    3.90822e+02    1.76862e+01    2.01039e+02
     Coulomb-14        LJ (SR)   Coulomb (SR)   Coul. recip.      Potential
    2.37402e+03    2.61674e+04   -1.89034e+05    1.32670e+03   -1.58083e+05
    Kinetic En.   Total Energy  Conserved En.    Temperature Pressure (bar)
    3.39981e+04   -1.24085e+05   -1.65537e+05    3.35855e+02    1.32894e+03
   Constr. rmsd
    2.68930e-06


DD  step 257999 load imb.: force  2.6%
           Step           Time
         258000      516.00000

   Energies (kJ/mol)
           Bond          Angle    Proper Dih. Per. Imp. Dih.          LJ-14
    1.36001e+02    3.54154e+02    3.64370e+02    1.93861e+01    1.63724e+02
     Coulomb-14        LJ (SR)   Coulomb (SR)   Coul. recip.      Potential
    2.33986e+03    2.57887e+04   -1.88688e+05    1.31219e+03   -1.58210e+05
    Kinetic En.   Total Energy  Conserved En.    Temperature Pressure (bar)
    3.43359e+04   -1.23874e+05   -1.65528e+05    3.39192e+02    1.16609e+03
   Constr. rmsd
    2.98257e-06


DD  step 258999 load imb.: force 19.8%
           Step           Time
         259000      518.00000

   Energies (kJ/mol)
           Bond          Angle    Proper Dih. Per. Imp. Dih.          LJ-14
    1.85588e+02    3.89210e+02    3.76659e+02    2.09797e+01    1.69420e+02
     Coulomb-14        LJ (SR)   Coulomb (SR)   Coul. recip.      Potential
    2.26552e+03    2.47597e+04   -1.87084e+05    1.35966e+03   -1.57557e+05
    Kinetic En.   Total Energy  Conserved En.    Temperature Pressure (bar)
    3.40432e+04   -1.23514e+05   -1.65519e+05    3.36300e+02    6.82809e+02
   Constr. rmsd
    2.23717e-06


DD  step 259999 load imb.: force  1.9%
           Step           Time
         260000      520.00000

   Energies (kJ/mol)
           Bond          Angle    Proper Dih. Per. Imp. Dih.          LJ-14
    1.49696e+02    3.64032e+02    3.88484e+02    2.40667e+01    1.79351e+02
     Coulomb-14        LJ (SR)   Coulomb (SR)   Coul. recip.      Potential
    2.32848e+03    2.55059e+04   -1.88800e+05    1.31632e+03   -1.58543e+05
    Kinetic En.   Total Energy  Conserved En.    Temperature Pressure (bar)
    3.48829e+04   -1.23660e+05   -1.65517e+05    3.44595e+02    8.95994e+02
   Constr. rmsd
    1.98551e-06


DD  step 260999 load imb.: force 13.7%
           Step           Time
         261000      522.00000

   Energies (kJ/mol)
           Bond          Angle    Proper Dih. Per. Imp. Dih.          LJ-14
    1.90445e+02    3.70801e+02    3.73770e+02    2.56411e+01    1.90683e+02
     Coulomb-14        LJ (SR)   Coulomb (SR)   Coul. recip.      Potential
    2.32647e+03    2.44555e+04   -1.87102e+05    1.29681e+03   -1.57872e+05
    Kinetic En.   Total Energy  Conserved En.    Temperature Pressure (bar)
    3.42895e+04   -1.23583e+05   -1.65506e+05    3.38734e+02    5.44913e+02
   Constr. rmsd
    2.77102e-06


DD  step 261999 load imb.: force  3.2%
           Step           Time
         262000      524.00000

   Energies (kJ/mol)
           Bond          Angle    Proper Dih. Per. Imp. Dih.          LJ-14
    1.17476e+02    3.31026e+02    3.66530e+02    1.75613e+01    1.89737e+02
     Coulomb-14        LJ (SR)   Coulomb (SR)   Coul. recip.      Potential
    2.35713e+03    2.51937e+04   -1.88488e+05    1.32558e+03   -1.58589e+05
    Kinetic En.   Total Energy  Conserved En.    Temperature Pressure (bar)
    3.44747e+04   -1.24114e+05   -1.65514e+05    3.40563e+02    8.61006e+02
   Constr. rmsd
    3.69702e-06


DD  step 262999 load imb.: force  2.4%
           Step           Time
         263000      526.00000

   Energies (kJ/mol)
           Bond          Angle    Proper Dih. Per. Imp. Dih.          LJ-14
    1.32767e+02    3.47732e+02    3.43935e+02    1.53808e+01    1.68563e+02
     Coulomb-14        LJ (SR)   Coulomb (SR)   Coul. recip.      Potential
    2.35650e+03    2.48345e+04   -1.88257e+05    1.30247e+03   -1.58755e+05
    Kinetic En.   Total Energy  Conserved En.    Temperature Pressure (bar)
    3.40025e+04   -1.24753e+05   -1.65504e+05    3.35898e+02    5.33334e+02
   Constr. rmsd
    2.33383e-06


DD  step 263999 load imb.: force  4.1%
           Step           Time
         264000      528.00000

   Energies (kJ/mol)
           Bond          Angle    Proper Dih. Per. Imp. Dih.          LJ-14
    1.41104e+02    3.09697e+02    3.44686e+02    1.75482e+01    1.71458e+02
     Coulomb-14        LJ (SR)   Coulomb (SR)   Coul. recip.      Potential
    2.34312e+03    2.44615e+04   -1.87550e+05    1.34806e+03   -1.58413e+05
    Kinetic En.   Total Energy  Conserved En.    Temperature Pressure (bar)
    3.33903e+04   -1.25023e+05   -1.65490e+05    3.29851e+02    3.92687e+02
   Constr. rmsd
    1.79070e-06


DD  step 264999 load imb.: force  3.0%
           Step           Time
         265000      530.00000

   Energies (kJ/mol)
           Bond          Angle    Proper Dih. Per. Imp. Dih.          LJ-14
    1.27781e+02    3.39557e+02    3.80752e+02    2.61484e+01    1.65066e+02
     Coulomb-14        LJ (SR)   Coulomb (SR)   Coul. recip.      Potential
    2.32004e+03    2.52888e+04   -1.88513e+05    1.32295e+03   -1.58542e+05
    Kinetic En.   Total Energy  Conserved En.    Temperature Pressure (bar)
    3.42941e+04   -1.24248e+05   -1.65495e+05    3.38778e+02    7.88403e+02
   Constr. rmsd
    2.11023e-06


DD  step 265999 load imb.: force  2.3%
           Step           Time
         266000      532.00000

   Energies (kJ/mol)
           Bond          Angle    Proper Dih. Per. Imp. Dih.          LJ-14
    1.49550e+02    3.15168e+02    3.58300e+02    1.81178e+01    1.66777e+02
     Coulomb-14        LJ (SR)   Coulomb (SR)   Coul. recip.      Potential
    2.34041e+03    2.48164e+04   -1.88196e+05    1.29504e+03   -1.58736e+05
    Kinetic En.   Total Energy  Conserved En.    Temperature Pressure (bar)
    3.42415e+04   -1.24494e+05   -1.65486e+05    3.38259e+02    5.03150e+02
   Constr. rmsd
    2.59428e-06


DD  step 266999 load imb.: force  2.8%
           Step           Time
         267000      534.00000

   Energies (kJ/mol)
           Bond          Angle    Proper Dih. Per. Imp. Dih.          LJ-14
    1.67063e+02    3.59370e+02    3.75017e+02    1.84515e+01    1.70175e+02
     Coulomb-14        LJ (SR)   Coulomb (SR)   Coul. recip.      Potential
    2.35703e+03    2.52386e+04   -1.88145e+05    1.29371e+03   -1.58165e+05
    Kinetic En.   Total Energy  Conserved En.    Temperature Pressure (bar)
    3.44639e+04   -1.23702e+05   -1.65467e+05    3.40456e+02    7.68765e+02
   Constr. rmsd
    2.69761e-06


DD  step 267999 load imb.: force  4.6%
           Step           Time
         268000      536.00000

   Energies (kJ/mol)
           Bond          Angle    Proper Dih. Per. Imp. Dih.          LJ-14
    1.66915e+02    3.31397e+02    3.83337e+02    1.96756e+01    2.03513e+02
     Coulomb-14        LJ (SR)   Coulomb (SR)   Coul. recip.      Potential
    2.36828e+03    2.51972e+04   -1.88520e+05    1.44463e+03   -1.58405e+05
    Kinetic En.   Total Energy  Conserved En.    Temperature Pressure (bar)
    3.48269e+04   -1.23578e+05   -1.65461e+05    3.44042e+02    7.48266e+02
   Constr. rmsd
    3.58821e-06


DD  step 268999 load imb.: force  2.6%
           Step           Time
         269000      538.00000

   Energies (kJ/mol)
           Bond          Angle    Proper Dih. Per. Imp. Dih.          LJ-14
    1.73078e+02    3.36061e+02    4.16024e+02    2.27097e+01    1.80658e+02
     Coulomb-14        LJ (SR)   Coulomb (SR)   Coul. recip.      Potential
    2.37137e+03    2.43793e+04   -1.86941e+05    1.32435e+03   -1.57737e+05
    Kinetic En.   Total Energy  Conserved En.    Temperature Pressure (bar)
    3.39200e+04   -1.23817e+05   -1.65463e+05    3.35083e+02    5.94230e+02
   Constr. rmsd
    2.63915e-06


DD  step 269999 load imb.: force  4.6%
           Step           Time
         270000      540.00000

   Energies (kJ/mol)
           Bond          Angle    Proper Dih. Per. Imp. Dih.          LJ-14
    1.55840e+02    3.16556e+02    3.98578e+02    2.64301e+01    1.95071e+02
     Coulomb-14        LJ (SR)   Coulomb (SR)   Coul. recip.      Potential
    2.33404e+03    2.51301e+04   -1.88208e+05    1.38301e+03   -1.58268e+05
    Kinetic En.   Total Energy  Conserved En.    Temperature Pressure (bar)
    3.47467e+04   -1.23522e+05   -1.65463e+05    3.43250e+02    8.29380e+02
   Constr. rmsd
    3.00031e-06


DD  step 270999 load imb.: force  1.3%
           Step           Time
         271000      542.00000

   Energies (kJ/mol)
           Bond          Angle    Proper Dih. Per. Imp. Dih.          LJ-14
    1.71617e+02    3.05915e+02    3.87414e+02    1.63305e+01    1.68135e+02
     Coulomb-14        LJ (SR)   Coulomb (SR)   Coul. recip.      Potential
    2.35473e+03    2.51374e+04   -1.87712e+05    1.31705e+03   -1.57853e+05
    Kinetic En.   Total Energy  Conserved En.    Temperature Pressure (bar)
    3.42797e+04   -1.23573e+05   -1.65451e+05    3.38637e+02    8.19986e+02
   Constr. rmsd
    2.50364e-06


DD  step 271999 load imb.: force 19.2%
           Step           Time
         272000      544.00000

   Energies (kJ/mol)
           Bond          Angle    Proper Dih. Per. Imp. Dih.          LJ-14
    1.41599e+02    2.96586e+02    4.11610e+02    1.18294e+01    1.73950e+02
     Coulomb-14        LJ (SR)   Coulomb (SR)   Coul. recip.      Potential
    2.31975e+03    2.44281e+04   -1.87378e+05    1.28380e+03   -1.58311e+05
    Kinetic En.   Total Energy  Conserved En.    Temperature Pressure (bar)
    3.46134e+04   -1.23698e+05   -1.65455e+05    3.41933e+02    3.98561e+02
   Constr. rmsd
    4.24355e-06


DD  step 272999 load imb.: force  3.4%
           Step           Time
         273000      546.00000

   Energies (kJ/mol)
           Bond          Angle    Proper Dih. Per. Imp. Dih.          LJ-14
    1.42637e+02    3.72592e+02    3.85155e+02    2.43220e+01    1.85414e+02
     Coulomb-14        LJ (SR)   Coulomb (SR)   Coul. recip.      Potential
    2.35428e+03    2.52082e+04   -1.88036e+05    1.29159e+03   -1.58072e+05
    Kinetic En.   Total Energy  Conserved En.    Temperature Pressure (bar)
    3.40803e+04   -1.23991e+05   -1.65437e+05    3.36666e+02    9.78385e+02
   Constr. rmsd
    2.37929e-06


DD  step 273999 load imb.: force  4.4%
           Step           Time
         274000      548.00000

   Energies (kJ/mol)
           Bond          Angle    Proper Dih. Per. Imp. Dih.          LJ-14
    1.40597e+02    3.31676e+02    3.77313e+02    1.76169e+01    1.79044e+02
     Coulomb-14        LJ (SR)   Coulomb (SR)   Coul. recip.      Potential
    2.34292e+03    2.48743e+04   -1.88039e+05    1.34350e+03   -1.58432e+05
    Kinetic En.   Total Energy  Conserved En.    Temperature Pressure (bar)
    3.44261e+04   -1.24006e+05   -1.65435e+05    3.40083e+02    7.06253e+02
   Constr. rmsd
    1.53051e-06


DD  step 274999 load imb.: force  3.8%
           Step           Time
         275000      550.00000

   Energies (kJ/mol)
           Bond          Angle    Proper Dih. Per. Imp. Dih.          LJ-14
    1.53409e+02    3.58009e+02    3.93665e+02    2.41721e+01    1.66073e+02
     Coulomb-14        LJ (SR)   Coulomb (SR)   Coul. recip.      Potential
    2.33679e+03    2.54976e+04   -1.88784e+05    1.32259e+03   -1.58532e+05
    Kinetic En.   Total Energy  Conserved En.    Temperature Pressure (bar)
    3.47042e+04   -1.23828e+05   -1.65426e+05    3.42830e+02    8.09059e+02
   Constr. rmsd
    3.06888e-06


DD  step 275999 load imb.: force 19.2%
           Step           Time
         276000      552.00000

   Energies (kJ/mol)
           Bond          Angle    Proper Dih. Per. Imp. Dih.          LJ-14
    1.74976e+02    3.38021e+02    3.72900e+02    2.60778e+01    1.85289e+02
     Coulomb-14        LJ (SR)   Coulomb (SR)   Coul. recip.      Potential
    2.33111e+03    2.43023e+04   -1.87278e+05    1.32601e+03   -1.58221e+05
    Kinetic En.   Total Energy  Conserved En.    Temperature Pressure (bar)
    3.45302e+04   -1.23691e+05   -1.65422e+05    3.41111e+02    4.43459e+02
   Constr. rmsd
    2.96520e-06


DD  step 276999 load imb.: force  1.3%
           Step           Time
         277000      554.00000

   Energies (kJ/mol)
           Bond          Angle    Proper Dih. Per. Imp. Dih.          LJ-14
    1.60785e+02    2.98292e+02    3.88721e+02    1.68234e+01    1.71556e+02
     Coulomb-14        LJ (SR)   Coulomb (SR)   Coul. recip.      Potential
    2.31569e+03    2.42216e+04   -1.86672e+05    1.28332e+03   -1.57815e+05
    Kinetic En.   Total Energy  Conserved En.    Temperature Pressure (bar)
    3.43407e+04   -1.23474e+05   -1.65420e+05    3.39239e+02    3.61432e+02
   Constr. rmsd
    2.63796e-06


DD  step 277999 load imb.: force  2.2%
           Step           Time
         278000      556.00000

   Energies (kJ/mol)
           Bond          Angle    Proper Dih. Per. Imp. Dih.          LJ-14
    1.85648e+02    3.57998e+02    3.68814e+02    1.67701e+01    1.62777e+02
     Coulomb-14        LJ (SR)   Coulomb (SR)   Coul. recip.      Potential
    2.30898e+03    2.46394e+04   -1.87685e+05    1.32257e+03   -1.58322e+05
    Kinetic En.   Total Energy  Conserved En.    Temperature Pressure (bar)
    3.49288e+04   -1.23393e+05   -1.65407e+05    3.45049e+02    5.78957e+02
   Constr. rmsd
    1.99564e-06


DD  step 278999 load imb.: force  3.2%
           Step           Time
         279000      558.00000

   Energies (kJ/mol)
           Bond          Angle    Proper Dih. Per. Imp. Dih.          LJ-14
    1.61059e+02    3.32746e+02    3.75153e+02    4.03413e+01    1.93406e+02
     Coulomb-14        LJ (SR)   Coulomb (SR)   Coul. recip.      Potential
    2.28608e+03    2.58282e+04   -1.89229e+05    1.37280e+03   -1.58639e+05
    Kinetic En.   Total Energy  Conserved En.    Temperature Pressure (bar)
    3.45608e+04   -1.24078e+05   -1.65397e+05    3.41413e+02    1.04220e+03
   Constr. rmsd
    1.71339e-06


DD  step 279999 load imb.: force 17.3%
           Step           Time
         280000      560.00000

   Energies (kJ/mol)
           Bond          Angle    Proper Dih. Per. Imp. Dih.          LJ-14
    1.51929e+02    3.10837e+02    3.70731e+02    1.79076e+01    1.80974e+02
     Coulomb-14        LJ (SR)   Coulomb (SR)   Coul. recip.      Potential
    2.31501e+03    2.49746e+04   -1.88407e+05    1.28896e+03   -1.58796e+05
    Kinetic En.   Total Energy  Conserved En.    Temperature Pressure (bar)
    3.43225e+04   -1.24473e+05   -1.65400e+05    3.39060e+02    5.15519e+02
   Constr. rmsd
    2.34296e-06


DD  step 280999 load imb.: force  4.2%
           Step           Time
         281000      562.00000

   Energies (kJ/mol)
           Bond          Angle    Proper Dih. Per. Imp. Dih.          LJ-14
    1.42236e+02    3.44720e+02    3.84215e+02    3.22436e+01    1.66786e+02
     Coulomb-14        LJ (SR)   Coulomb (SR)   Coul. recip.      Potential
    2.31472e+03    2.51165e+04   -1.87713e+05    1.39748e+03   -1.57814e+05
    Kinetic En.   Total Energy  Conserved En.    Temperature Pressure (bar)
    3.44046e+04   -1.23409e+05   -1.65382e+05    3.39870e+02    8.82551e+02
   Constr. rmsd
    1.91045e-06


DD  step 281999 load imb.: force  2.2%
           Step           Time
         282000      564.00000

   Energies (kJ/mol)
           Bond          Angle    Proper Dih. Per. Imp. Dih.          LJ-14
    1.15101e+02    3.58390e+02    3.79646e+02    4.16620e+01    1.86389e+02
     Coulomb-14        LJ (SR)   Coulomb (SR)   Coul. recip.      Potential
    2.33338e+03    2.42946e+04   -1.87080e+05    1.30722e+03   -1.58064e+05
    Kinetic En.   Total Energy  Conserved En.    Temperature Pressure (bar)
    3.45677e+04   -1.23496e+05   -1.65375e+05    3.41481e+02    5.98040e+02
   Constr. rmsd
    2.62651e-06


DD  step 282999 load imb.: force  2.8%
           Step           Time
         283000      566.00000

   Energies (kJ/mol)
           Bond          Angle    Proper Dih. Per. Imp. Dih.          LJ-14
    1.64001e+02    3.60617e+02    4.03671e+02    3.49256e+01    1.62891e+02
     Coulomb-14        LJ (SR)   Coulomb (SR)   Coul. recip.      Potential
    2.32564e+03    2.57212e+04   -1.88489e+05    1.35151e+03   -1.57965e+05
    Kinetic En.   Total Energy  Conserved En.    Temperature Pressure (bar)
    3.43981e+04   -1.23567e+05   -1.65368e+05    3.39806e+02    1.02492e+03
   Constr. rmsd
    1.78329e-06


DD  step 283999 load imb.: force 21.8%
           Step           Time
         284000      568.00000

   Energies (kJ/mol)
           Bond          Angle    Proper Dih. Per. Imp. Dih.          LJ-14
    1.71095e+02    3.06998e+02    3.84530e+02    2.06516e+01    1.66764e+02
     Coulomb-14        LJ (SR)   Coulomb (SR)   Coul. recip.      Potential
    2.32536e+03    2.56825e+04   -1.89148e+05    1.38007e+03   -1.58710e+05
    Kinetic En.   Total Energy  Conserved En.    Temperature Pressure (bar)
    3.44007e+04   -1.24309e+05   -1.65366e+05    3.39832e+02    9.23508e+02
   Constr. rmsd
    2.46463e-06


DD  step 284999 load imb.: force  1.9%
           Step           Time
         285000      570.00000

   Energies (kJ/mol)
           Bond          Angle    Proper Dih. Per. Imp. Dih.          LJ-14
    1.28763e+02    3.60262e+02    3.59985e+02    1.79072e+01    1.78297e+02
     Coulomb-14        LJ (SR)   Coulomb (SR)   Coul. recip.      Potential
    2.30338e+03    2.44607e+04   -1.87351e+05    1.36344e+03   -1.58178e+05
    Kinetic En.   Total Energy  Conserved En.    Temperature Pressure (bar)
    3.40133e+04   -1.24165e+05   -1.65363e+05    3.36005e+02    5.36185e+02
   Constr. rmsd
    1.45821e-06


DD  step 285999 load imb.: force  3.6%
           Step           Time
         286000      572.00000

   Energies (kJ/mol)
           Bond          Angle    Proper Dih. Per. Imp. Dih.          LJ-14
    1.84214e+02    3.00983e+02    3.72232e+02    2.34533e+01    1.76005e+02
     Coulomb-14        LJ (SR)   Coulomb (SR)   Coul. recip.      Potential
    2.32339e+03    2.54588e+04   -1.88486e+05    1.40580e+03   -1.58241e+05
    Kinetic En.   Total Energy  Conserved En.    Temperature Pressure (bar)
    3.41374e+04   -1.24104e+05   -1.65355e+05    3.37231e+02    8.01080e+02
   Constr. rmsd
    3.17029e-06


DD  step 286999 load imb.: force  3.3%
           Step           Time
         287000      574.00000

   Energies (kJ/mol)
           Bond          Angle    Proper Dih. Per. Imp. Dih.          LJ-14
    1.32871e+02    2.92153e+02    3.87441e+02    2.24467e+01    1.85500e+02
     Coulomb-14        LJ (SR)   Coulomb (SR)   Coul. recip.      Potential
    2.35918e+03    2.45086e+04   -1.87157e+05    1.38422e+03   -1.57884e+05
    Kinetic En.   Total Energy  Conserved En.    Temperature Pressure (bar)
    3.41503e+04   -1.23734e+05   -1.65360e+05    3.37358e+02    6.36378e+02
   Constr. rmsd
    2.79320e-06


DD  step 287999 load imb.: force 19.4%
           Step           Time
         288000      576.00000

   Energies (kJ/mol)
           Bond          Angle    Proper Dih. Per. Imp. Dih.          LJ-14
    1.59061e+02    2.86732e+02    3.90068e+02    2.08133e+01    1.94903e+02
     Coulomb-14        LJ (SR)   Coulomb (SR)   Coul. recip.      Potential
    2.34408e+03    2.55331e+04   -1.88790e+05    1.27334e+03   -1.58588e+05
    Kinetic En.   Total Energy  Conserved En.    Temperature Pressure (bar)
    3.42874e+04   -1.24300e+05   -1.65339e+05    3.38713e+02    1.05206e+03
   Constr. rmsd
    3.33581e-06


DD  step 288999 load imb.: force  2.6%
           Step           Time
         289000      578.00000

   Energies (kJ/mol)
           Bond          Angle    Proper Dih. Per. Imp. Dih.          LJ-14
    1.74386e+02    3.53182e+02    3.54388e+02    1.59571e+01    1.77306e+02
     Coulomb-14        LJ (SR)   Coulomb (SR)   Coul. recip.      Potential
    2.30206e+03    2.53356e+04   -1.88491e+05    1.29145e+03   -1.58487e+05
    Kinetic En.   Total Energy  Conserved En.    Temperature Pressure (bar)
    3.45952e+04   -1.23892e+05   -1.65343e+05    3.41754e+02    8.57732e+02
   Constr. rmsd
    2.60722e-06


DD  step 289999 load imb.: force  1.5%
           Step           Time
         290000      580.00000

   Energies (kJ/mol)
           Bond          Angle    Proper Dih. Per. Imp. Dih.          LJ-14
    1.50187e+02    3.30340e+02    3.61670e+02    1.87642e+01    1.82830e+02
     Coulomb-14        LJ (SR)   Coulomb (SR)   Coul. recip.      Potential
    2.30583e+03    2.50612e+04   -1.87648e+05    1.31972e+03   -1.57917e+05
    Kinetic En.   Total Energy  Conserved En.    Temperature Pressure (bar)
    3.44154e+04   -1.23502e+05   -1.65336e+05    3.39977e+02    8.51121e+02
   Constr. rmsd
    2.64542e-06


DD  step 290999 load imb.: force  1.8%
           Step           Time
         291000      582.00000

   Energies (kJ/mol)
           Bond          Angle    Proper Dih. Per. Imp. Dih.          LJ-14
    1.58115e+02    3.90262e+02    3.71289e+02    2.92826e+01    1.67612e+02
     Coulomb-14        LJ (SR)   Coulomb (SR)   Coul. recip.      Potential
    2.29187e+03    2.46457e+04   -1.87510e+05    1.27462e+03   -1.58181e+05
    Kinetic En.   Total Energy  Conserved En.    Temperature Pressure (bar)
    3.46150e+04   -1.23566e+05   -1.65329e+05    3.41949e+02    5.39003e+02
   Constr. rmsd
    3.70753e-06


DD  step 291999 load imb.: force  2.9%
           Step           Time
         292000      584.00000

   Energies (kJ/mol)
           Bond          Angle    Proper Dih. Per. Imp. Dih.          LJ-14
    1.62312e+02    3.55531e+02    4.02342e+02    1.85394e+01    2.00260e+02
     Coulomb-14        LJ (SR)   Coulomb (SR)   Coul. recip.      Potential
    2.33818e+03    2.54530e+04   -1.87799e+05    1.30482e+03   -1.57564e+05
    Kinetic En.   Total Energy  Conserved En.    Temperature Pressure (bar)
    3.43948e+04   -1.23169e+05   -1.65321e+05    3.39773e+02    1.06270e+03
   Constr. rmsd
    2.13143e-06


DD  step 292999 load imb.: force  3.6%
           Step           Time
         293000      586.00000

   Energies (kJ/mol)
           Bond          Angle    Proper Dih. Per. Imp. Dih.          LJ-14
    1.73792e+02    3.31602e+02    3.66888e+02    1.52701e+01    1.59910e+02
     Coulomb-14        LJ (SR)   Coulomb (SR)   Coul. recip.      Potential
    2.32468e+03    2.53208e+04   -1.88091e+05    1.26648e+03   -1.58131e+05
    Kinetic En.   Total Energy  Conserved En.    Temperature Pressure (bar)
    3.44844e+04   -1.23647e+05   -1.65316e+05    3.40659e+02    8.48534e+02
   Constr. rmsd
    3.06497e-06


DD  step 293999 load imb.: force  2.4%
           Step           Time
         294000      588.00000

   Energies (kJ/mol)
           Bond          Angle    Proper Dih. Per. Imp. Dih.          LJ-14
    2.04356e+02    3.62128e+02    3.67341e+02    1.47187e+01    1.92867e+02
     Coulomb-14        LJ (SR)   Coulomb (SR)   Coul. recip.      Potential
    2.33073e+03    2.45462e+04   -1.87544e+05    1.30380e+03   -1.58222e+05
    Kinetic En.   Total Energy  Conserved En.    Temperature Pressure (bar)
    3.43905e+04   -1.23831e+05   -1.65306e+05    3.39731e+02    6.89824e+02
   Constr. rmsd
    1.85379e-06


DD  step 294999 load imb.: force  2.8%
           Step           Time
         295000      590.00000

   Energies (kJ/mol)
           Bond          Angle    Proper Dih. Per. Imp. Dih.          LJ-14
    1.36657e+02    3.42675e+02    3.95216e+02    3.41025e+01    1.74895e+02
     Coulomb-14        LJ (SR)   Coulomb (SR)   Coul. recip.      Potential
    2.33361e+03    2.49277e+04   -1.87466e+05    1.34543e+03   -1.57776e+05
    Kinetic En.   Total Energy  Conserved En.    Temperature Pressure (bar)
    3.43725e+04   -1.23403e+05   -1.65302e+05    3.39554e+02    7.32539e+02
   Constr. rmsd
    2.73757e-06


DD  step 295999 load imb.: force  9.1%
           Step           Time
         296000      592.00000

   Energies (kJ/mol)
           Bond          Angle    Proper Dih. Per. Imp. Dih.          LJ-14
    1.43951e+02    3.53469e+02    3.72624e+02    2.17881e+01    1.77992e+02
     Coulomb-14        LJ (SR)   Coulomb (SR)   Coul. recip.      Potential
    2.35653e+03    2.52477e+04   -1.88637e+05    1.30315e+03   -1.58660e+05
    Kinetic En.   Total Energy  Conserved En.    Temperature Pressure (bar)
    3.45291e+04   -1.24131e+05   -1.65298e+05    3.41100e+02    8.28388e+02
   Constr. rmsd
    2.14965e-06


DD  step 296999 load imb.: force  2.4%
           Step           Time
         297000      594.00000

   Energies (kJ/mol)
           Bond          Angle    Proper Dih. Per. Imp. Dih.          LJ-14
    1.25718e+02    3.49934e+02    3.82669e+02    2.57413e+01    1.70318e+02
     Coulomb-14        LJ (SR)   Coulomb (SR)   Coul. recip.      Potential
    2.34505e+03    2.50997e+04   -1.87663e+05    1.34594e+03   -1.57818e+05
    Kinetic En.   Total Energy  Conserved En.    Temperature Pressure (bar)
    3.41340e+04   -1.23684e+05   -1.65291e+05    3.37198e+02    7.74603e+02
   Constr. rmsd
    2.25039e-06


DD  step 297999 load imb.: force  2.4%
           Step           Time
         298000      596.00000

   Energies (kJ/mol)
           Bond          Angle    Proper Dih. Per. Imp. Dih.          LJ-14
    1.30542e+02    3.74535e+02    3.70913e+02    2.19356e+01    1.84664e+02
     Coulomb-14        LJ (SR)   Coulomb (SR)   Coul. recip.      Potential
    2.27990e+03    2.44466e+04   -1.86446e+05    1.36237e+03   -1.57275e+05
    Kinetic En.   Total Energy  Conserved En.    Temperature Pressure (bar)
    3.42556e+04   -1.23019e+05   -1.65283e+05    3.38398e+02    7.12566e+02
   Constr. rmsd
    2.50694e-06


DD  step 298999 load imb.: force  2.7%
           Step           Time
         299000      598.00000

   Energies (kJ/mol)
           Bond          Angle    Proper Dih. Per. Imp. Dih.          LJ-14
    1.34879e+02    3.70902e+02    3.82617e+02    1.74679e+01    1.93357e+02
     Coulomb-14        LJ (SR)   Coulomb (SR)   Coul. recip.      Potential
    2.35444e+03    2.50908e+04   -1.87448e+05    1.33113e+03   -1.57572e+05
    Kinetic En.   Total Energy  Conserved En.    Temperature Pressure (bar)
    3.40138e+04   -1.23559e+05   -1.65277e+05    3.36010e+02    9.12477e+02
   Constr. rmsd
    3.24309e-06


DD  step 299999 load imb.: force  1.2%
           Step           Time
         300000      600.00000

   Energies (kJ/mol)
           Bond          Angle    Proper Dih. Per. Imp. Dih.          LJ-14
    1.72886e+02    2.64128e+02    3.86046e+02    1.56059e+01    1.67603e+02
     Coulomb-14        LJ (SR)   Coulomb (SR)   Coul. recip.      Potential
    2.30540e+03    2.45433e+04   -1.87881e+05    1.30774e+03   -1.58718e+05
    Kinetic En.   Total Energy  Conserved En.    Temperature Pressure (bar)
    3.43970e+04   -1.24321e+05   -1.65287e+05    3.39796e+02    4.01947e+02
   Constr. rmsd
    1.69644e-06


DD  step 300999 load imb.: force  2.9%
           Step           Time
         301000      602.00000

   Energies (kJ/mol)
           Bond          Angle    Proper Dih. Per. Imp. Dih.          LJ-14
    1.44277e+02    2.88952e+02    4.01296e+02    3.95944e+01    1.80666e+02
     Coulomb-14        LJ (SR)   Coulomb (SR)   Coul. recip.      Potential
    2.33626e+03    2.47154e+04   -1.88003e+05    1.25702e+03   -1.58640e+05
    Kinetic En.   Total Energy  Conserved En.    Temperature Pressure (bar)
    3.45151e+04   -1.24125e+05   -1.65279e+05    3.40962e+02    6.03146e+02
   Constr. rmsd
    2.93264e-06


DD  step 301999 load imb.: force  2.4%
           Step           Time
         302000      604.00000

   Energies (kJ/mol)
           Bond          Angle    Proper Dih. Per. Imp. Dih.          LJ-14
    1.65976e+02    2.99290e+02    4.32183e+02    3.12690e+01    1.68744e+02
     Coulomb-14        LJ (SR)   Coulomb (SR)   Coul. recip.      Potential
    2.35174e+03    2.46088e+04   -1.87306e+05    1.37714e+03   -1.57870e+05
    Kinetic En.   Total Energy  Conserved En.    Temperature Pressure (bar)
    3.37306e+04   -1.24140e+05   -1.65261e+05    3.33212e+02    4.92850e+02
   Constr. rmsd
    3.53939e-06


DD  step 302999 load imb.: force  3.7%
           Step           Time
         303000      606.00000

   Energies (kJ/mol)
           Bond          Angle    Proper Dih. Per. Imp. Dih.          LJ-14
    1.08766e+02    2.88833e+02    3.82467e+02    1.48216e+01    1.98709e+02
     Coulomb-14        LJ (SR)   Coulomb (SR)   Coul. recip.      Potential
    2.32063e+03    2.50175e+04   -1.87779e+05    1.32302e+03   -1.58125e+05
    Kinetic En.   Total Energy  Conserved En.    Temperature Pressure (bar)
    3.35240e+04   -1.24601e+05   -1.65264e+05    3.31172e+02    8.11644e+02
   Constr. rmsd
    4.48641e-06


DD  step 303999 load imb.: force  2.3%
           Step           Time
         304000      608.00000

   Energies (kJ/mol)
           Bond          Angle    Proper Dih. Per. Imp. Dih.          LJ-14
    1.58883e+02    3.39543e+02    3.80506e+02    3.17281e+01    1.68034e+02
     Coulomb-14        LJ (SR)   Coulomb (SR)   Coul. recip.      Potential
    2.33024e+03    2.52244e+04   -1.87859e+05    1.30810e+03   -1.57918e+05
    Kinetic En.   Total Energy  Conserved En.    Temperature Pressure (bar)
    3.41065e+04   -1.23811e+05   -1.65248e+05    3.36926e+02    9.83569e+02
   Constr. rmsd
    2.00496e-06


DD  step 304999 load imb.: force  4.0%
           Step           Time
         305000      610.00000

   Energies (kJ/mol)
           Bond          Angle    Proper Dih. Per. Imp. Dih.          LJ-14
    1.45593e+02    3.17744e+02    4.00972e+02    2.28926e+01    1.83107e+02
     Coulomb-14        LJ (SR)   Coulomb (SR)   Coul. recip.      Potential
    2.31506e+03    2.48310e+04   -1.88166e+05    1.30910e+03   -1.58641e+05
    Kinetic En.   Total Energy  Conserved En.    Temperature Pressure (bar)
    3.43324e+04   -1.24308e+05   -1.65244e+05    3.39158e+02    6.32980e+02
   Constr. rmsd
    3.97772e-06


DD  step 305999 load imb.: force  2.8%
           Step           Time
         306000      612.00000

   Energies (kJ/mol)
           Bond          Angle    Proper Dih. Per. Imp. Dih.          LJ-14
    1.18945e+02    3.19600e+02    3.93724e+02    2.26897e+01    1.79918e+02
     Coulomb-14        LJ (SR)   Coulomb (SR)   Coul. recip.      Potential
    2.34440e+03    2.47725e+04   -1.87901e+05    1.34251e+03   -1.58406e+05
    Kinetic En.   Total Energy  Conserved En.    Temperature Pressure (bar)
    3.42454e+04   -1.24161e+05   -1.65241e+05    3.38298e+02    7.84969e+02
   Constr. rmsd
    2.14562e-06


DD  step 306999 load imb.: force 11.3%
           Step           Time
         307000      614.00000

   Energies (kJ/mol)
           Bond          Angle    Proper Dih. Per. Imp. Dih.          LJ-14
    1.49593e+02    3.16606e+02    3.84210e+02    1.61712e+01    1.78776e+02
     Coulomb-14        LJ (SR)   Coulomb (SR)   Coul. recip.      Potential
    2.33919e+03    2.52044e+04   -1.88002e+05    1.32108e+03   -1.58092e+05
    Kinetic En.   Total Energy  Conserved En.    Temperature Pressure (bar)
    3.43016e+04   -1.23790e+05   -1.65232e+05    3.38853e+02    7.78512e+02
   Constr. rmsd
    2.64762e-06


DD  step 307999 load imb.: force  5.9%
           Step           Time
         308000      616.00000

   Energies (kJ/mol)
           Bond          Angle    Proper Dih. Per. Imp. Dih.          LJ-14
    1.80268e+02    3.20673e+02    3.88899e+02    1.99637e+01    1.65128e+02
     Coulomb-14        LJ (SR)   Coulomb (SR)   Coul. recip.      Potential
    2.29293e+03    2.62853e+04   -1.89443e+05    1.35618e+03   -1.58434e+05
    Kinetic En.   Total Energy  Conserved En.    Temperature Pressure (bar)
    3.50798e+04   -1.23354e+05   -1.65231e+05    3.46540e+02    1.28069e+03
   Constr. rmsd
    2.00927e-06


DD  step 308999 load imb.: force  3.0%
           Step           Time
         309000      618.00000

   Energies (kJ/mol)
           Bond          Angle    Proper Dih. Per. Imp. Dih.          LJ-14
    1.54100e+02    3.40866e+02    4.17029e+02    2.83109e+01    1.73369e+02
     Coulomb-14        LJ (SR)   Coulomb (SR)   Coul. recip.      Potential
    2.32253e+03    2.53739e+04   -1.88052e+05    1.32720e+03   -1.57914e+05
    Kinetic En.   Total Energy  Conserved En.    Temperature Pressure (bar)
    3.50162e+04   -1.22898e+05   -1.65224e+05    3.45912e+02    9.18539e+02
   Constr. rmsd
    2.98787e-06


DD  step 309999 load imb.: force  2.5%
           Step           Time
         310000      620.00000

   Energies (kJ/mol)
           Bond          Angle    Proper Dih. Per. Imp. Dih.          LJ-14
    1.40206e+02    3.25022e+02    3.89439e+02    1.26874e+01    1.79300e+02
     Coulomb-14        LJ (SR)   Coulomb (SR)   Coul. recip.      Potential
    2.30999e+03    2.48316e+04   -1.86885e+05    1.31178e+03   -1.57385e+05
    Kinetic En.   Total Energy  Conserved En.    Temperature Pressure (bar)
    3.41304e+04   -1.23255e+05   -1.65220e+05    3.37161e+02    8.17478e+02
   Constr. rmsd
    2.30663e-06


DD  step 310999 load imb.: force  3.6%
           Step           Time
         311000      622.00000

   Energies (kJ/mol)
           Bond          Angle    Proper Dih. Per. Imp. Dih.          LJ-14
    1.46896e+02    3.30755e+02    3.68522e+02    1.44208e+01    1.71981e+02
     Coulomb-14        LJ (SR)   Coulomb (SR)   Coul. recip.      Potential
    2.32331e+03    2.48450e+04   -1.87504e+05    1.41544e+03   -1.57888e+05
    Kinetic En.   Total Energy  Conserved En.    Temperature Pressure (bar)
    3.41443e+04   -1.23744e+05   -1.65217e+05    3.37299e+02    6.31400e+02
   Constr. rmsd
    3.94898e-06


DD  step 311999 load imb.: force  1.2%
           Step           Time
         312000      624.00000

   Energies (kJ/mol)
           Bond          Angle    Proper Dih. Per. Imp. Dih.          LJ-14
    1.52162e+02    3.13835e+02    3.98589e+02    1.38633e+01    1.90315e+02
     Coulomb-14        LJ (SR)   Coulomb (SR)   Coul. recip.      Potential
    2.31397e+03    2.46142e+04   -1.86793e+05    1.31776e+03   -1.57479e+05
    Kinetic En.   Total Energy  Conserved En.    Temperature Pressure (bar)
    3.42630e+04   -1.23216e+05   -1.65209e+05    3.38472e+02    9.75192e+02
   Constr. rmsd
    3.78006e-06


DD  step 312999 load imb.: force  5.1%
           Step           Time
         313000      626.00000

   Energies (kJ/mol)
           Bond          Angle    Proper Dih. Per. Imp. Dih.          LJ-14
    1.16093e+02    2.82694e+02    4.12079e+02    1.87773e+01    1.70441e+02
     Coulomb-14        LJ (SR)   Coulomb (SR)   Coul. recip.      Potential
    2.38272e+03    2.51112e+04   -1.88178e+05    1.33059e+03   -1.58353e+05
    Kinetic En.   Total Energy  Conserved En.    Temperature Pressure (bar)
    3.45835e+04   -1.23770e+05   -1.65200e+05    3.41637e+02    7.56696e+02
   Constr. rmsd
    3.83895e-06


DD  step 313999 load imb.: force  1.8%
           Step           Time
         314000      628.00000

   Energies (kJ/mol)
           Bond          Angle    Proper Dih. Per. Imp. Dih.          LJ-14
    1.69185e+02    3.55413e+02    3.77078e+02    1.63241e+01    1.74616e+02
     Coulomb-14        LJ (SR)   Coulomb (SR)   Coul. recip.      Potential
    2.32339e+03    2.50061e+04   -1.87669e+05    1.29864e+03   -1.57948e+05
    Kinetic En.   Total Energy  Conserved En.    Temperature Pressure (bar)
    3.45219e+04   -1.23426e+05   -1.65185e+05    3.41029e+02    8.78476e+02
   Constr. rmsd
    1.79646e-06


DD  step 314999 load imb.: force  2.3%
           Step           Time
         315000      630.00000

   Energies (kJ/mol)
           Bond          Angle    Proper Dih. Per. Imp. Dih.          LJ-14
    1.29480e+02    3.32451e+02    3.82922e+02    1.42162e+01    1.87663e+02
     Coulomb-14        LJ (SR)   Coulomb (SR)   Coul. recip.      Potential
    2.32279e+03    2.49648e+04   -1.87995e+05    1.30145e+03   -1.58360e+05
    Kinetic En.   Total Energy  Conserved En.    Temperature Pressure (bar)
    3.39658e+04   -1.24394e+05   -1.65182e+05    3.35535e+02    8.67584e+02
   Constr. rmsd
    2.79125e-06


DD  step 315999 load imb.: force  2.4%
           Step           Time
         316000      632.00000

   Energies (kJ/mol)
           Bond          Angle    Proper Dih. Per. Imp. Dih.          LJ-14
    1.44896e+02    3.53324e+02    4.10586e+02    2.74775e+01    1.73997e+02
     Coulomb-14        LJ (SR)   Coulomb (SR)   Coul. recip.      Potential
    2.30853e+03    2.59681e+04   -1.89027e+05    1.30461e+03   -1.58335e+05
    Kinetic En.   Total Energy  Conserved En.    Temperature Pressure (bar)
    3.42412e+04   -1.24094e+05   -1.65177e+05    3.38256e+02    1.22128e+03
   Constr. rmsd
    3.28287e-06


DD  step 316999 load imb.: force  2.9%
           Step           Time
         317000      634.00000

   Energies (kJ/mol)
           Bond          Angle    Proper Dih. Per. Imp. Dih.          LJ-14
    1.33172e+02    3.99576e+02    3.42444e+02    1.73428e+01    1.56104e+02
     Coulomb-14        LJ (SR)   Coulomb (SR)   Coul. recip.      Potential
    2.26963e+03    2.52005e+04   -1.88041e+05    1.36221e+03   -1.58160e+05
    Kinetic En.   Total Energy  Conserved En.    Temperature Pressure (bar)
    3.46083e+04   -1.23552e+05   -1.65175e+05    3.41883e+02    8.07794e+02
   Constr. rmsd
    3.72128e-06


DD  step 317999 load imb.: force  2.6%
           Step           Time
         318000      636.00000

   Energies (kJ/mol)
           Bond          Angle    Proper Dih. Per. Imp. Dih.          LJ-14
    1.49985e+02    3.74221e+02    3.65591e+02    1.80332e+01    1.75411e+02
     Coulomb-14        LJ (SR)   Coulomb (SR)   Coul. recip.      Potential
    2.28706e+03    2.50246e+04   -1.86990e+05    1.21550e+03   -1.57380e+05
    Kinetic En.   Total Energy  Conserved En.    Temperature Pressure (bar)
    3.43019e+04   -1.23078e+05   -1.65168e+05    3.38856e+02    9.25215e+02
   Constr. rmsd
    2.85820e-06


DD  step 318999 load imb.: force  2.3%
           Step           Time
         319000      638.00000

   Energies (kJ/mol)
           Bond          Angle    Proper Dih. Per. Imp. Dih.          LJ-14
    1.52506e+02    3.61710e+02    3.54734e+02    3.15321e+01    1.89899e+02
     Coulomb-14        LJ (SR)   Coulomb (SR)   Coul. recip.      Potential
    2.24867e+03    2.54625e+04   -1.87808e+05    1.31049e+03   -1.57696e+05
    Kinetic En.   Total Energy  Conserved En.    Temperature Pressure (bar)
    3.44355e+04   -1.23260e+05   -1.65152e+05    3.40176e+02    1.17532e+03
   Constr. rmsd
    3.91562e-06


DD  step 319999 load imb.: force  2.7%
           Step           Time
         320000      640.00000

   Energies (kJ/mol)
           Bond          Angle    Proper Dih. Per. Imp. Dih.          LJ-14
    1.20972e+02    3.60316e+02    4.00280e+02    1.97296e+01    1.90512e+02
     Coulomb-14        LJ (SR)   Coulomb (SR)   Coul. recip.      Potential
    2.40757e+03    2.53211e+04   -1.88509e+05    1.34609e+03   -1.58342e+05
    Kinetic En.   Total Energy  Conserved En.    Temperature Pressure (bar)
    3.48761e+04   -1.23466e+05   -1.65163e+05    3.44528e+02    8.79263e+02
   Constr. rmsd
    3.01439e-06


DD  step 320999 load imb.: force  2.4%
           Step           Time
         321000      642.00000

   Energies (kJ/mol)
           Bond          Angle    Proper Dih. Per. Imp. Dih.          LJ-14
    1.39369e+02    3.31457e+02    3.63417e+02    3.11105e+01    1.83218e+02
     Coulomb-14        LJ (SR)   Coulomb (SR)   Coul. recip.      Potential
    2.35053e+03    2.50734e+04   -1.87438e+05    1.37660e+03   -1.57588e+05
    Kinetic En.   Total Energy  Conserved En.    Temperature Pressure (bar)
    3.45273e+04   -1.23061e+05   -1.65162e+05    3.41083e+02    8.81255e+02
   Constr. rmsd
    5.57063e-06


DD  step 321999 load imb.: force  3.2%
           Step           Time
         322000      644.00000

   Energies (kJ/mol)
           Bond          Angle    Proper Dih. Per. Imp. Dih.          LJ-14
    1.53222e+02    3.52669e+02    3.74322e+02    3.31397e+01    1.77076e+02
     Coulomb-14        LJ (SR)   Coulomb (SR)   Coul. recip.      Potential
    2.35060e+03    2.50064e+04   -1.87897e+05    1.37610e+03   -1.58074e+05
    Kinetic En.   Total Energy  Conserved En.    Temperature Pressure (bar)
    3.45467e+04   -1.23527e+05   -1.65148e+05    3.41274e+02    7.78793e+02
   Constr. rmsd
    1.91437e-06


DD  step 322999 load imb.: force  1.9%
           Step           Time
         323000      646.00000

   Energies (kJ/mol)
           Bond          Angle    Proper Dih. Per. Imp. Dih.          LJ-14
    1.59913e+02    3.57477e+02    3.62161e+02    2.38414e+01    1.66245e+02
     Coulomb-14        LJ (SR)   Coulomb (SR)   Coul. recip.      Potential
    2.32367e+03    2.46491e+04   -1.87152e+05    1.27984e+03   -1.57830e+05
    Kinetic En.   Total Energy  Conserved En.    Temperature Pressure (bar)
    3.39788e+04   -1.23851e+05   -1.65138e+05    3.35664e+02    5.86741e+02
   Constr. rmsd
    1.97503e-06


DD  step 323999 load imb.: force  2.0%
           Step           Time
         324000      648.00000

   Energies (kJ/mol)
           Bond          Angle    Proper Dih. Per. Imp. Dih.          LJ-14
    1.42653e+02    3.23736e+02    3.90746e+02    2.98709e+01    1.97305e+02
     Coulomb-14        LJ (SR)   Coulomb (SR)   Coul. recip.      Potential
    2.31163e+03    2.47590e+04   -1.86795e+05    1.31104e+03   -1.57329e+05
    Kinetic En.   Total Energy  Conserved En.    Temperature Pressure (bar)
    3.48227e+04   -1.22506e+05   -1.65141e+05    3.44001e+02    9.44896e+02
   Constr. rmsd
    2.34005e-06


DD  step 324999 load imb.: force  2.4%
           Step           Time
         325000      650.00000

   Energies (kJ/mol)
           Bond          Angle    Proper Dih. Per. Imp. Dih.          LJ-14
    1.84865e+02    3.45015e+02    3.63021e+02    2.56952e+01    1.67345e+02
     Coulomb-14        LJ (SR)   Coulomb (SR)   Coul. recip.      Potential
    2.29266e+03    2.44663e+04   -1.87073e+05    1.32461e+03   -1.57904e+05
    Kinetic En.   Total Energy  Conserved En.    Temperature Pressure (bar)
    3.45863e+04   -1.23317e+05   -1.65123e+05    3.41666e+02    5.88925e+02
   Constr. rmsd
    2.91179e-06


DD  step 325999 load imb.: force  3.1%
           Step           Time
         326000      652.00000

   Energies (kJ/mol)
           Bond          Angle    Proper Dih. Per. Imp. Dih.          LJ-14
    1.79809e+02    3.68730e+02    3.71766e+02    1.62947e+01    1.63665e+02
     Coulomb-14        LJ (SR)   Coulomb (SR)   Coul. recip.      Potential
    2.29936e+03    2.50915e+04   -1.87611e+05    1.32879e+03   -1.57791e+05
    Kinetic En.   Total Energy  Conserved En.    Temperature Pressure (bar)
    3.44011e+04   -1.23390e+05   -1.65122e+05    3.39836e+02    8.10795e+02
   Constr. rmsd
    3.18696e-06


DD  step 326999 load imb.: force  8.5%
           Step           Time
         327000      654.00000

   Energies (kJ/mol)
           Bond          Angle    Proper Dih. Per. Imp. Dih.          LJ-14
    1.36769e+02    2.84865e+02    3.94121e+02    1.53303e+01    1.68547e+02
     Coulomb-14        LJ (SR)   Coulomb (SR)   Coul. recip.      Potential
    2.31728e+03    2.48034e+04   -1.87240e+05    1.29508e+03   -1.57824e+05
    Kinetic En.   Total Energy  Conserved En.    Temperature Pressure (bar)
    3.39130e+04   -1.23911e+05   -1.65122e+05    3.35014e+02    6.45252e+02
   Constr. rmsd
    2.33492e-06


DD  step 327999 load imb.: force  3.9%
           Step           Time
         328000      656.00000

   Energies (kJ/mol)
           Bond          Angle    Proper Dih. Per. Imp. Dih.          LJ-14
    1.62161e+02    3.43508e+02    4.14396e+02    2.04683e+01    1.84816e+02
     Coulomb-14        LJ (SR)   Coulomb (SR)   Coul. recip.      Potential
    2.36597e+03    2.53923e+04   -1.89264e+05    1.24026e+03   -1.59141e+05
    Kinetic En.   Total Energy  Conserved En.    Temperature Pressure (bar)
    3.51228e+04   -1.24018e+05   -1.65112e+05    3.46965e+02    8.91030e+02
   Constr. rmsd
    2.56174e-06


DD  step 328999 load imb.: force  2.1%
           Step           Time
         329000      658.00000

   Energies (kJ/mol)
           Bond          Angle    Proper Dih. Per. Imp. Dih.          LJ-14
    1.75990e+02    3.34235e+02    3.91258e+02    2.07478e+01    2.00298e+02
     Coulomb-14        LJ (SR)   Coulomb (SR)   Coul. recip.      Potential
    2.33762e+03    2.46624e+04   -1.87869e+05    1.33110e+03   -1.58416e+05
    Kinetic En.   Total Energy  Conserved En.    Temperature Pressure (bar)
    3.48788e+04   -1.23537e+05   -1.65109e+05    3.44555e+02    6.51559e+02
   Constr. rmsd
    2.55035e-06


DD  step 329999 load imb.: force  3.0%
           Step           Time
         330000      660.00000

   Energies (kJ/mol)
           Bond          Angle    Proper Dih. Per. Imp. Dih.          LJ-14
    1.59116e+02    3.59854e+02    3.73073e+02    1.50589e+01    1.75441e+02
     Coulomb-14        LJ (SR)   Coulomb (SR)   Coul. recip.      Potential
    2.32561e+03    2.55401e+04   -1.88810e+05    1.28177e+03   -1.58580e+05
    Kinetic En.   Total Energy  Conserved En.    Temperature Pressure (bar)
    3.47656e+04   -1.23814e+05   -1.65097e+05    3.43437e+02    7.91681e+02
   Constr. rmsd
    2.05103e-06


DD  step 330999 load imb.: force  2.7%
           Step           Time
         331000      662.00000

   Energies (kJ/mol)
           Bond          Angle    Proper Dih. Per. Imp. Dih.          LJ-14
    1.25439e+02    3.16959e+02    3.57027e+02    1.45731e+01    2.02431e+02
     Coulomb-14        LJ (SR)   Coulomb (SR)   Coul. recip.      Potential
    2.32674e+03    2.49184e+04   -1.88107e+05    1.30740e+03   -1.58538e+05
    Kinetic En.   Total Energy  Conserved En.    Temperature Pressure (bar)
    3.38173e+04   -1.24720e+05   -1.65093e+05    3.34069e+02    7.29389e+02
   Constr. rmsd
    2.75150e-06


DD  step 331999 load imb.: force  3.7%
           Step           Time
         332000      664.00000

   Energies (kJ/mol)
           Bond          Angle    Proper Dih. Per. Imp. Dih.          LJ-14
    1.46820e+02    3.62828e+02    3.63321e+02    1.79997e+01    1.58996e+02
     Coulomb-14        LJ (SR)   Coulomb (SR)   Coul. recip.      Potential
    2.32066e+03    2.48839e+04   -1.88299e+05    1.34678e+03   -1.58698e+05
    Kinetic En.   Total Energy  Conserved En.    Temperature Pressure (bar)
    3.38262e+04   -1.24871e+05   -1.65084e+05    3.34156e+02    4.52635e+02
   Constr. rmsd
    2.17238e-06


DD  step 332999 load imb.: force  1.2%
           Step           Time
         333000      666.00000

   Energies (kJ/mol)
           Bond          Angle    Proper Dih. Per. Imp. Dih.          LJ-14
    1.02987e+02    3.20314e+02    3.70435e+02    3.10150e+01    1.83302e+02
     Coulomb-14        LJ (SR)   Coulomb (SR)   Coul. recip.      Potential
    2.33638e+03    2.53188e+04   -1.88559e+05    1.30443e+03   -1.58591e+05
    Kinetic En.   Total Energy  Conserved En.    Temperature Pressure (bar)
    3.39515e+04   -1.24639e+05   -1.65083e+05    3.35395e+02    8.91438e+02
   Constr. rmsd
    1.55251e-06


DD  step 333999 load imb.: force  2.1%
           Step           Time
         334000      668.00000

   Energies (kJ/mol)
           Bond          Angle    Proper Dih. Per. Imp. Dih.          LJ-14
    1.67964e+02    3.45425e+02    3.48933e+02    2.01024e+01    1.67214e+02
     Coulomb-14        LJ (SR)   Coulomb (SR)   Coul. recip.      Potential
    2.29772e+03    2.48668e+04   -1.87884e+05    1.32321e+03   -1.58347e+05
    Kinetic En.   Total Energy  Conserved En.    Temperature Pressure (bar)
    3.44227e+04   -1.23924e+05   -1.65068e+05    3.40049e+02    6.30661e+02
   Constr. rmsd
    1.97011e-06


DD  step 334999 load imb.: force  1.8%
           Step           Time
         335000      670.00000

   Energies (kJ/mol)
           Bond          Angle    Proper Dih. Per. Imp. Dih.          LJ-14
    1.49872e+02    3.52129e+02    4.07729e+02    1.85974e+01    1.64406e+02
     Coulomb-14        LJ (SR)   Coulomb (SR)   Coul. recip.      Potential
    2.36816e+03    2.54727e+04   -1.87961e+05    1.30146e+03   -1.57726e+05
    Kinetic En.   Total Energy  Conserved En.    Temperature Pressure (bar)
    3.44601e+04   -1.23266e+05   -1.65070e+05    3.40418e+02    9.91099e+02
   Constr. rmsd
    1.95984e-06


DD  step 335999 load imb.: force  3.1%
           Step           Time
         336000      672.00000

   Energies (kJ/mol)
           Bond          Angle    Proper Dih. Per. Imp. Dih.          LJ-14
    1.50741e+02    3.67949e+02    3.74930e+02    2.82027e+01    1.67295e+02
     Coulomb-14        LJ (SR)   Coulomb (SR)   Coul. recip.      Potential
    2.29251e+03    2.49569e+04   -1.87676e+05    1.25177e+03   -1.58085e+05
    Kinetic En.   Total Energy  Conserved En.    Temperature Pressure (bar)
    3.45480e+04   -1.23537e+05   -1.65066e+05    3.41287e+02    8.46800e+02
   Constr. rmsd
    3.07842e-06


DD  step 336999 load imb.: force  4.3%
           Step           Time
         337000      674.00000

   Energies (kJ/mol)
           Bond          Angle    Proper Dih. Per. Imp. Dih.          LJ-14
    1.81060e+02    3.37215e+02    3.60279e+02    2.17984e+01    1.76243e+02
     Coulomb-14        LJ (SR)   Coulomb (SR)   Coul. recip.      Potential
    2.34667e+03    2.48475e+04   -1.87873e+05    1.39144e+03   -1.58211e+05
    Kinetic En.   Total Energy  Conserved En.    Temperature Pressure (bar)
    3.43201e+04   -1.23890e+05   -1.65051e+05    3.39036e+02    6.60530e+02
   Constr. rmsd
    2.27711e-06


DD  step 337999 load imb.: force  2.0%
           Step           Time
         338000      676.00000

   Energies (kJ/mol)
           Bond          Angle    Proper Dih. Per. Imp. Dih.          LJ-14
    1.54455e+02    3.43328e+02    3.75387e+02    2.24701e+01    1.75133e+02
     Coulomb-14        LJ (SR)   Coulomb (SR)   Coul. recip.      Potential
    2.33534e+03    2.49859e+04   -1.87491e+05    1.28260e+03   -1.57816e+05
    Kinetic En.   Total Energy  Conserved En.    Temperature Pressure (bar)
    3.46668e+04   -1.23149e+05   -1.65047e+05    3.42461e+02    8.91277e+02
   Constr. rmsd
    2.79414e-06


DD  step 338999 load imb.: force  1.7%
           Step           Time
         339000      678.00000

   Energies (kJ/mol)
           Bond          Angle    Proper Dih. Per. Imp. Dih.          LJ-14
    1.58633e+02    3.51942e+02    4.04641e+02    2.91366e+01    1.76343e+02
     Coulomb-14        LJ (SR)   Coulomb (SR)   Coul. recip.      Potential
    2.35627e+03    2.45674e+04   -1.87108e+05    1.31456e+03   -1.57749e+05
    Kinetic En.   Total Energy  Conserved En.    Temperature Pressure (bar)
    3.41501e+04   -1.23599e+05   -1.65044e+05    3.37356e+02    7.00293e+02
   Constr. rmsd
    2.08979e-06


DD  step 339999 load imb.: force  1.4%
           Step           Time
         340000      680.00000

   Energies (kJ/mol)
           Bond          Angle    Proper Dih. Per. Imp. Dih.          LJ-14
    1.43817e+02    3.38427e+02    3.79104e+02    1.71819e+01    1.87984e+02
     Coulomb-14        LJ (SR)   Coulomb (SR)   Coul. recip.      Potential
    2.31800e+03    2.52883e+04   -1.88561e+05    1.30105e+03   -1.58587e+05
    Kinetic En.   Total Energy  Conserved En.    Temperature Pressure (bar)
    3.40162e+04   -1.24571e+05   -1.65036e+05    3.36034e+02    8.41456e+02
   Constr. rmsd
    2.02006e-06


DD  step 340999 load imb.: force  7.7%
           Step           Time
         341000      682.00000

   Energies (kJ/mol)
           Bond          Angle    Proper Dih. Per. Imp. Dih.          LJ-14
    1.38435e+02    3.12217e+02    3.69886e+02    1.86842e+01    1.73339e+02
     Coulomb-14        LJ (SR)   Coulomb (SR)   Coul. recip.      Potential
    2.34394e+03    2.51796e+04   -1.88363e+05    1.32809e+03   -1.58499e+05
    Kinetic En.   Total Energy  Conserved En.    Temperature Pressure (bar)
    3.42960e+04   -1.24203e+05   -1.65039e+05    3.38797e+02    7.45327e+02
   Constr. rmsd
    2.56156e-06


DD  step 341999 load imb.: force  6.5%
           Step           Time
         342000      684.00000

   Energies (kJ/mol)
           Bond          Angle    Proper Dih. Per. Imp. Dih.          LJ-14
    1.12586e+02    3.31868e+02    3.66912e+02    1.56609e+01    1.79344e+02
     Coulomb-14        LJ (SR)   Coulomb (SR)   Coul. recip.      Potential
    2.33406e+03    2.51081e+04   -1.87778e+05    1.27904e+03   -1.58050e+05
    Kinetic En.   Total Energy  Conserved En.    Temperature Pressure (bar)
    3.44936e+04   -1.23556e+05   -1.65037e+05    3.40750e+02    8.61269e+02
   Constr. rmsd
    2.24714e-06


DD  step 342999 load imb.: force  6.3%
           Step           Time
         343000      686.00000

   Energies (kJ/mol)
           Bond          Angle    Proper Dih. Per. Imp. Dih.          LJ-14
    1.58837e+02    3.79263e+02    3.62452e+02    2.15649e+01    1.73713e+02
     Coulomb-14        LJ (SR)   Coulomb (SR)   Coul. recip.      Potential
    2.32797e+03    2.43032e+04   -1.86585e+05    1.29673e+03   -1.57561e+05
    Kinetic En.   Total Energy  Conserved En.    Temperature Pressure (bar)
    3.40534e+04   -1.23508e+05   -1.65009e+05    3.36401e+02    4.15943e+02
   Constr. rmsd
    2.38428e-06


DD  step 343999 load imb.: force  2.8%
           Step           Time
         344000      688.00000

   Energies (kJ/mol)
           Bond          Angle    Proper Dih. Per. Imp. Dih.          LJ-14
    1.48645e+02    3.77393e+02    3.43044e+02    1.61887e+01    1.82279e+02
     Coulomb-14        LJ (SR)   Coulomb (SR)   Coul. recip.      Potential
    2.28367e+03    2.46693e+04   -1.87594e+05    1.30028e+03   -1.58273e+05
    Kinetic En.   Total Energy  Conserved En.    Temperature Pressure (bar)
    3.44633e+04   -1.23809e+05   -1.65019e+05    3.40450e+02    5.71621e+02
   Constr. rmsd
    2.70544e-06


DD  step 344999 load imb.: force  2.8%
           Step           Time
         345000      690.00000

   Energies (kJ/mol)
           Bond          Angle    Proper Dih. Per. Imp. Dih.          LJ-14
    1.66402e+02    3.11552e+02    3.51067e+02    1.44900e+01    1.82195e+02
     Coulomb-14        LJ (SR)   Coulomb (SR)   Coul. recip.      Potential
    2.35115e+03    2.49500e+04   -1.88146e+05    1.37847e+03   -1.58440e+05
    Kinetic En.   Total Energy  Conserved En.    Temperature Pressure (bar)
    3.50899e+04   -1.23350e+05   -1.65013e+05    3.46641e+02    7.80257e+02
   Constr. rmsd
    3.98430e-06


DD  step 345999 load imb.: force  2.8%
           Step           Time
         346000      692.00000

   Energies (kJ/mol)
           Bond          Angle    Proper Dih. Per. Imp. Dih.          LJ-14
    1.34121e+02    3.25343e+02    3.98529e+02    1.16716e+01    1.87414e+02
     Coulomb-14        LJ (SR)   Coulomb (SR)   Coul. recip.      Potential
    2.32038e+03    2.50077e+04   -1.87786e+05    1.30046e+03   -1.58100e+05
    Kinetic En.   Total Energy  Conserved En.    Temperature Pressure (bar)
    3.41174e+04   -1.23983e+05   -1.65005e+05    3.37034e+02    8.32817e+02
   Constr. rmsd
    1.77764e-06


DD  step 346999 load imb.: force  3.1%
           Step           Time
         347000      694.00000

   Energies (kJ/mol)
           Bond          Angle    Proper Dih. Per. Imp. Dih.          LJ-14
    1.33354e+02    3.21870e+02    4.03187e+02    1.97342e+01    1.63082e+02
     Coulomb-14        LJ (SR)   Coulomb (SR)   Coul. recip.      Potential
    2.34658e+03    2.50752e+04   -1.87373e+05    1.37187e+03   -1.57538e+05
    Kinetic En.   Total Energy  Conserved En.    Temperature Pressure (bar)
    3.40694e+04   -1.23469e+05   -1.64987e+05    3.36559e+02    8.50312e+02
   Constr. rmsd
    2.14258e-06


DD  step 347999 load imb.: force  6.3%
           Step           Time
         348000      696.00000

   Energies (kJ/mol)
           Bond          Angle    Proper Dih. Per. Imp. Dih.          LJ-14
    1.51069e+02    3.18359e+02    3.79070e+02    2.15651e+01    1.84685e+02
     Coulomb-14        LJ (SR)   Coulomb (SR)   Coul. recip.      Potential
    2.39339e+03    2.46730e+04   -1.87316e+05    1.31857e+03   -1.57876e+05
    Kinetic En.   Total Energy  Conserved En.    Temperature Pressure (bar)
    3.49575e+04   -1.22919e+05   -1.64993e+05    3.45332e+02    7.81837e+02
   Constr. rmsd
    2.28988e-06


DD  step 348999 load imb.: force  2.2%
           Step           Time
         349000      698.00000

   Energies (kJ/mol)
           Bond          Angle    Proper Dih. Per. Imp. Dih.          LJ-14
    1.61266e+02    3.41465e+02    3.98614e+02    2.08297e+01    1.67241e+02
     Coulomb-14        LJ (SR)   Coulomb (SR)   Coul. recip.      Potential
    2.35855e+03    2.56196e+04   -1.88837e+05    1.26040e+03   -1.58510e+05
    Kinetic En.   Total Energy  Conserved En.    Temperature Pressure (bar)
    3.47707e+04   -1.23739e+05   -1.64980e+05    3.43487e+02    9.27236e+02
   Constr. rmsd
    2.51788e-06


DD  step 349999 load imb.: force  2.4%
           Step           Time
         350000      700.00000

   Energies (kJ/mol)
           Bond          Angle    Proper Dih. Per. Imp. Dih.          LJ-14
    1.52875e+02    3.19862e+02    3.93942e+02    2.08781e+01    1.80479e+02
     Coulomb-14        LJ (SR)   Coulomb (SR)   Coul. recip.      Potential
    2.31606e+03    2.57536e+04   -1.89050e+05    1.36349e+03   -1.58548e+05
    Kinetic En.   Total Energy  Conserved En.    Temperature Pressure (bar)
    3.44108e+04   -1.24138e+05   -1.64971e+05    3.39932e+02    1.02044e+03
   Constr. rmsd
    2.03010e-06


DD  step 350999 load imb.: force  2.8%
           Step           Time
         351000      702.00000

   Energies (kJ/mol)
           Bond          Angle    Proper Dih. Per. Imp. Dih.          LJ-14
    1.12318e+02    3.13512e+02    4.05599e+02    2.86147e+01    1.70447e+02
     Coulomb-14        LJ (SR)   Coulomb (SR)   Coul. recip.      Potential
    2.35046e+03    2.46049e+04   -1.87896e+05    1.37288e+03   -1.58537e+05
    Kinetic En.   Total Energy  Conserved En.    Temperature Pressure (bar)
    3.50595e+04   -1.23478e+05   -1.64986e+05    3.46340e+02    6.25426e+02
   Constr. rmsd
    5.01848e-06


DD  step 351999 load imb.: force  2.1%
           Step           Time
         352000      704.00000

   Energies (kJ/mol)
           Bond          Angle    Proper Dih. Per. Imp. Dih.          LJ-14
    1.51054e+02    3.10194e+02    3.65232e+02    1.91629e+01    1.61986e+02
     Coulomb-14        LJ (SR)   Coulomb (SR)   Coul. recip.      Potential
    2.32794e+03    2.49566e+04   -1.88038e+05    1.38658e+03   -1.58359e+05
    Kinetic En.   Total Energy  Conserved En.    Temperature Pressure (bar)
    3.41493e+04   -1.24210e+05   -1.64966e+05    3.37348e+02    5.98100e+02
   Constr. rmsd
    3.49573e-06


DD  step 352999 load imb.: force  2.1%
           Step           Time
         353000      706.00000

   Energies (kJ/mol)
           Bond          Angle    Proper Dih. Per. Imp. Dih.          LJ-14
    1.36579e+02    2.83929e+02    3.69880e+02    3.51664e+01    1.64814e+02
     Coulomb-14        LJ (SR)   Coulomb (SR)   Coul. recip.      Potential
    2.31647e+03    2.56298e+04   -1.88813e+05    1.32996e+03   -1.58546e+05
    Kinetic En.   Total Energy  Conserved En.    Temperature Pressure (bar)
    3.40874e+04   -1.24459e+05   -1.64961e+05    3.36737e+02    9.40038e+02
   Constr. rmsd
    2.44334e-06


DD  step 353999 load imb.: force  1.9%
           Step           Time
         354000      708.00000

   Energies (kJ/mol)
           Bond          Angle    Proper Dih. Per. Imp. Dih.          LJ-14
    1.16056e+02    3.58551e+02    3.79313e+02    1.68402e+01    1.80625e+02
     Coulomb-14        LJ (SR)   Coulomb (SR)   Coul. recip.      Potential
    2.31216e+03    2.50466e+04   -1.87876e+05    1.30983e+03   -1.58156e+05
    Kinetic En.   Total Energy  Conserved En.    Temperature Pressure (bar)
    3.43563e+04   -1.23800e+05   -1.64956e+05    3.39394e+02    7.71775e+02
   Constr. rmsd
    1.88012e-06


DD  step 354999 load imb.: force  2.7%
           Step           Time
         355000      710.00000

   Energies (kJ/mol)
           Bond          Angle    Proper Dih. Per. Imp. Dih.          LJ-14
    1.68400e+02    3.48982e+02    3.77459e+02    1.69664e+01    1.76938e+02
     Coulomb-14        LJ (SR)   Coulomb (SR)   Coul. recip.      Potential
    2.27763e+03    2.56257e+04   -1.88076e+05    1.30249e+03   -1.57782e+05
    Kinetic En.   Total Energy  Conserved En.    Temperature Pressure (bar)
    3.45317e+04   -1.23250e+05   -1.64942e+05    3.41126e+02    1.10038e+03
   Constr. rmsd
    2.60485e-06


DD  step 355999 load imb.: force  2.5%
           Step           Time
         356000      712.00000

   Energies (kJ/mol)
           Bond          Angle    Proper Dih. Per. Imp. Dih.          LJ-14
    1.50924e+02    3.06704e+02    4.24159e+02    2.46064e+01    1.79318e+02
     Coulomb-14        LJ (SR)   Coulomb (SR)   Coul. recip.      Potential
    2.32163e+03    2.52253e+04   -1.87907e+05    1.28634e+03   -1.57989e+05
    Kinetic En.   Total Energy  Conserved En.    Temperature Pressure (bar)
    3.43111e+04   -1.23677e+05   -1.64934e+05    3.38947e+02    8.85044e+02
   Constr. rmsd
    2.75456e-06


DD  step 356999 load imb.: force 12.5%
           Step           Time
         357000      714.00000

   Energies (kJ/mol)
           Bond          Angle    Proper Dih. Per. Imp. Dih.          LJ-14
    1.65588e+02    3.10133e+02    3.70275e+02    1.89586e+01    1.76410e+02
     Coulomb-14        LJ (SR)   Coulomb (SR)   Coul. recip.      Potential
    2.32486e+03    2.46420e+04   -1.87978e+05    1.33391e+03   -1.58636e+05
    Kinetic En.   Total Energy  Conserved En.    Temperature Pressure (bar)
    3.40341e+04   -1.24602e+05   -1.64930e+05    3.36211e+02    4.59527e+02
   Constr. rmsd
    2.73947e-06


DD  step 357999 load imb.: force  2.3%
           Step           Time
         358000      716.00000

   Energies (kJ/mol)
           Bond          Angle    Proper Dih. Per. Imp. Dih.          LJ-14
    1.38259e+02    3.54507e+02    3.73976e+02    1.90868e+01    1.94616e+02
     Coulomb-14        LJ (SR)   Coulomb (SR)   Coul. recip.      Potential
    2.27442e+03    2.52720e+04   -1.88362e+05    1.37712e+03   -1.58358e+05
    Kinetic En.   Total Energy  Conserved En.    Temperature Pressure (bar)
    3.47782e+04   -1.23580e+05   -1.64921e+05    3.43561e+02    9.34474e+02
   Constr. rmsd
    2.28796e-06


DD  step 358999 load imb.: force  4.4%
           Step           Time
         359000      718.00000

   Energies (kJ/mol)
           Bond          Angle    Proper Dih. Per. Imp. Dih.          LJ-14
    1.42923e+02    3.39455e+02    3.64016e+02    2.34925e+01    1.83685e+02
     Coulomb-14        LJ (SR)   Coulomb (SR)   Coul. recip.      Potential
    2.31982e+03    2.45330e+04   -1.87046e+05    1.30615e+03   -1.57833e+05
    Kinetic En.   Total Energy  Conserved En.    Temperature Pressure (bar)
    3.47385e+04   -1.23095e+05   -1.64920e+05    3.43169e+02    7.28216e+02
   Constr. rmsd
    4.05877e-06


DD  step 359999 load imb.: force  4.0%
           Step           Time
         360000      720.00000

   Energies (kJ/mol)
           Bond          Angle    Proper Dih. Per. Imp. Dih.          LJ-14
    1.78257e+02    3.93719e+02    3.73105e+02    2.46044e+01    1.57311e+02
     Coulomb-14        LJ (SR)   Coulomb (SR)   Coul. recip.      Potential
    2.26048e+03    2.50517e+04   -1.88344e+05    1.36878e+03   -1.58536e+05
    Kinetic En.   Total Energy  Conserved En.    Temperature Pressure (bar)
    3.49196e+04   -1.23616e+05   -1.64916e+05    3.44958e+02    6.73129e+02
   Constr. rmsd
    2.75919e-06


DD  step 360999 load imb.: force  1.3%
           Step           Time
         361000      722.00000

   Energies (kJ/mol)
           Bond          Angle    Proper Dih. Per. Imp. Dih.          LJ-14
    1.44926e+02    3.22178e+02    3.74529e+02    1.10643e+01    1.60798e+02
     Coulomb-14        LJ (SR)   Coulomb (SR)   Coul. recip.      Potential
    2.32193e+03    2.49436e+04   -1.87926e+05    1.32851e+03   -1.58318e+05
    Kinetic En.   Total Energy  Conserved En.    Temperature Pressure (bar)
    3.42323e+04   -1.24086e+05   -1.64906e+05    3.38168e+02    5.62867e+02
   Constr. rmsd
    2.10546e-06


DD  step 361999 load imb.: force  1.6%
           Step           Time
         362000      724.00000

   Energies (kJ/mol)
           Bond          Angle    Proper Dih. Per. Imp. Dih.          LJ-14
    1.84843e+02    3.69795e+02    3.82047e+02    2.41238e+01    1.76564e+02
     Coulomb-14        LJ (SR)   Coulomb (SR)   Coul. recip.      Potential
    2.31682e+03    2.43132e+04   -1.86226e+05    1.31767e+03   -1.57141e+05
    Kinetic En.   Total Energy  Conserved En.    Temperature Pressure (bar)
    3.47644e+04   -1.22377e+05   -1.64903e+05    3.43425e+02    6.78058e+02
   Constr. rmsd
    2.94818e-06


DD  step 362999 load imb.: force  7.6%
           Step           Time
         363000      726.00000

   Energies (kJ/mol)
           Bond          Angle    Proper Dih. Per. Imp. Dih.          LJ-14
    1.48671e+02    3.85360e+02    3.88694e+02    1.16103e+01    1.64304e+02
     Coulomb-14        LJ (SR)   Coulomb (SR)   Coul. recip.      Potential
    2.36448e+03    2.50493e+04   -1.87322e+05    1.34678e+03   -1.57462e+05
    Kinetic En.   Total Energy  Conserved En.    Temperature Pressure (bar)
    3.47054e+04   -1.22757e+05   -1.64897e+05    3.42842e+02    8.44914e+02
   Constr. rmsd
    2.76147e-06


DD  step 363999 load imb.: force  8.3%
           Step           Time
         364000      728.00000

   Energies (kJ/mol)
           Bond          Angle    Proper Dih. Per. Imp. Dih.          LJ-14
    1.35508e+02    3.99143e+02    3.59741e+02    2.24459e+01    1.92169e+02
     Coulomb-14        LJ (SR)   Coulomb (SR)   Coul. recip.      Potential
    2.31684e+03    2.48552e+04   -1.87290e+05    1.36310e+03   -1.57646e+05
    Kinetic En.   Total Energy  Conserved En.    Temperature Pressure (bar)
    3.45641e+04   -1.23082e+05   -1.64890e+05    3.41446e+02    9.08783e+02
   Constr. rmsd
    1.80783e-06


DD  step 364999 load imb.: force  1.8%
           Step           Time
         365000      730.00000

   Energies (kJ/mol)
           Bond          Angle    Proper Dih. Per. Imp. Dih.          LJ-14
    1.72577e+02    3.33569e+02    3.61241e+02    2.40550e+01    1.66157e+02
     Coulomb-14        LJ (SR)   Coulomb (SR)   Coul. recip.      Potential
    2.31280e+03    2.50334e+04   -1.88153e+05    1.36129e+03   -1.58388e+05
    Kinetic En.   Total Energy  Conserved En.    Temperature Pressure (bar)
    3.40401e+04   -1.24348e+05   -1.64878e+05    3.36269e+02    7.25865e+02
   Constr. rmsd
    2.77411e-06


DD  step 365999 load imb.: force  4.2%
           Step           Time
         366000      732.00000

   Energies (kJ/mol)
           Bond          Angle    Proper Dih. Per. Imp. Dih.          LJ-14
    1.51581e+02    3.12139e+02    3.85044e+02    2.40064e+01    1.48831e+02
     Coulomb-14        LJ (SR)   Coulomb (SR)   Coul. recip.      Potential
    2.31119e+03    2.48996e+04   -1.87920e+05    1.31288e+03   -1.58375e+05
    Kinetic En.   Total Energy  Conserved En.    Temperature Pressure (bar)
    3.36053e+04   -1.24769e+05   -1.64869e+05    3.31975e+02    6.72268e+02
   Constr. rmsd
    2.50163e-06


DD  step 366999 load imb.: force  1.8%
           Step           Time
         367000      734.00000

   Energies (kJ/mol)
           Bond          Angle    Proper Dih. Per. Imp. Dih.          LJ-14
    1.54375e+02    2.94862e+02    3.47075e+02    1.25275e+01    1.73838e+02
     Coulomb-14        LJ (SR)   Coulomb (SR)   Coul. recip.      Potential
    2.35063e+03    2.50096e+04   -1.88419e+05    1.29220e+03   -1.58784e+05
    Kinetic En.   Total Energy  Conserved En.    Temperature Pressure (bar)
    3.38052e+04   -1.24979e+05   -1.64869e+05    3.33949e+02    7.21442e+02
   Constr. rmsd
    3.06793e-06


DD  step 367999 load imb.: force  2.4%
           Step           Time
         368000      736.00000

   Energies (kJ/mol)
           Bond          Angle    Proper Dih. Per. Imp. Dih.          LJ-14
    1.33885e+02    3.51319e+02    4.00684e+02    2.15982e+01    1.71774e+02
     Coulomb-14        LJ (SR)   Coulomb (SR)   Coul. recip.      Potential
    2.32503e+03    2.61243e+04   -1.89364e+05    1.24181e+03   -1.58594e+05
    Kinetic En.   Total Energy  Conserved En.    Temperature Pressure (bar)
    3.43862e+04   -1.24207e+05   -1.64860e+05    3.39689e+02    1.18466e+03
   Constr. rmsd
    2.41828e-06


DD  step 368999 load imb.: force  1.2%
           Step           Time
         369000      738.00000

   Energies (kJ/mol)
           Bond          Angle    Proper Dih. Per. Imp. Dih.          LJ-14
    1.53599e+02    3.87052e+02    3.85972e+02    2.28638e+01    1.79943e+02
     Coulomb-14        LJ (SR)   Coulomb (SR)   Coul. recip.      Potential
    2.31060e+03    2.46994e+04   -1.86711e+05    1.29963e+03   -1.57272e+05
    Kinetic En.   Total Energy  Conserved En.    Temperature Pressure (bar)
    3.41124e+04   -1.23159e+05   -1.64864e+05    3.36984e+02    7.48139e+02
   Constr. rmsd
    2.18893e-06


DD  step 369999 load imb.: force 15.9%
           Step           Time
         370000      740.00000

   Energies (kJ/mol)
           Bond          Angle    Proper Dih. Per. Imp. Dih.          LJ-14
    2.03781e+02    3.72145e+02    3.67480e+02    1.88031e+01    1.79002e+02
     Coulomb-14        LJ (SR)   Coulomb (SR)   Coul. recip.      Potential
    2.30578e+03    2.44045e+04   -1.86585e+05    1.37605e+03   -1.57358e+05
    Kinetic En.   Total Energy  Conserved En.    Temperature Pressure (bar)
    3.44619e+04   -1.22896e+05   -1.64849e+05    3.40436e+02    6.72538e+02
   Constr. rmsd
    2.40525e-06


DD  step 370999 load imb.: force  3.2%
           Step           Time
         371000      742.00000

   Energies (kJ/mol)
           Bond          Angle    Proper Dih. Per. Imp. Dih.          LJ-14
    1.57428e+02    3.50648e+02    3.71167e+02    1.91286e+01    1.86009e+02
     Coulomb-14        LJ (SR)   Coulomb (SR)   Coul. recip.      Potential
    2.34612e+03    2.58066e+04   -1.88030e+05    1.31897e+03   -1.57474e+05
    Kinetic En.   Total Energy  Conserved En.    Temperature Pressure (bar)
    3.46943e+04   -1.22779e+05   -1.64847e+05    3.42732e+02    1.34420e+03
   Constr. rmsd
    2.83873e-06


DD  step 371999 load imb.: force  1.3%
           Step           Time
         372000      744.00000

   Energies (kJ/mol)
           Bond          Angle    Proper Dih. Per. Imp. Dih.          LJ-14
    1.79974e+02    3.19300e+02    3.88570e+02    2.01976e+01    1.78722e+02
     Coulomb-14        LJ (SR)   Coulomb (SR)   Coul. recip.      Potential
    2.34240e+03    2.55435e+04   -1.88611e+05    1.36437e+03   -1.58274e+05
    Kinetic En.   Total Energy  Conserved En.    Temperature Pressure (bar)
    3.41779e+04   -1.24096e+05   -1.64835e+05    3.37631e+02    1.10193e+03
   Constr. rmsd
    2.19962e-06


DD  step 372999 load imb.: force  3.0%
           Step           Time
         373000      746.00000

   Energies (kJ/mol)
           Bond          Angle    Proper Dih. Per. Imp. Dih.          LJ-14
    1.44807e+02    3.22373e+02    3.88436e+02    1.98800e+01    1.83157e+02
     Coulomb-14        LJ (SR)   Coulomb (SR)   Coul. recip.      Potential
    2.27039e+03    2.49151e+04   -1.87530e+05    1.37545e+03   -1.57911e+05
    Kinetic En.   Total Energy  Conserved En.    Temperature Pressure (bar)
    3.42076e+04   -1.23703e+05   -1.64829e+05    3.37924e+02    6.90292e+02
   Constr. rmsd
    2.16226e-06


DD  step 373999 load imb.: force  1.6%
           Step           Time
         374000      748.00000

   Energies (kJ/mol)
           Bond          Angle    Proper Dih. Per. Imp. Dih.          LJ-14
    1.33725e+02    3.74150e+02    3.59909e+02    1.86864e+01    1.91011e+02
     Coulomb-14        LJ (SR)   Coulomb (SR)   Coul. recip.      Potential
    2.31584e+03    2.52369e+04   -1.88092e+05    1.25275e+03   -1.58209e+05
    Kinetic En.   Total Energy  Conserved En.    Temperature Pressure (bar)
    3.42499e+04   -1.23959e+05   -1.64825e+05    3.38343e+02    9.91142e+02
   Constr. rmsd
    2.32923e-06


DD  step 374999 load imb.: force  2.9%
           Step           Time
         375000      750.00000

   Energies (kJ/mol)
           Bond          Angle    Proper Dih. Per. Imp. Dih.          LJ-14
    1.71387e+02    3.10004e+02    3.70539e+02    2.82566e+01    1.91485e+02
     Coulomb-14        LJ (SR)   Coulomb (SR)   Coul. recip.      Potential
    2.33834e+03    2.49175e+04   -1.87374e+05    1.37833e+03   -1.57668e+05
    Kinetic En.   Total Energy  Conserved En.    Temperature Pressure (bar)
    3.38887e+04   -1.23779e+05   -1.64819e+05    3.34774e+02    7.86435e+02
   Constr. rmsd
    3.99105e-06


DD  step 375999 load imb.: force  6.2%
           Step           Time
         376000      752.00000

   Energies (kJ/mol)
           Bond          Angle    Proper Dih. Per. Imp. Dih.          LJ-14
    1.52369e+02    3.62238e+02    3.61533e+02    2.48975e+01    1.94707e+02
     Coulomb-14        LJ (SR)   Coulomb (SR)   Coul. recip.      Potential
    2.28719e+03    2.56624e+04   -1.88625e+05    1.31726e+03   -1.58262e+05
    Kinetic En.   Total Energy  Conserved En.    Temperature Pressure (bar)
    3.46183e+04   -1.23644e+05   -1.64818e+05    3.41981e+02    9.74592e+02
   Constr. rmsd
    2.02262e-06


DD  step 376999 load imb.: force  2.5%
           Step           Time
         377000      754.00000

   Energies (kJ/mol)
           Bond          Angle    Proper Dih. Per. Imp. Dih.          LJ-14
    1.52297e+02    3.65882e+02    4.03129e+02    3.06699e+01    1.73954e+02
     Coulomb-14        LJ (SR)   Coulomb (SR)   Coul. recip.      Potential
    2.27469e+03    2.54523e+04   -1.88177e+05    1.28704e+03   -1.58037e+05
    Kinetic En.   Total Energy  Conserved En.    Temperature Pressure (bar)
    3.44408e+04   -1.23596e+05   -1.64807e+05    3.40228e+02    9.31879e+02
   Constr. rmsd
    2.81908e-06


DD  step 377999 load imb.: force  2.6%
           Step           Time
         378000      756.00000

   Energies (kJ/mol)
           Bond          Angle    Proper Dih. Per. Imp. Dih.          LJ-14
    1.54721e+02    3.18546e+02    3.84741e+02    1.10255e+01    1.82348e+02
     Coulomb-14        LJ (SR)   Coulomb (SR)   Coul. recip.      Potential
    2.27306e+03    2.45939e+04   -1.87778e+05    1.27279e+03   -1.58587e+05
    Kinetic En.   Total Energy  Conserved En.    Temperature Pressure (bar)
    3.45169e+04   -1.24070e+05   -1.64816e+05    3.40980e+02    5.85993e+02
   Constr. rmsd
    1.87671e-06


DD  step 378999 load imb.: force  1.8%
           Step           Time
         379000      758.00000

   Energies (kJ/mol)
           Bond          Angle    Proper Dih. Per. Imp. Dih.          LJ-14
    1.32223e+02    3.03279e+02    3.81452e+02    1.31787e+01    1.82532e+02
     Coulomb-14        LJ (SR)   Coulomb (SR)   Coul. recip.      Potential
    2.32771e+03    2.49444e+04   -1.87561e+05    1.44433e+03   -1.57832e+05
    Kinetic En.   Total Energy  Conserved En.    Temperature Pressure (bar)
    3.42158e+04   -1.23616e+05   -1.64804e+05    3.38006e+02    8.21313e+02
   Constr. rmsd
    2.48560e-06


DD  step 379999 load imb.: force  8.3%
           Step           Time
         380000      760.00000

   Energies (kJ/mol)
           Bond          Angle    Proper Dih. Per. Imp. Dih.          LJ-14
    1.67046e+02    3.11897e+02    3.71960e+02    1.98516e+01    1.70909e+02
     Coulomb-14        LJ (SR)   Coulomb (SR)   Coul. recip.      Potential
    2.30729e+03    2.52580e+04   -1.87951e+05    1.32880e+03   -1.58015e+05
    Kinetic En.   Total Energy  Conserved En.    Temperature Pressure (bar)
    3.40644e+04   -1.23950e+05   -1.64797e+05    3.36510e+02    9.33775e+02
   Constr. rmsd
    1.81546e-06


DD  step 380999 load imb.: force  3.0%
           Step           Time
         381000      762.00000

   Energies (kJ/mol)
           Bond          Angle    Proper Dih. Per. Imp. Dih.          LJ-14
    1.84453e+02    3.17963e+02    3.32151e+02    2.73318e+01    1.70630e+02
     Coulomb-14        LJ (SR)   Coulomb (SR)   Coul. recip.      Potential
    2.29719e+03    2.42150e+04   -1.86328e+05    1.31025e+03   -1.57473e+05
    Kinetic En.   Total Energy  Conserved En.    Temperature Pressure (bar)
    3.45505e+04   -1.22923e+05   -1.64794e+05    3.41312e+02    3.08308e+02
   Constr. rmsd
    2.94008e-06


DD  step 381999 load imb.: force  2.8%
           Step           Time
         382000      764.00000

   Energies (kJ/mol)
           Bond          Angle    Proper Dih. Per. Imp. Dih.          LJ-14
    1.76516e+02    3.46538e+02    3.81764e+02    1.61488e+01    1.69380e+02
     Coulomb-14        LJ (SR)   Coulomb (SR)   Coul. recip.      Potential
    2.31748e+03    2.45324e+04   -1.86601e+05    1.27531e+03   -1.57386e+05
    Kinetic En.   Total Energy  Conserved En.    Temperature Pressure (bar)
    3.50309e+04   -1.22355e+05   -1.64787e+05    3.46057e+02    6.65966e+02
   Constr. rmsd
    2.22175e-06


DD  step 382999 load imb.: force  3.4%
           Step           Time
         383000      766.00000

   Energies (kJ/mol)
           Bond          Angle    Proper Dih. Per. Imp. Dih.          LJ-14
    1.46177e+02    2.70224e+02    4.08868e+02    3.11430e+01    1.86817e+02
     Coulomb-14        LJ (SR)   Coulomb (SR)   Coul. recip.      Potential
    2.30818e+03    2.49524e+04   -1.87856e+05    1.24772e+03   -1.58304e+05
    Kinetic En.   Total Energy  Conserved En.    Temperature Pressure (bar)
    3.48215e+04   -1.23483e+05   -1.64786e+05    3.43989e+02    8.13320e+02
   Constr. rmsd
    4.77093e-06


DD  step 383999 load imb.: force  9.0%
           Step           Time
         384000      768.00000

   Energies (kJ/mol)
           Bond          Angle    Proper Dih. Per. Imp. Dih.          LJ-14
    1.46317e+02    3.20113e+02    3.92591e+02    2.42076e+01    1.74028e+02
     Coulomb-14        LJ (SR)   Coulomb (SR)   Coul. recip.      Potential
    2.30861e+03    2.60468e+04   -1.89701e+05    1.32777e+03   -1.58961e+05
    Kinetic En.   Total Energy  Conserved En.    Temperature Pressure (bar)
    3.46958e+04   -1.24265e+05   -1.64764e+05    3.42747e+02    1.11692e+03
   Constr. rmsd
    2.51304e-06


DD  step 384999 load imb.: force  2.9%
           Step           Time
         385000      770.00000

   Energies (kJ/mol)
           Bond          Angle    Proper Dih. Per. Imp. Dih.          LJ-14
    1.41027e+02    2.99427e+02    3.63815e+02    2.56669e+01    1.65878e+02
     Coulomb-14        LJ (SR)   Coulomb (SR)   Coul. recip.      Potential
    2.30462e+03    2.43047e+04   -1.87158e+05    1.23889e+03   -1.58314e+05
    Kinetic En.   Total Energy  Conserved En.    Temperature Pressure (bar)
    3.44259e+04   -1.23888e+05   -1.64774e+05    3.40081e+02    4.60570e+02
   Constr. rmsd
    1.88952e-06


DD  step 385999 load imb.: force  2.6%
           Step           Time
         386000      772.00000

   Energies (kJ/mol)
           Bond          Angle    Proper Dih. Per. Imp. Dih.          LJ-14
    1.22189e+02    3.30925e+02    3.59879e+02    1.92308e+01    1.53514e+02
     Coulomb-14        LJ (SR)   Coulomb (SR)   Coul. recip.      Potential
    2.27373e+03    2.44346e+04   -1.87500e+05    1.35726e+03   -1.58449e+05
    Kinetic En.   Total Energy  Conserved En.    Temperature Pressure (bar)
    3.43146e+04   -1.24134e+05   -1.64766e+05    3.38981e+02    3.92259e+02
   Constr. rmsd
    2.99062e-06


DD  step 386999 load imb.: force  2.3%
           Step           Time
         387000      774.00000

   Energies (kJ/mol)
           Bond          Angle    Proper Dih. Per. Imp. Dih.          LJ-14
    1.43907e+02    2.73984e+02    3.58816e+02    2.08127e+01    1.75811e+02
     Coulomb-14        LJ (SR)   Coulomb (SR)   Coul. recip.      Potential
    2.35697e+03    2.53967e+04   -1.88005e+05    1.27601e+03   -1.58002e+05
    Kinetic En.   Total Energy  Conserved En.    Temperature Pressure (bar)
    3.43378e+04   -1.23665e+05   -1.64757e+05    3.39210e+02    1.10823e+03
   Constr. rmsd
    1.74110e-06


DD  step 387999 load imb.: force  4.4%
           Step           Time
         388000      776.00000

   Energies (kJ/mol)
           Bond          Angle    Proper Dih. Per. Imp. Dih.          LJ-14
    1.22443e+02    2.91861e+02    3.69186e+02    1.72160e+01    1.62935e+02
     Coulomb-14        LJ (SR)   Coulomb (SR)   Coul. recip.      Potential
    2.37306e+03    2.54692e+04   -1.89141e+05    1.35312e+03   -1.58982e+05
    Kinetic En.   Total Energy  Conserved En.    Temperature Pressure (bar)
    3.40461e+04   -1.24936e+05   -1.64756e+05    3.36329e+02    7.81608e+02
   Constr. rmsd
    1.54856e-06


DD  step 388999 load imb.: force  8.9%
           Step           Time
         389000      778.00000

   Energies (kJ/mol)
           Bond          Angle    Proper Dih. Per. Imp. Dih.          LJ-14
    1.75629e+02    3.14753e+02    3.89129e+02    1.22478e+01    1.78548e+02
     Coulomb-14        LJ (SR)   Coulomb (SR)   Coul. recip.      Potential
    2.30191e+03    2.48093e+04   -1.87859e+05    1.31914e+03   -1.58358e+05
    Kinetic En.   Total Energy  Conserved En.    Temperature Pressure (bar)
    3.47810e+04   -1.23577e+05   -1.64753e+05    3.43589e+02    6.53534e+02
   Constr. rmsd
    2.31561e-06


DD  step 389999 load imb.: force  6.3%
           Step           Time
         390000      780.00000

   Energies (kJ/mol)
           Bond          Angle    Proper Dih. Per. Imp. Dih.          LJ-14
    1.41769e+02    2.85130e+02    4.11381e+02    2.54418e+01    1.76810e+02
     Coulomb-14        LJ (SR)   Coulomb (SR)   Coul. recip.      Potential
    2.35648e+03    2.50402e+04   -1.88025e+05    1.29941e+03   -1.58288e+05
    Kinetic En.   Total Energy  Conserved En.    Temperature Pressure (bar)
    3.41173e+04   -1.24171e+05   -1.64733e+05    3.37032e+02    7.35134e+02
   Constr. rmsd
    2.42327e-06


DD  step 390999 load imb.: force  2.5%
           Step           Time
         391000      782.00000

   Energies (kJ/mol)
           Bond          Angle    Proper Dih. Per. Imp. Dih.          LJ-14
    1.02998e+02    3.10955e+02    3.71301e+02    2.80225e+01    1.81651e+02
     Coulomb-14        LJ (SR)   Coulomb (SR)   Coul. recip.      Potential
    2.31323e+03    2.53473e+04   -1.89074e+05    1.32112e+03   -1.59097e+05
    Kinetic En.   Total Energy  Conserved En.    Temperature Pressure (bar)
    3.39524e+04   -1.25145e+05   -1.64738e+05    3.35403e+02    8.59743e+02
   Constr. rmsd
    3.28405e-06


DD  step 391999 load imb.: force  2.1%
           Step           Time
         392000      784.00000

   Energies (kJ/mol)
           Bond          Angle    Proper Dih. Per. Imp. Dih.          LJ-14
    1.24290e+02    3.44837e+02    3.79279e+02    2.07280e+01    1.65725e+02
     Coulomb-14        LJ (SR)   Coulomb (SR)   Coul. recip.      Potential
    2.28395e+03    2.55003e+04   -1.88679e+05    1.35013e+03   -1.58509e+05
    Kinetic En.   Total Energy  Conserved En.    Temperature Pressure (bar)
    3.40322e+04   -1.24477e+05   -1.64728e+05    3.36192e+02    7.81609e+02
   Constr. rmsd
    4.59452e-06


DD  step 392999 load imb.: force  1.7%
           Step           Time
         393000      786.00000

   Energies (kJ/mol)
           Bond          Angle    Proper Dih. Per. Imp. Dih.          LJ-14
    1.26542e+02    3.39993e+02    4.05299e+02    2.80808e+01    1.68488e+02
     Coulomb-14        LJ (SR)   Coulomb (SR)   Coul. recip.      Potential
    2.32333e+03    2.52282e+04   -1.88109e+05    1.28938e+03   -1.58200e+05
    Kinetic En.   Total Energy  Conserved En.    Temperature Pressure (bar)
    3.40647e+04   -1.24135e+05   -1.64729e+05    3.36513e+02    7.83843e+02
   Constr. rmsd
    2.74414e-06


DD  step 393999 load imb.: force  2.1%
           Step           Time
         394000      788.00000

   Energies (kJ/mol)
           Bond          Angle    Proper Dih. Per. Imp. Dih.          LJ-14
    1.25278e+02    3.09663e+02    3.97346e+02    2.49812e+01    1.84155e+02
     Coulomb-14        LJ (SR)   Coulomb (SR)   Coul. recip.      Potential
    2.28453e+03    2.40934e+04   -1.87234e+05    1.28131e+03   -1.58533e+05
    Kinetic En.   Total Energy  Conserved En.    Temperature Pressure (bar)
    3.47032e+04   -1.23830e+05   -1.64723e+05    3.42821e+02    3.86837e+02
   Constr. rmsd
    2.61008e-06


DD  step 394999 load imb.: force  2.4%
           Step           Time
         395000      790.00000

   Energies (kJ/mol)
           Bond          Angle    Proper Dih. Per. Imp. Dih.          LJ-14
    1.34882e+02    3.47409e+02    3.79814e+02    1.75050e+01    1.80280e+02
     Coulomb-14        LJ (SR)   Coulomb (SR)   Coul. recip.      Potential
    2.25807e+03    2.48613e+04   -1.87315e+05    1.34200e+03   -1.57794e+05
    Kinetic En.   Total Energy  Conserved En.    Temperature Pressure (bar)
    3.38758e+04   -1.23918e+05   -1.64711e+05    3.34646e+02    7.73512e+02
   Constr. rmsd
    3.40370e-06


DD  step 395999 load imb.: force  1.5%
           Step           Time
         396000      792.00000

   Energies (kJ/mol)
           Bond          Angle    Proper Dih. Per. Imp. Dih.          LJ-14
    1.80333e+02    3.72485e+02    3.35144e+02    1.79260e+01    1.66391e+02
     Coulomb-14        LJ (SR)   Coulomb (SR)   Coul. recip.      Potential
    2.28274e+03    2.50919e+04   -1.87923e+05    1.29352e+03   -1.58183e+05
    Kinetic En.   Total Energy  Conserved En.    Temperature Pressure (bar)
    3.41760e+04   -1.24007e+05   -1.64696e+05    3.37612e+02    7.94878e+02
   Constr. rmsd
    3.12967e-06


DD  step 396999 load imb.: force  7.9%
           Step           Time
         397000      794.00000

   Energies (kJ/mol)
           Bond          Angle    Proper Dih. Per. Imp. Dih.          LJ-14
    1.33918e+02    3.38823e+02    3.47900e+02    2.48669e+01    1.62115e+02
     Coulomb-14        LJ (SR)   Coulomb (SR)   Coul. recip.      Potential
    2.32509e+03    2.44028e+04   -1.86398e+05    1.40295e+03   -1.57260e+05
    Kinetic En.   Total Energy  Conserved En.    Temperature Pressure (bar)
    3.39207e+04   -1.23339e+05   -1.64694e+05    3.35091e+02    5.17894e+02
   Constr. rmsd
    3.15781e-06


DD  step 397999 load imb.: force  2.3%
           Step           Time
         398000      796.00000

   Energies (kJ/mol)
           Bond          Angle    Proper Dih. Per. Imp. Dih.          LJ-14
    1.27259e+02    3.48328e+02    3.50761e+02    1.50626e+01    1.61782e+02
     Coulomb-14        LJ (SR)   Coulomb (SR)   Coul. recip.      Potential
    2.31663e+03    2.52766e+04   -1.88496e+05    1.33719e+03   -1.58562e+05
    Kinetic En.   Total Energy  Conserved En.    Temperature Pressure (bar)
    3.45323e+04   -1.24030e+05   -1.64697e+05    3.41132e+02    8.39221e+02
   Constr. rmsd
    1.81488e-06


DD  step 398999 load imb.: force  2.9%
           Step           Time
         399000      798.00000

   Energies (kJ/mol)
           Bond          Angle    Proper Dih. Per. Imp. Dih.          LJ-14
    1.40110e+02    3.41654e+02    3.49775e+02    2.08300e+01    1.65585e+02
     Coulomb-14        LJ (SR)   Coulomb (SR)   Coul. recip.      Potential
    2.34112e+03    2.47114e+04   -1.87623e+05    1.29915e+03   -1.58253e+05
    Kinetic En.   Total Energy  Conserved En.    Temperature Pressure (bar)
    3.45654e+04   -1.23688e+05   -1.64687e+05    3.41459e+02    5.71860e+02
   Constr. rmsd
    3.74200e-06


DD  step 399999 load imb.: force  3.6%
           Step           Time
         400000      800.00000

   Energies (kJ/mol)
           Bond          Angle    Proper Dih. Per. Imp. Dih.          LJ-14
    2.01489e+02    3.49849e+02    3.76768e+02    2.08525e+01    1.59092e+02
     Coulomb-14        LJ (SR)   Coulomb (SR)   Coul. recip.      Potential
    2.26418e+03    2.52238e+04   -1.87501e+05    1.33868e+03   -1.57567e+05
    Kinetic En.   Total Energy  Conserved En.    Temperature Pressure (bar)
    3.43922e+04   -1.23174e+05   -1.64675e+05    3.39748e+02    8.06626e+02
   Constr. rmsd
    2.40516e-06


DD  step 400999 load imb.: force  1.3%
           Step           Time
         401000      802.00000

   Energies (kJ/mol)
           Bond          Angle    Proper Dih. Per. Imp. Dih.          LJ-14
    1.51151e+02    3.37100e+02    4.00263e+02    3.23325e+01    1.79947e+02
     Coulomb-14        LJ (SR)   Coulomb (SR)   Coul. recip.      Potential
    2.26531e+03    2.50001e+04   -1.87369e+05    1.30128e+03   -1.57701e+05
    Kinetic En.   Total Energy  Conserved En.    Temperature Pressure (bar)
    3.44911e+04   -1.23210e+05   -1.64668e+05    3.40725e+02    7.76358e+02
   Constr. rmsd
    2.56053e-06


DD  step 401999 load imb.: force 17.9%
           Step           Time
         402000      804.00000

   Energies (kJ/mol)
           Bond          Angle    Proper Dih. Per. Imp. Dih.          LJ-14
    1.77515e+02    3.58246e+02    3.62822e+02    3.27917e+01    1.74877e+02
     Coulomb-14        LJ (SR)   Coulomb (SR)   Coul. recip.      Potential
    2.35052e+03    2.48115e+04   -1.87364e+05    1.36643e+03   -1.57729e+05
    Kinetic En.   Total Energy  Conserved En.    Temperature Pressure (bar)
    3.48852e+04   -1.22844e+05   -1.64659e+05    3.44618e+02    7.15373e+02
   Constr. rmsd
    2.13408e-06


DD  step 402999 load imb.: force  1.1%
           Step           Time
         403000      806.00000

   Energies (kJ/mol)
           Bond          Angle    Proper Dih. Per. Imp. Dih.          LJ-14
    1.51826e+02    3.21235e+02    3.41921e+02    2.22299e+01    1.63716e+02
     Coulomb-14        LJ (SR)   Coulomb (SR)   Coul. recip.      Potential
    2.31273e+03    2.58906e+04   -1.88921e+05    1.35437e+03   -1.58362e+05
    Kinetic En.   Total Energy  Conserved En.    Temperature Pressure (bar)
    3.45808e+04   -1.23781e+05   -1.64660e+05    3.41611e+02    9.96526e+02
   Constr. rmsd
    2.93981e-06


DD  step 403999 load imb.: force  8.7%
           Step           Time
         404000      808.00000

   Energies (kJ/mol)
           Bond          Angle    Proper Dih. Per. Imp. Dih.          LJ-14
    1.48361e+02    3.03168e+02    3.52008e+02    1.87830e+01    1.69222e+02
     Coulomb-14        LJ (SR)   Coulomb (SR)   Coul. recip.      Potential
    2.33800e+03    2.57002e+04   -1.88550e+05    1.30631e+03   -1.58214e+05
    Kinetic En.   Total Energy  Conserved En.    Temperature Pressure (bar)
    3.45372e+04   -1.23676e+05   -1.64661e+05    3.41180e+02    1.06186e+03
   Constr. rmsd
    2.23763e-06


DD  step 404999 load imb.: force  2.5%
           Step           Time
         405000      810.00000

   Energies (kJ/mol)
           Bond          Angle    Proper Dih. Per. Imp. Dih.          LJ-14
    1.88828e+02    2.89438e+02    3.81394e+02    1.31824e+01    1.71085e+02
     Coulomb-14        LJ (SR)   Coulomb (SR)   Coul. recip.      Potential
    2.33028e+03    2.48674e+04   -1.87395e+05    1.25968e+03   -1.57893e+05
    Kinetic En.   Total Energy  Conserved En.    Temperature Pressure (bar)
    3.45562e+04   -1.23337e+05   -1.64653e+05    3.41368e+02    6.74313e+02
   Constr. rmsd
    1.77121e-06


DD  step 405999 load imb.: force  4.1%
           Step           Time
         406000      812.00000

   Energies (kJ/mol)
           Bond          Angle    Proper Dih. Per. Imp. Dih.          LJ-14
    1.23237e+02    3.42729e+02    3.47676e+02    2.66348e+01    1.87346e+02
     Coulomb-14        LJ (SR)   Coulomb (SR)   Coul. recip.      Potential
    2.34340e+03    2.53381e+04   -1.88352e+05    1.33807e+03   -1.58305e+05
    Kinetic En.   Total Energy  Conserved En.    Temperature Pressure (bar)
    3.45965e+04   -1.23708e+05   -1.64646e+05    3.41766e+02    9.66393e+02
   Constr. rmsd
    2.32460e-06


DD  step 406999 load imb.: force  3.4%
           Step           Time
         407000      814.00000

   Energies (kJ/mol)
           Bond          Angle    Proper Dih. Per. Imp. Dih.          LJ-14
    1.31381e+02    3.61444e+02    3.39309e+02    2.17751e+01    1.62014e+02
     Coulomb-14        LJ (SR)   Coulomb (SR)   Coul. recip.      Potential
    2.33540e+03    2.57331e+04   -1.89089e+05    1.30833e+03   -1.58696e+05
    Kinetic En.   Total Energy  Conserved En.    Temperature Pressure (bar)
    3.45232e+04   -1.24173e+05   -1.64649e+05    3.41043e+02    9.16438e+02
   Constr. rmsd
    3.72256e-06


DD  step 407999 load imb.: force 11.0%
           Step           Time
         408000      816.00000

   Energies (kJ/mol)
           Bond          Angle    Proper Dih. Per. Imp. Dih.          LJ-14
    1.58831e+02    3.84664e+02    3.63462e+02    2.32484e+01    1.52199e+02
     Coulomb-14        LJ (SR)   Coulomb (SR)   Coul. recip.      Potential
    2.32060e+03    2.45845e+04   -1.87615e+05    1.30157e+03   -1.58326e+05
    Kinetic En.   Total Energy  Conserved En.    Temperature Pressure (bar)
    3.37411e+04   -1.24585e+05   -1.64630e+05    3.33316e+02    4.99489e+02
   Constr. rmsd
    2.23862e-06


DD  step 408999 load imb.: force  2.8%
           Step           Time
         409000      818.00000

   Energies (kJ/mol)
           Bond          Angle    Proper Dih. Per. Imp. Dih.          LJ-14
    1.29209e+02    2.82174e+02    3.67372e+02    1.54377e+01    1.90937e+02
     Coulomb-14        LJ (SR)   Coulomb (SR)   Coul. recip.      Potential
    2.36092e+03    2.53494e+04   -1.88956e+05    1.33499e+03   -1.58925e+05
    Kinetic En.   Total Energy  Conserved En.    Temperature Pressure (bar)
    3.45801e+04   -1.24345e+05   -1.64636e+05    3.41604e+02    9.06678e+02
   Constr. rmsd
    2.86436e-06


DD  step 409999 load imb.: force  1.8%
           Step           Time
         410000      820.00000

   Energies (kJ/mol)
           Bond          Angle    Proper Dih. Per. Imp. Dih.          LJ-14
    1.80645e+02    3.50812e+02    3.99134e+02    3.24288e+01    1.70687e+02
     Coulomb-14        LJ (SR)   Coulomb (SR)   Coul. recip.      Potential
    2.32478e+03    2.51641e+04   -1.87898e+05    1.32553e+03   -1.57950e+05
    Kinetic En.   Total Energy  Conserved En.    Temperature Pressure (bar)
    3.45545e+04   -1.23396e+05   -1.64620e+05    3.41351e+02    8.42517e+02
   Constr. rmsd
    2.65734e-06


DD  step 410999 load imb.: force  9.9%
           Step           Time
         411000      822.00000

   Energies (kJ/mol)
           Bond          Angle    Proper Dih. Per. Imp. Dih.          LJ-14
    1.74760e+02    3.12067e+02    3.71744e+02    1.09015e+01    1.79419e+02
     Coulomb-14        LJ (SR)   Coulomb (SR)   Coul. recip.      Potential
    2.32950e+03    2.49739e+04   -1.88396e+05    1.29099e+03   -1.58753e+05
    Kinetic En.   Total Energy  Conserved En.    Temperature Pressure (bar)
    3.45426e+04   -1.24211e+05   -1.64616e+05    3.41234e+02    6.99161e+02
   Constr. rmsd
    2.42681e-06


DD  step 411999 load imb.: force  8.1%
           Step           Time
         412000      824.00000

   Energies (kJ/mol)
           Bond          Angle    Proper Dih. Per. Imp. Dih.          LJ-14
    1.30279e+02    3.34687e+02    3.86183e+02    1.92089e+01    1.81123e+02
     Coulomb-14        LJ (SR)   Coulomb (SR)   Coul. recip.      Potential
    2.36294e+03    2.51791e+04   -1.88583e+05    1.34266e+03   -1.58647e+05
    Kinetic En.   Total Energy  Conserved En.    Temperature Pressure (bar)
    3.42069e+04   -1.24440e+05   -1.64599e+05    3.37917e+02    7.97263e+02
   Constr. rmsd
    2.62237e-06


DD  step 412999 load imb.: force  2.4%
           Step           Time
         413000      826.00000

   Energies (kJ/mol)
           Bond          Angle    Proper Dih. Per. Imp. Dih.          LJ-14
    1.62921e+02    2.97149e+02    3.79119e+02    1.45010e+01    1.81689e+02
     Coulomb-14        LJ (SR)   Coulomb (SR)   Coul. recip.      Potential
    2.36309e+03    2.51908e+04   -1.88554e+05    1.35481e+03   -1.58610e+05
    Kinetic En.   Total Energy  Conserved En.    Temperature Pressure (bar)
    3.50533e+04   -1.23557e+05   -1.64607e+05    3.46278e+02    8.12360e+02
   Constr. rmsd
    2.77374e-06


DD  step 413999 load imb.: force  4.8%
           Step           Time
         414000      828.00000

   Energies (kJ/mol)
           Bond          Angle    Proper Dih. Per. Imp. Dih.          LJ-14
    1.80560e+02    2.77009e+02    3.64105e+02    2.22368e+01    1.66955e+02
     Coulomb-14        LJ (SR)   Coulomb (SR)   Coul. recip.      Potential
    2.33137e+03    2.50655e+04   -1.88321e+05    1.31551e+03   -1.58598e+05
    Kinetic En.   Total Energy  Conserved En.    Temperature Pressure (bar)
    3.52147e+04   -1.23383e+05   -1.64600e+05    3.47873e+02    6.36779e+02
   Constr. rmsd
    3.15038e-06


DD  step 414999 load imb.: force  1.7%
           Step           Time
         415000      830.00000

   Energies (kJ/mol)
           Bond          Angle    Proper Dih. Per. Imp. Dih.          LJ-14
    1.27428e+02    3.27089e+02    3.51776e+02    2.04901e+01    1.69491e+02
     Coulomb-14        LJ (SR)   Coulomb (SR)   Coul. recip.      Potential
    2.30289e+03    2.60900e+04   -1.89951e+05    1.29726e+03   -1.59265e+05
    Kinetic En.   Total Energy  Conserved En.    Temperature Pressure (bar)
    3.43422e+04   -1.24923e+05   -1.64582e+05    3.39254e+02    1.12251e+03
   Constr. rmsd
    1.97484e-06


DD  step 415999 load imb.: force  2.4%
           Step           Time
         416000      832.00000

   Energies (kJ/mol)
           Bond          Angle    Proper Dih. Per. Imp. Dih.          LJ-14
    1.64160e+02    3.52197e+02    3.82608e+02    2.14658e+01    1.80654e+02
     Coulomb-14        LJ (SR)   Coulomb (SR)   Coul. recip.      Potential
    2.31210e+03    2.52440e+04   -1.88751e+05    1.28392e+03   -1.58810e+05
    Kinetic En.   Total Energy  Conserved En.    Temperature Pressure (bar)
    3.44192e+04   -1.24391e+05   -1.64577e+05    3.40015e+02    7.99597e+02
   Constr. rmsd
    4.12815e-06


DD  step 416999 load imb.: force  3.1%
           Step           Time
         417000      834.00000

   Energies (kJ/mol)
           Bond          Angle    Proper Dih. Per. Imp. Dih.          LJ-14
    1.47492e+02    3.10924e+02    3.97428e+02    1.46618e+01    1.79314e+02
     Coulomb-14        LJ (SR)   Coulomb (SR)   Coul. recip.      Potential
    2.35601e+03    2.53648e+04   -1.88488e+05    1.31582e+03   -1.58402e+05
    Kinetic En.   Total Energy  Conserved En.    Temperature Pressure (bar)
    3.47414e+04   -1.23661e+05   -1.64582e+05    3.43197e+02    9.05797e+02
   Constr. rmsd
    2.01132e-06


DD  step 417999 load imb.: force  7.8%
           Step           Time
         418000      836.00000

   Energies (kJ/mol)
           Bond          Angle    Proper Dih. Per. Imp. Dih.          LJ-14
    1.24647e+02    3.28305e+02    3.67621e+02    3.36363e+01    1.68636e+02
     Coulomb-14        LJ (SR)   Coulomb (SR)   Coul. recip.      Potential
    2.32765e+03    2.40826e+04   -1.86870e+05    1.28066e+03   -1.58156e+05
    Kinetic En.   Total Energy  Conserved En.    Temperature Pressure (bar)
    3.44859e+04   -1.23670e+05   -1.64570e+05    3.40674e+02    3.93147e+02
   Constr. rmsd
    2.86053e-06


DD  step 418999 load imb.: force  3.6%
           Step           Time
         419000      838.00000

   Energies (kJ/mol)
           Bond          Angle    Proper Dih. Per. Imp. Dih.          LJ-14
    1.50234e+02    3.31427e+02    3.51193e+02    1.95675e+01    1.79095e+02
     Coulomb-14        LJ (SR)   Coulomb (SR)   Coul. recip.      Potential
    2.26294e+03    2.51354e+04   -1.88047e+05    1.32122e+03   -1.58296e+05
    Kinetic En.   Total Energy  Conserved En.    Temperature Pressure (bar)
    3.43574e+04   -1.23938e+05   -1.64565e+05    3.39404e+02    7.88692e+02
   Constr. rmsd
    2.94200e-06


DD  step 419999 load imb.: force  2.6%
           Step           Time
         420000      840.00000

   Energies (kJ/mol)
           Bond          Angle    Proper Dih. Per. Imp. Dih.          LJ-14
    1.96000e+02    3.15642e+02    3.63193e+02    1.41077e+01    1.69831e+02
     Coulomb-14        LJ (SR)   Coulomb (SR)   Coul. recip.      Potential
    2.32216e+03    2.44001e+04   -1.87298e+05    1.30693e+03   -1.58210e+05
    Kinetic En.   Total Energy  Conserved En.    Temperature Pressure (bar)
    3.47278e+04   -1.23482e+05   -1.64554e+05    3.43063e+02    4.71463e+02
   Constr. rmsd
    2.96862e-06


DD  step 420999 load imb.: force  2.0%
           Step           Time
         421000      842.00000

   Energies (kJ/mol)
           Bond          Angle    Proper Dih. Per. Imp. Dih.          LJ-14
    1.81241e+02    3.52501e+02    3.44400e+02    1.39139e+01    1.67949e+02
     Coulomb-14        LJ (SR)   Coulomb (SR)   Coul. recip.      Potential
    2.30019e+03    2.50933e+04   -1.87711e+05    1.36408e+03   -1.57893e+05
    Kinetic En.   Total Energy  Conserved En.    Temperature Pressure (bar)
    3.46635e+04   -1.23230e+05   -1.64550e+05    3.42428e+02    7.58717e+02
   Constr. rmsd
    3.14099e-06


DD  step 421999 load imb.: force  3.1%
           Step           Time
         422000      844.00000

   Energies (kJ/mol)
           Bond          Angle    Proper Dih. Per. Imp. Dih.          LJ-14
    1.61563e+02    3.33252e+02    4.03672e+02    2.97994e+01    1.72818e+02
     Coulomb-14        LJ (SR)   Coulomb (SR)   Coul. recip.      Potential
    2.31282e+03    2.55010e+04   -1.88048e+05    1.32215e+03   -1.57811e+05
    Kinetic En.   Total Energy  Conserved En.    Temperature Pressure (bar)
    3.42688e+04   -1.23542e+05   -1.64536e+05    3.38528e+02    9.21295e+02
   Constr. rmsd
    3.12979e-06


DD  step 422999 load imb.: force  2.4%
           Step           Time
         423000      846.00000

   Energies (kJ/mol)
           Bond          Angle    Proper Dih. Per. Imp. Dih.          LJ-14
    1.49497e+02    3.20191e+02    4.05929e+02    2.47176e+01    1.76618e+02
     Coulomb-14        LJ (SR)   Coulomb (SR)   Coul. recip.      Potential
    2.35138e+03    2.49389e+04   -1.87755e+05    1.31114e+03   -1.58077e+05
    Kinetic En.   Total Energy  Conserved En.    Temperature Pressure (bar)
    3.43358e+04   -1.23741e+05   -1.64536e+05    3.39190e+02    7.55723e+02
   Constr. rmsd
    3.11152e-06


DD  step 423999 load imb.: force  3.7%
           Step           Time
         424000      848.00000

   Energies (kJ/mol)
           Bond          Angle    Proper Dih. Per. Imp. Dih.          LJ-14
    1.40864e+02    3.44287e+02    4.13402e+02    2.25345e+01    1.86751e+02
     Coulomb-14        LJ (SR)   Coulomb (SR)   Coul. recip.      Potential
    2.28963e+03    2.52937e+04   -1.88330e+05    1.32827e+03   -1.58311e+05
    Kinetic En.   Total Energy  Conserved En.    Temperature Pressure (bar)
    3.47074e+04   -1.23603e+05   -1.64526e+05    3.42861e+02    1.08363e+03
   Constr. rmsd
    2.15063e-06


DD  step 424999 load imb.: force  2.8%
           Step           Time
         425000      850.00000

   Energies (kJ/mol)
           Bond          Angle    Proper Dih. Per. Imp. Dih.          LJ-14
    1.53832e+02    3.30667e+02    3.66841e+02    2.01815e+01    1.76839e+02
     Coulomb-14        LJ (SR)   Coulomb (SR)   Coul. recip.      Potential
    2.27441e+03    2.51884e+04   -1.88107e+05    1.35125e+03   -1.58244e+05
    Kinetic En.   Total Energy  Conserved En.    Temperature Pressure (bar)
    3.46022e+04   -1.23642e+05   -1.64525e+05    3.41823e+02    8.10939e+02
   Constr. rmsd
    1.94551e-06


DD  step 425999 load imb.: force 13.4%
           Step           Time
         426000      852.00000

   Energies (kJ/mol)
           Bond          Angle    Proper Dih. Per. Imp. Dih.          LJ-14
    1.44526e+02    3.44725e+02    3.85939e+02    3.06355e+01    1.80794e+02
     Coulomb-14        LJ (SR)   Coulomb (SR)   Coul. recip.      Potential
    2.30747e+03    2.50211e+04   -1.88170e+05    1.29200e+03   -1.58462e+05
    Kinetic En.   Total Energy  Conserved En.    Temperature Pressure (bar)
    3.46580e+04   -1.23804e+05   -1.64514e+05    3.42374e+02    6.57847e+02
   Constr. rmsd
    2.07065e-06


DD  step 426999 load imb.: force  2.2%
           Step           Time
         427000      854.00000

   Energies (kJ/mol)
           Bond          Angle    Proper Dih. Per. Imp. Dih.          LJ-14
    1.49596e+02    3.49905e+02    3.41143e+02    3.04626e+01    1.76124e+02
     Coulomb-14        LJ (SR)   Coulomb (SR)   Coul. recip.      Potential
    2.28188e+03    2.41589e+04   -1.86839e+05    1.31498e+03   -1.58036e+05
    Kinetic En.   Total Energy  Conserved En.    Temperature Pressure (bar)
    3.43738e+04   -1.23662e+05   -1.64515e+05    3.39566e+02    4.01805e+02
   Constr. rmsd
    3.66966e-06


DD  step 427999 load imb.: force 21.0%
           Step           Time
         428000      856.00000

   Energies (kJ/mol)
           Bond          Angle    Proper Dih. Per. Imp. Dih.          LJ-14
    1.70737e+02    3.66496e+02    3.63661e+02    1.96701e+01    1.68126e+02
     Coulomb-14        LJ (SR)   Coulomb (SR)   Coul. recip.      Potential
    2.30068e+03    2.45959e+04   -1.86988e+05    1.29404e+03   -1.57709e+05
    Kinetic En.   Total Energy  Conserved En.    Temperature Pressure (bar)
    3.41959e+04   -1.23513e+05   -1.64513e+05    3.37808e+02    4.71440e+02
   Constr. rmsd
    2.35584e-06


DD  step 428999 load imb.: force  1.8%
           Step           Time
         429000      858.00000

   Energies (kJ/mol)
           Bond          Angle    Proper Dih. Per. Imp. Dih.          LJ-14
    1.14898e+02    3.16238e+02    3.56538e+02    4.25444e+01    1.69686e+02
     Coulomb-14        LJ (SR)   Coulomb (SR)   Coul. recip.      Potential
    2.34326e+03    2.56578e+04   -1.89009e+05    1.24898e+03   -1.58759e+05
    Kinetic En.   Total Energy  Conserved En.    Temperature Pressure (bar)
    3.43546e+04   -1.24405e+05   -1.64510e+05    3.39376e+02    9.51641e+02
   Constr. rmsd
    1.58338e-06


DD  step 429999 load imb.: force  2.0%
           Step           Time
         430000      860.00000

   Energies (kJ/mol)
           Bond          Angle    Proper Dih. Per. Imp. Dih.          LJ-14
    1.36206e+02    3.25791e+02    3.75429e+02    2.23161e+01    1.75291e+02
     Coulomb-14        LJ (SR)   Coulomb (SR)   Coul. recip.      Potential
    2.31733e+03    2.45649e+04   -1.87773e+05    1.29714e+03   -1.58559e+05
    Kinetic En.   Total Energy  Conserved En.    Temperature Pressure (bar)
    3.45541e+04   -1.24005e+05   -1.64507e+05    3.41347e+02    5.33986e+02
   Constr. rmsd
    3.15939e-06


DD  step 430999 load imb.: force  4.1%
           Step           Time
         431000      862.00000

   Energies (kJ/mol)
           Bond          Angle    Proper Dih. Per. Imp. Dih.          LJ-14
    1.63858e+02    3.29045e+02    3.38942e+02    2.16124e+01    1.77045e+02
     Coulomb-14        LJ (SR)   Coulomb (SR)   Coul. recip.      Potential
    2.32932e+03    2.59720e+04   -1.89043e+05    1.31299e+03   -1.58398e+05
    Kinetic En.   Total Energy  Conserved En.    Temperature Pressure (bar)
    3.39623e+04   -1.24436e+05   -1.64492e+05    3.35501e+02    1.10589e+03
   Constr. rmsd
    3.24775e-06


DD  step 431999 load imb.: force 18.6%
           Step           Time
         432000      864.00000

   Energies (kJ/mol)
           Bond          Angle    Proper Dih. Per. Imp. Dih.          LJ-14
    1.09826e+02    3.38534e+02    3.42602e+02    1.14434e+01    1.77091e+02
     Coulomb-14        LJ (SR)   Coulomb (SR)   Coul. recip.      Potential
    2.30204e+03    2.52420e+04   -1.89122e+05    1.33379e+03   -1.59265e+05
    Kinetic En.   Total Energy  Conserved En.    Temperature Pressure (bar)
    3.41708e+04   -1.25094e+05   -1.64492e+05    3.37560e+02    7.49431e+02
   Constr. rmsd
    2.32475e-06


DD  step 432999 load imb.: force  8.2%
           Step           Time
         433000      866.00000

   Energies (kJ/mol)
           Bond          Angle    Proper Dih. Per. Imp. Dih.          LJ-14
    1.37121e+02    3.08636e+02    4.19623e+02    4.23416e+01    1.73394e+02
     Coulomb-14        LJ (SR)   Coulomb (SR)   Coul. recip.      Potential
    2.35752e+03    2.47300e+04   -1.88574e+05    1.23271e+03   -1.59173e+05
    Kinetic En.   Total Energy  Conserved En.    Temperature Pressure (bar)
    3.44133e+04   -1.24759e+05   -1.64488e+05    3.39957e+02    4.66992e+02
   Constr. rmsd
    2.22542e-06


DD  step 433999 load imb.: force  2.1%
           Step           Time
         434000      868.00000

   Energies (kJ/mol)
           Bond          Angle    Proper Dih. Per. Imp. Dih.          LJ-14
    1.63622e+02    3.69639e+02    3.73704e+02    3.10281e+01    1.83115e+02
     Coulomb-14        LJ (SR)   Coulomb (SR)   Coul. recip.      Potential
    2.35310e+03    2.48167e+04   -1.87768e+05    1.35305e+03   -1.58124e+05
    Kinetic En.   Total Energy  Conserved En.    Temperature Pressure (bar)
    3.38410e+04   -1.24283e+05   -1.64471e+05    3.34302e+02    6.14942e+02
   Constr. rmsd
    2.31409e-06


DD  step 434999 load imb.: force  4.6%
           Step           Time
         435000      870.00000

   Energies (kJ/mol)
           Bond          Angle    Proper Dih. Per. Imp. Dih.          LJ-14
    1.41210e+02    3.33436e+02    4.02298e+02    1.40305e+01    1.70212e+02
     Coulomb-14        LJ (SR)   Coulomb (SR)   Coul. recip.      Potential
    2.33349e+03    2.43325e+04   -1.87144e+05    1.36337e+03   -1.58054e+05
    Kinetic En.   Total Energy  Conserved En.    Temperature Pressure (bar)
    3.47987e+04   -1.23255e+05   -1.64470e+05    3.43764e+02    5.03683e+02
   Constr. rmsd
    3.19696e-06


DD  step 435999 load imb.: force 20.7%
           Step           Time
         436000      872.00000

   Energies (kJ/mol)
           Bond          Angle    Proper Dih. Per. Imp. Dih.          LJ-14
    1.26044e+02    3.19903e+02    3.95902e+02    1.98881e+01    1.74634e+02
     Coulomb-14        LJ (SR)   Coulomb (SR)   Coul. recip.      Potential
    2.27983e+03    2.44552e+04   -1.87364e+05    1.36647e+03   -1.58226e+05
    Kinetic En.   Total Energy  Conserved En.    Temperature Pressure (bar)
    3.43748e+04   -1.23852e+05   -1.64461e+05    3.39576e+02    4.91118e+02
   Constr. rmsd
    2.22402e-06


DD  step 436999 load imb.: force  1.8%
           Step           Time
         437000      874.00000

   Energies (kJ/mol)
           Bond          Angle    Proper Dih. Per. Imp. Dih.          LJ-14
    1.78115e+02    3.25343e+02    3.50451e+02    2.32505e+01    1.70683e+02
     Coulomb-14        LJ (SR)   Coulomb (SR)   Coul. recip.      Potential
    2.31001e+03    2.53937e+04   -1.88180e+05    1.31078e+03   -1.58118e+05
    Kinetic En.   Total Energy  Conserved En.    Temperature Pressure (bar)
    3.45464e+04   -1.23571e+05   -1.64457e+05    3.41272e+02    9.25261e+02
   Constr. rmsd
    2.12761e-06


DD  step 437999 load imb.: force  1.2%
           Step           Time
         438000      876.00000

   Energies (kJ/mol)
           Bond          Angle    Proper Dih. Per. Imp. Dih.          LJ-14
    1.47056e+02    3.30063e+02    3.64240e+02    1.68047e+01    1.76389e+02
     Coulomb-14        LJ (SR)   Coulomb (SR)   Coul. recip.      Potential
    2.35221e+03    2.41346e+04   -1.87538e+05    1.30830e+03   -1.58708e+05
    Kinetic En.   Total Energy  Conserved En.    Temperature Pressure (bar)
    3.44389e+04   -1.24269e+05   -1.64455e+05    3.40209e+02    2.97532e+02
   Constr. rmsd
    2.10482e-06


DD  step 438999 load imb.: force 12.6%
           Step           Time
         439000      878.00000

   Energies (kJ/mol)
           Bond          Angle    Proper Dih. Per. Imp. Dih.          LJ-14
    1.83562e+02    2.85943e+02    3.59977e+02    3.74428e+01    1.61937e+02
     Coulomb-14        LJ (SR)   Coulomb (SR)   Coul. recip.      Potential
    2.36141e+03    2.50070e+04   -1.87986e+05    1.32759e+03   -1.58261e+05
    Kinetic En.   Total Energy  Conserved En.    Temperature Pressure (bar)
    3.41979e+04   -1.24063e+05   -1.64443e+05    3.37829e+02    7.18292e+02
   Constr. rmsd
    1.86575e-06


DD  step 439999 load imb.: force 19.1%
           Step           Time
         440000      880.00000

   Energies (kJ/mol)
           Bond          Angle    Proper Dih. Per. Imp. Dih.          LJ-14
    1.66979e+02    3.35070e+02    3.78642e+02    1.42435e+01    1.88760e+02
     Coulomb-14        LJ (SR)   Coulomb (SR)   Coul. recip.      Potential
    2.33476e+03    2.46539e+04   -1.87143e+05    1.29350e+03   -1.57777e+05
    Kinetic En.   Total Energy  Conserved En.    Temperature Pressure (bar)
    3.46999e+04   -1.23078e+05   -1.64446e+05    3.42788e+02    6.65526e+02
   Constr. rmsd
    3.63707e-06


DD  step 440999 load imb.: force 11.5%
           Step           Time
         441000      882.00000

   Energies (kJ/mol)
           Bond          Angle    Proper Dih. Per. Imp. Dih.          LJ-14
    1.59763e+02    3.55364e+02    3.67423e+02    1.81590e+01    1.72075e+02
     Coulomb-14        LJ (SR)   Coulomb (SR)   Coul. recip.      Potential
    2.31795e+03    2.52548e+04   -1.87650e+05    1.29149e+03   -1.57713e+05
    Kinetic En.   Total Energy  Conserved En.    Temperature Pressure (bar)
    3.42762e+04   -1.23437e+05   -1.64429e+05    3.38602e+02    9.16414e+02
   Constr. rmsd
    2.80565e-06


DD  step 441999 load imb.: force  3.9%
           Step           Time
         442000      884.00000

   Energies (kJ/mol)
           Bond          Angle    Proper Dih. Per. Imp. Dih.          LJ-14
    1.65790e+02    2.88509e+02    3.99004e+02    1.84271e+01    1.71108e+02
     Coulomb-14        LJ (SR)   Coulomb (SR)   Coul. recip.      Potential
    2.28831e+03    2.44900e+04   -1.87875e+05    1.38953e+03   -1.58664e+05
    Kinetic En.   Total Energy  Conserved En.    Temperature Pressure (bar)
    3.44389e+04   -1.24225e+05   -1.64422e+05    3.40210e+02    3.99408e+02
   Constr. rmsd
    2.86038e-06


DD  step 442999 load imb.: force 10.8%
           Step           Time
         443000      886.00000

   Energies (kJ/mol)
           Bond          Angle    Proper Dih. Per. Imp. Dih.          LJ-14
    1.65736e+02    2.79279e+02    3.75116e+02    2.55150e+01    1.49717e+02
     Coulomb-14        LJ (SR)   Coulomb (SR)   Coul. recip.      Potential
    2.30274e+03    2.45945e+04   -1.87787e+05    1.26740e+03   -1.58627e+05
    Kinetic En.   Total Energy  Conserved En.    Temperature Pressure (bar)
    3.35234e+04   -1.25104e+05   -1.64419e+05    3.31165e+02    2.92324e+02
   Constr. rmsd
    3.10677e-06


DD  step 443999 load imb.: force 15.1%
           Step           Time
         444000      888.00000

   Energies (kJ/mol)
           Bond          Angle    Proper Dih. Per. Imp. Dih.          LJ-14
    1.46019e+02    3.16400e+02    3.71046e+02    2.22401e+01    1.78531e+02
     Coulomb-14        LJ (SR)   Coulomb (SR)   Coul. recip.      Potential
    2.35648e+03    2.56790e+04   -1.89307e+05    1.32114e+03   -1.58916e+05
    Kinetic En.   Total Energy  Conserved En.    Temperature Pressure (bar)
    3.42456e+04   -1.24671e+05   -1.64415e+05    3.38299e+02    1.00049e+03
   Constr. rmsd
    2.48127e-06


DD  step 444999 load imb.: force 11.8%
           Step           Time
         445000      890.00000

   Energies (kJ/mol)
           Bond          Angle    Proper Dih. Per. Imp. Dih.          LJ-14
    1.04271e+02    2.94710e+02    3.66445e+02    2.25492e+01    1.83635e+02
     Coulomb-14        LJ (SR)   Coulomb (SR)   Coul. recip.      Potential
    2.34921e+03    2.51876e+04   -1.88929e+05    1.28641e+03   -1.59134e+05
    Kinetic En.   Total Energy  Conserved En.    Temperature Pressure (bar)
    3.37679e+04   -1.25366e+05   -1.64408e+05    3.33581e+02    7.10647e+02
   Constr. rmsd
    2.11816e-06


DD  step 445999 load imb.: force  3.9%
           Step           Time
         446000      892.00000

   Energies (kJ/mol)
           Bond          Angle    Proper Dih. Per. Imp. Dih.          LJ-14
    1.44835e+02    3.19659e+02    3.81387e+02    1.83132e+01    1.60366e+02
     Coulomb-14        LJ (SR)   Coulomb (SR)   Coul. recip.      Potential
    2.30826e+03    2.51931e+04   -1.88309e+05    1.30134e+03   -1.58481e+05
    Kinetic En.   Total Energy  Conserved En.    Temperature Pressure (bar)
    3.40702e+04   -1.24411e+05   -1.64409e+05    3.36567e+02    8.40685e+02
   Constr. rmsd
    2.60608e-06


DD  step 446999 load imb.: force  2.9%
           Step           Time
         447000      894.00000

   Energies (kJ/mol)
           Bond          Angle    Proper Dih. Per. Imp. Dih.          LJ-14
    1.56125e+02    2.77039e+02    3.81652e+02    2.14192e+01    1.72929e+02
     Coulomb-14        LJ (SR)   Coulomb (SR)   Coul. recip.      Potential
    2.37075e+03    2.49977e+04   -1.87830e+05    1.29827e+03   -1.58154e+05
    Kinetic En.   Total Energy  Conserved En.    Temperature Pressure (bar)
    3.45021e+04   -1.23652e+05   -1.64407e+05    3.40834e+02    8.41451e+02
   Constr. rmsd
    2.64498e-06


DD  step 447999 load imb.: force 19.0%
           Step           Time
         448000      896.00000

   Energies (kJ/mol)
           Bond          Angle    Proper Dih. Per. Imp. Dih.          LJ-14
    1.18057e+02    3.15470e+02    3.69644e+02    1.78685e+01    1.85785e+02
     Coulomb-14        LJ (SR)   Coulomb (SR)   Coul. recip.      Potential
    2.33161e+03    2.43655e+04   -1.86870e+05    1.28798e+03   -1.57878e+05
    Kinetic En.   Total Energy  Conserved En.    Temperature Pressure (bar)
    3.40138e+04   -1.23864e+05   -1.64405e+05    3.36010e+02    6.53992e+02
   Constr. rmsd
    2.54843e-06


DD  step 448999 load imb.: force 13.1%
           Step           Time
         449000      898.00000

   Energies (kJ/mol)
           Bond          Angle    Proper Dih. Per. Imp. Dih.          LJ-14
    1.74258e+02    3.15046e+02    3.59873e+02    2.63714e+01    1.63865e+02
     Coulomb-14        LJ (SR)   Coulomb (SR)   Coul. recip.      Potential
    2.30373e+03    2.50110e+04   -1.87740e+05    1.35841e+03   -1.58027e+05
    Kinetic En.   Total Energy  Conserved En.    Temperature Pressure (bar)
    3.44521e+04   -1.23575e+05   -1.64392e+05    3.40340e+02    7.74734e+02
   Constr. rmsd
    2.70678e-06


DD  step 449999 load imb.: force  2.7%
           Step           Time
         450000      900.00000

   Energies (kJ/mol)
           Bond          Angle    Proper Dih. Per. Imp. Dih.          LJ-14
    1.55988e+02    3.48203e+02    3.71200e+02    2.57094e+01    1.69627e+02
     Coulomb-14        LJ (SR)   Coulomb (SR)   Coul. recip.      Potential
    2.32305e+03    2.52538e+04   -1.88055e+05    1.32766e+03   -1.58080e+05
    Kinetic En.   Total Energy  Conserved En.    Temperature Pressure (bar)
    3.44116e+04   -1.23668e+05   -1.64384e+05    3.39939e+02    9.19292e+02
   Constr. rmsd
    2.73643e-06


DD  step 450999 load imb.: force  3.3%
           Step           Time
         451000      902.00000

   Energies (kJ/mol)
           Bond          Angle    Proper Dih. Per. Imp. Dih.          LJ-14
    1.58655e+02    3.13751e+02    3.44989e+02    2.88142e+01    1.81741e+02
     Coulomb-14        LJ (SR)   Coulomb (SR)   Coul. recip.      Potential
    2.37192e+03    2.47298e+04   -1.88181e+05    1.27626e+03   -1.58775e+05
    Kinetic En.   Total Energy  Conserved En.    Temperature Pressure (bar)
    3.45985e+04   -1.24176e+05   -1.64376e+05    3.41786e+02    5.62630e+02
   Constr. rmsd
    1.95604e-06


DD  step 451999 load imb.: force 20.4%
           Step           Time
         452000      904.00000

   Energies (kJ/mol)
           Bond          Angle    Proper Dih. Per. Imp. Dih.          LJ-14
    1.83096e+02    3.80931e+02    3.62482e+02    2.21984e+01    1.50053e+02
     Coulomb-14        LJ (SR)   Coulomb (SR)   Coul. recip.      Potential
    2.29781e+03    2.42473e+04   -1.86522e+05    1.31383e+03   -1.57564e+05
    Kinetic En.   Total Energy  Conserved En.    Temperature Pressure (bar)
    3.40683e+04   -1.23496e+05   -1.64366e+05    3.36548e+02    4.25655e+02
   Constr. rmsd
    3.12759e-06


DD  step 452999 load imb.: force  2.5%
           Step           Time
         453000      906.00000

   Energies (kJ/mol)
           Bond          Angle    Proper Dih. Per. Imp. Dih.          LJ-14
    1.56980e+02    3.46746e+02    3.90146e+02    2.42884e+01    1.60232e+02
     Coulomb-14        LJ (SR)   Coulomb (SR)   Coul. recip.      Potential
    2.27298e+03    2.50428e+04   -1.87242e+05    1.28382e+03   -1.57564e+05
    Kinetic En.   Total Energy  Conserved En.    Temperature Pressure (bar)
    3.42879e+04   -1.23276e+05   -1.64356e+05    3.38717e+02    9.00275e+02
   Constr. rmsd
    2.40987e-06


DD  step 453999 load imb.: force  2.2%
           Step           Time
         454000      908.00000

   Energies (kJ/mol)
           Bond          Angle    Proper Dih. Per. Imp. Dih.          LJ-14
    1.60925e+02    3.63039e+02    3.69961e+02    1.84564e+01    1.70479e+02
     Coulomb-14        LJ (SR)   Coulomb (SR)   Coul. recip.      Potential
    2.28693e+03    2.48038e+04   -1.87349e+05    1.23949e+03   -1.57936e+05
    Kinetic En.   Total Energy  Conserved En.    Temperature Pressure (bar)
    3.43249e+04   -1.23611e+05   -1.64357e+05    3.39083e+02    6.62344e+02
   Constr. rmsd
    3.24701e-06


DD  step 454999 load imb.: force  3.3%
           Step           Time
         455000      910.00000

   Energies (kJ/mol)
           Bond          Angle    Proper Dih. Per. Imp. Dih.          LJ-14
    1.53433e+02    2.99831e+02    3.63493e+02    2.81575e+01    1.74711e+02
     Coulomb-14        LJ (SR)   Coulomb (SR)   Coul. recip.      Potential
    2.31500e+03    2.42314e+04   -1.87406e+05    1.35597e+03   -1.58484e+05
    Kinetic En.   Total Energy  Conserved En.    Temperature Pressure (bar)
    3.46054e+04   -1.23878e+05   -1.64353e+05    3.41854e+02    4.44845e+02
   Constr. rmsd
    2.48196e-06


DD  step 455999 load imb.: force 20.8%
           Step           Time
         456000      912.00000

   Energies (kJ/mol)
           Bond          Angle    Proper Dih. Per. Imp. Dih.          LJ-14
    1.63172e+02    3.19588e+02    3.61645e+02    1.07761e+01    1.81784e+02
     Coulomb-14        LJ (SR)   Coulomb (SR)   Coul. recip.      Potential
    2.30273e+03    2.49297e+04   -1.87120e+05    1.31819e+03   -1.57533e+05
    Kinetic En.   Total Energy  Conserved En.    Temperature Pressure (bar)
    3.35389e+04   -1.23994e+05   -1.64336e+05    3.31318e+02    8.48298e+02
   Constr. rmsd
    2.49258e-06


DD  step 456999 load imb.: force  3.1%
           Step           Time
         457000      914.00000

   Energies (kJ/mol)
           Bond          Angle    Proper Dih. Per. Imp. Dih.          LJ-14
    1.73602e+02    2.90522e+02    3.85787e+02    2.73424e+01    1.67958e+02
     Coulomb-14        LJ (SR)   Coulomb (SR)   Coul. recip.      Potential
    2.30871e+03    2.49539e+04   -1.87529e+05    1.30783e+03   -1.57914e+05
    Kinetic En.   Total Energy  Conserved En.    Temperature Pressure (bar)
    3.43416e+04   -1.23572e+05   -1.64340e+05    3.39248e+02    6.88848e+02
   Constr. rmsd
    2.51792e-06


DD  step 457999 load imb.: force  3.1%
           Step           Time
         458000      916.00000

   Energies (kJ/mol)
           Bond          Angle    Proper Dih. Per. Imp. Dih.          LJ-14
    1.65332e+02    3.29219e+02    3.64074e+02    1.58503e+01    2.01228e+02
     Coulomb-14        LJ (SR)   Coulomb (SR)   Coul. recip.      Potential
    2.34027e+03    2.52595e+04   -1.88095e+05    1.34050e+03   -1.58079e+05
    Kinetic En.   Total Energy  Conserved En.    Temperature Pressure (bar)
    3.45931e+04   -1.23486e+05   -1.64328e+05    3.41733e+02    9.13329e+02
   Constr. rmsd
    2.24931e-06


DD  step 458999 load imb.: force  2.1%
           Step           Time
         459000      918.00000

   Energies (kJ/mol)
           Bond          Angle    Proper Dih. Per. Imp. Dih.          LJ-14
    1.55661e+02    3.28343e+02    3.75317e+02    2.45319e+01    1.87823e+02
     Coulomb-14        LJ (SR)   Coulomb (SR)   Coul. recip.      Potential
    2.29070e+03    2.58776e+04   -1.88535e+05    1.29713e+03   -1.57998e+05
    Kinetic En.   Total Energy  Conserved En.    Temperature Pressure (bar)
    3.43614e+04   -1.23637e+05   -1.64328e+05    3.39444e+02    1.16353e+03
   Constr. rmsd
    3.71162e-06


DD  step 459999 load imb.: force 20.1%
           Step           Time
         460000      920.00000

   Energies (kJ/mol)
           Bond          Angle    Proper Dih. Per. Imp. Dih.          LJ-14
    1.68893e+02    3.30840e+02    3.53890e+02    1.16085e+01    1.66966e+02
     Coulomb-14        LJ (SR)   Coulomb (SR)   Coul. recip.      Potential
    2.28256e+03    2.44002e+04   -1.87410e+05    1.32774e+03   -1.58367e+05
    Kinetic En.   Total Energy  Conserved En.    Temperature Pressure (bar)
    3.43409e+04   -1.24026e+05   -1.64326e+05    3.39241e+02    3.59149e+02
   Constr. rmsd
    1.57245e-06


DD  step 460999 load imb.: force  4.4%
           Step           Time
         461000      922.00000

   Energies (kJ/mol)
           Bond          Angle    Proper Dih. Per. Imp. Dih.          LJ-14
    1.46348e+02    2.88965e+02    4.02440e+02    1.67488e+01    1.82590e+02
     Coulomb-14        LJ (SR)   Coulomb (SR)   Coul. recip.      Potential
    2.32329e+03    2.45814e+04   -1.87552e+05    1.30422e+03   -1.58306e+05
    Kinetic En.   Total Energy  Conserved En.    Temperature Pressure (bar)
    3.43036e+04   -1.24002e+05   -1.64319e+05    3.38873e+02    6.54936e+02
   Constr. rmsd
    1.78177e-06


DD  step 461999 load imb.: force  3.3%
           Step           Time
         462000      924.00000

   Energies (kJ/mol)
           Bond          Angle    Proper Dih. Per. Imp. Dih.          LJ-14
    1.22506e+02    3.51716e+02    3.57472e+02    3.33148e+01    1.63123e+02
     Coulomb-14        LJ (SR)   Coulomb (SR)   Coul. recip.      Potential
    2.32397e+03    2.40323e+04   -1.87455e+05    1.35953e+03   -1.58711e+05
    Kinetic En.   Total Energy  Conserved En.    Temperature Pressure (bar)
    3.43097e+04   -1.24401e+05   -1.64307e+05    3.38933e+02    2.09471e+02
   Constr. rmsd
    1.76652e-06


DD  step 462999 load imb.: force  3.8%
           Step           Time
         463000      926.00000

   Energies (kJ/mol)
           Bond          Angle    Proper Dih. Per. Imp. Dih.          LJ-14
    1.45642e+02    3.13866e+02    3.70310e+02    1.61742e+01    1.73758e+02
     Coulomb-14        LJ (SR)   Coulomb (SR)   Coul. recip.      Potential
    2.34408e+03    2.47818e+04   -1.88225e+05    1.30264e+03   -1.58777e+05
    Kinetic En.   Total Energy  Conserved En.    Temperature Pressure (bar)
    3.42621e+04   -1.24515e+05   -1.64302e+05    3.38463e+02    5.77890e+02
   Constr. rmsd
    1.64527e-06


DD  step 463999 load imb.: force 18.7%
           Step           Time
         464000      928.00000

   Energies (kJ/mol)
           Bond          Angle    Proper Dih. Per. Imp. Dih.          LJ-14
    1.53111e+02    3.09914e+02    3.84148e+02    2.61084e+01    1.66432e+02
     Coulomb-14        LJ (SR)   Coulomb (SR)   Coul. recip.      Potential
    2.35302e+03    2.50542e+04   -1.87484e+05    1.30459e+03   -1.57733e+05
    Kinetic En.   Total Energy  Conserved En.    Temperature Pressure (bar)
    3.42854e+04   -1.23447e+05   -1.64292e+05    3.38693e+02    8.28026e+02
   Constr. rmsd
    2.13067e-06


DD  step 464999 load imb.: force  4.1%
           Step           Time
         465000      930.00000

   Energies (kJ/mol)
           Bond          Angle    Proper Dih. Per. Imp. Dih.          LJ-14
    1.17742e+02    2.92619e+02    3.99722e+02    3.39973e+01    1.78110e+02
     Coulomb-14        LJ (SR)   Coulomb (SR)   Coul. recip.      Potential
    2.32032e+03    2.50518e+04   -1.88145e+05    1.31288e+03   -1.58438e+05
    Kinetic En.   Total Energy  Conserved En.    Temperature Pressure (bar)
    3.50973e+04   -1.23341e+05   -1.64298e+05    3.46714e+02    7.80633e+02
   Constr. rmsd
    6.43542e-06


DD  step 465999 load imb.: force  2.7%
           Step           Time
         466000      932.00000

   Energies (kJ/mol)
           Bond          Angle    Proper Dih. Per. Imp. Dih.          LJ-14
    1.27029e+02    3.41360e+02    3.70618e+02    2.39832e+01    1.71980e+02
     Coulomb-14        LJ (SR)   Coulomb (SR)   Coul. recip.      Potential
    2.36293e+03    2.45885e+04   -1.87545e+05    1.34028e+03   -1.58218e+05
    Kinetic En.   Total Energy  Conserved En.    Temperature Pressure (bar)
    3.46037e+04   -1.23614e+05   -1.64281e+05    3.41837e+02    5.90980e+02
   Constr. rmsd
    2.65596e-06


DD  step 466999 load imb.: force  1.8%
           Step           Time
         467000      934.00000

   Energies (kJ/mol)
           Bond          Angle    Proper Dih. Per. Imp. Dih.          LJ-14
    1.48437e+02    3.12074e+02    3.78834e+02    1.79950e+01    1.60369e+02
     Coulomb-14        LJ (SR)   Coulomb (SR)   Coul. recip.      Potential
    2.29738e+03    2.50440e+04   -1.88138e+05    1.31309e+03   -1.58466e+05
    Kinetic En.   Total Energy  Conserved En.    Temperature Pressure (bar)
    3.46397e+04   -1.23826e+05   -1.64290e+05    3.42193e+02    6.24181e+02
   Constr. rmsd
    2.17809e-06


DD  step 467999 load imb.: force 17.9%
           Step           Time
         468000      936.00000

   Energies (kJ/mol)
           Bond          Angle    Proper Dih. Per. Imp. Dih.          LJ-14
    1.61695e+02    3.31865e+02    3.75965e+02    1.53632e+01    1.48159e+02
     Coulomb-14        LJ (SR)   Coulomb (SR)   Coul. recip.      Potential
    2.26670e+03    2.49961e+04   -1.87772e+05    1.36592e+03   -1.58110e+05
    Kinetic En.   Total Energy  Conserved En.    Temperature Pressure (bar)
    3.41709e+04   -1.23939e+05   -1.64283e+05    3.37562e+02    8.06563e+02
   Constr. rmsd
    3.06616e-06


DD  step 468999 load imb.: force  2.3%
           Step           Time
         469000      938.00000

   Energies (kJ/mol)
           Bond          Angle    Proper Dih. Per. Imp. Dih.          LJ-14
    1.40197e+02    2.93329e+02    3.70920e+02    1.81814e+01    1.66749e+02
     Coulomb-14        LJ (SR)   Coulomb (SR)   Coul. recip.      Potential
    2.26626e+03    2.46439e+04   -1.87741e+05    1.33980e+03   -1.58502e+05
    Kinetic En.   Total Energy  Conserved En.    Temperature Pressure (bar)
    3.42389e+04   -1.24263e+05   -1.64279e+05    3.38234e+02    5.41455e+02
   Constr. rmsd
    3.79586e-06


DD  step 469999 load imb.: force  3.3%
           Step           Time
         470000      940.00000

   Energies (kJ/mol)
           Bond          Angle    Proper Dih. Per. Imp. Dih.          LJ-14
    1.57161e+02    2.72314e+02    3.49958e+02    1.26473e+01    1.57255e+02
     Coulomb-14        LJ (SR)   Coulomb (SR)   Coul. recip.      Potential
    2.32011e+03    2.53594e+04   -1.88515e+05    1.26604e+03   -1.58620e+05
    Kinetic En.   Total Energy  Conserved En.    Temperature Pressure (bar)
    3.38355e+04   -1.24785e+05   -1.64266e+05    3.34249e+02    7.62506e+02
   Constr. rmsd
    1.67748e-06


DD  step 470999 load imb.: force  2.7%
           Step           Time
         471000      942.00000

   Energies (kJ/mol)
           Bond          Angle    Proper Dih. Per. Imp. Dih.          LJ-14
    1.47949e+02    2.87110e+02    3.56964e+02    3.03884e+01    1.78917e+02
     Coulomb-14        LJ (SR)   Coulomb (SR)   Coul. recip.      Potential
    2.32835e+03    2.45513e+04   -1.87615e+05    1.33839e+03   -1.58396e+05
    Kinetic En.   Total Energy  Conserved En.    Temperature Pressure (bar)
    3.42693e+04   -1.24127e+05   -1.64263e+05    3.38533e+02    5.14939e+02
   Constr. rmsd
    3.04045e-06


DD  step 471999 load imb.: force 18.7%
           Step           Time
         472000      944.00000

   Energies (kJ/mol)
           Bond          Angle    Proper Dih. Per. Imp. Dih.          LJ-14
    1.57124e+02    4.13153e+02    3.41185e+02    2.02779e+01    1.81645e+02
     Coulomb-14        LJ (SR)   Coulomb (SR)   Coul. recip.      Potential
    2.27411e+03    2.51214e+04   -1.87956e+05    1.31877e+03   -1.58128e+05
    Kinetic En.   Total Energy  Conserved En.    Temperature Pressure (bar)
    3.45752e+04   -1.23553e+05   -1.64252e+05    3.41556e+02    7.98138e+02
   Constr. rmsd
    2.18433e-06


DD  step 472999 load imb.: force  3.6%
           Step           Time
         473000      946.00000

   Energies (kJ/mol)
           Bond          Angle    Proper Dih. Per. Imp. Dih.          LJ-14
    1.75525e+02    3.40734e+02    3.32155e+02    2.77922e+01    1.81619e+02
     Coulomb-14        LJ (SR)   Coulomb (SR)   Coul. recip.      Potential
    2.34698e+03    2.48958e+04   -1.87401e+05    1.29646e+03   -1.57804e+05
    Kinetic En.   Total Energy  Conserved En.    Temperature Pressure (bar)
    3.45549e+04   -1.23249e+05   -1.64253e+05    3.41355e+02    6.66111e+02
   Constr. rmsd
    2.00365e-06


DD  step 473999 load imb.: force  3.9%
           Step           Time
         474000      948.00000

   Energies (kJ/mol)
           Bond          Angle    Proper Dih. Per. Imp. Dih.          LJ-14
    1.43351e+02    3.23968e+02    3.77300e+02    1.29491e+01    1.75117e+02
     Coulomb-14        LJ (SR)   Coulomb (SR)   Coul. recip.      Potential
    2.31586e+03    2.44826e+04   -1.87461e+05    1.31288e+03   -1.58317e+05
    Kinetic En.   Total Energy  Conserved En.    Temperature Pressure (bar)
    3.43602e+04   -1.23957e+05   -1.64249e+05    3.39432e+02    5.83935e+02
   Constr. rmsd
    1.99129e-06


DD  step 474999 load imb.: force  2.2%
           Step           Time
         475000      950.00000

   Energies (kJ/mol)
           Bond          Angle    Proper Dih. Per. Imp. Dih.          LJ-14
    1.38578e+02    3.72909e+02    3.68471e+02    2.41340e+01    1.82816e+02
     Coulomb-14        LJ (SR)   Coulomb (SR)   Coul. recip.      Potential
    2.35069e+03    2.45536e+04   -1.87453e+05    1.33095e+03   -1.58131e+05
    Kinetic En.   Total Energy  Conserved En.    Temperature Pressure (bar)
    3.41997e+04   -1.23931e+05   -1.64241e+05    3.37846e+02    5.49560e+02
   Constr. rmsd
    2.18488e-06


DD  step 475999 load imb.: force  5.4%
           Step           Time
         476000      952.00000

   Energies (kJ/mol)
           Bond          Angle    Proper Dih. Per. Imp. Dih.          LJ-14
    1.71982e+02    3.30108e+02    3.87118e+02    1.19795e+01    1.59460e+02
     Coulomb-14        LJ (SR)   Coulomb (SR)   Coul. recip.      Potential
    2.29418e+03    2.56014e+04   -1.87974e+05    1.31975e+03   -1.57698e+05
    Kinetic En.   Total Energy  Conserved En.    Temperature Pressure (bar)
    3.42583e+04   -1.23440e+05   -1.64233e+05    3.38426e+02    1.11586e+03
   Constr. rmsd
    2.91488e-06


DD  step 476999 load imb.: force  2.6%
           Step           Time
         477000      954.00000

   Energies (kJ/mol)
           Bond          Angle    Proper Dih. Per. Imp. Dih.          LJ-14
    1.26664e+02    2.98649e+02    3.81957e+02    2.85452e+01    2.03003e+02
     Coulomb-14        LJ (SR)   Coulomb (SR)   Coul. recip.      Potential
    2.30011e+03    2.44945e+04   -1.87101e+05    1.25571e+03   -1.58012e+05
    Kinetic En.   Total Energy  Conserved En.    Temperature Pressure (bar)
    3.40627e+04   -1.23949e+05   -1.64227e+05    3.36492e+02    6.98475e+02
   Constr. rmsd
    3.22506e-06


DD  step 477999 load imb.: force  2.8%
           Step           Time
         478000      956.00000

   Energies (kJ/mol)
           Bond          Angle    Proper Dih. Per. Imp. Dih.          LJ-14
    1.66063e+02    3.25229e+02    3.59077e+02    2.45970e+01    1.60046e+02
     Coulomb-14        LJ (SR)   Coulomb (SR)   Coul. recip.      Potential
    2.33996e+03    2.48828e+04   -1.87793e+05    1.27912e+03   -1.58256e+05
    Kinetic En.   Total Energy  Conserved En.    Temperature Pressure (bar)
    3.37687e+04   -1.24487e+05   -1.64211e+05    3.33589e+02    6.10575e+02
   Constr. rmsd
    2.29924e-06


DD  step 478999 load imb.: force  3.5%
           Step           Time
         479000      958.00000

   Energies (kJ/mol)
           Bond          Angle    Proper Dih. Per. Imp. Dih.          LJ-14
    1.36000e+02    3.47867e+02    3.76900e+02    1.69167e+01    1.85991e+02
     Coulomb-14        LJ (SR)   Coulomb (SR)   Coul. recip.      Potential
    2.31639e+03    2.57044e+04   -1.88884e+05    1.29230e+03   -1.58507e+05
    Kinetic En.   Total Energy  Conserved En.    Temperature Pressure (bar)
    3.47152e+04   -1.23792e+05   -1.64210e+05    3.42939e+02    1.10546e+03
   Constr. rmsd
    1.89162e-06


DD  step 479999 load imb.: force  1.7%
           Step           Time
         480000      960.00000

   Energies (kJ/mol)
           Bond          Angle    Proper Dih. Per. Imp. Dih.          LJ-14
    1.51319e+02    3.23372e+02    3.71974e+02    2.59537e+01    1.64527e+02
     Coulomb-14        LJ (SR)   Coulomb (SR)   Coul. recip.      Potential
    2.34124e+03    2.45093e+04   -1.87155e+05    1.29442e+03   -1.57973e+05
    Kinetic En.   Total Energy  Conserved En.    Temperature Pressure (bar)
    3.52433e+04   -1.22730e+05   -1.64214e+05    3.48156e+02    5.41244e+02
   Constr. rmsd
    2.73752e-06


DD  step 480999 load imb.: force  4.1%
           Step           Time
         481000      962.00000

   Energies (kJ/mol)
           Bond          Angle    Proper Dih. Per. Imp. Dih.          LJ-14
    1.50923e+02    3.20351e+02    3.91107e+02    2.76812e+01    1.80758e+02
     Coulomb-14        LJ (SR)   Coulomb (SR)   Coul. recip.      Potential
    2.34221e+03    2.48329e+04   -1.87517e+05    1.29312e+03   -1.57978e+05
    Kinetic En.   Total Energy  Conserved En.    Temperature Pressure (bar)
    3.45098e+04   -1.23468e+05   -1.64206e+05    3.40910e+02    6.85492e+02
   Constr. rmsd
    3.15594e-06


DD  step 481999 load imb.: force  3.8%
           Step           Time
         482000      964.00000

   Energies (kJ/mol)
           Bond          Angle    Proper Dih. Per. Imp. Dih.          LJ-14
    1.47898e+02    3.00336e+02    4.05929e+02    1.83912e+01    1.67461e+02
     Coulomb-14        LJ (SR)   Coulomb (SR)   Coul. recip.      Potential
    2.32053e+03    2.50683e+04   -1.88147e+05    1.28337e+03   -1.58435e+05
    Kinetic En.   Total Energy  Conserved En.    Temperature Pressure (bar)
    3.46524e+04   -1.23783e+05   -1.64205e+05    3.42318e+02    6.98071e+02
   Constr. rmsd
    2.10494e-06


DD  step 482999 load imb.: force  2.9%
           Step           Time
         483000      966.00000

   Energies (kJ/mol)
           Bond          Angle    Proper Dih. Per. Imp. Dih.          LJ-14
    1.70860e+02    3.03584e+02    3.49911e+02    2.46602e+01    1.65624e+02
     Coulomb-14        LJ (SR)   Coulomb (SR)   Coul. recip.      Potential
    2.30835e+03    2.45387e+04   -1.87916e+05    1.33823e+03   -1.58717e+05
    Kinetic En.   Total Energy  Conserved En.    Temperature Pressure (bar)
    3.37229e+04   -1.24994e+05   -1.64191e+05    3.33136e+02    3.46687e+02
   Constr. rmsd
    2.36156e-06


DD  step 483999 load imb.: force 10.8%
           Step           Time
         484000      968.00000

   Energies (kJ/mol)
           Bond          Angle    Proper Dih. Per. Imp. Dih.          LJ-14
    1.39849e+02    2.95848e+02    4.20005e+02    2.83139e+01    1.66698e+02
     Coulomb-14        LJ (SR)   Coulomb (SR)   Coul. recip.      Potential
    2.34797e+03    2.46009e+04   -1.87753e+05    1.25745e+03   -1.58496e+05
    Kinetic En.   Total Energy  Conserved En.    Temperature Pressure (bar)
    3.40663e+04   -1.24429e+05   -1.64182e+05    3.36529e+02    4.25891e+02
   Constr. rmsd
    2.34129e-06


DD  step 484999 load imb.: force  3.7%
           Step           Time
         485000      970.00000

   Energies (kJ/mol)
           Bond          Angle    Proper Dih. Per. Imp. Dih.          LJ-14
    1.35061e+02    3.17899e+02    3.74333e+02    1.89567e+01    1.90275e+02
     Coulomb-14        LJ (SR)   Coulomb (SR)   Coul. recip.      Potential
    2.30352e+03    2.46294e+04   -1.87613e+05    1.37241e+03   -1.58271e+05
    Kinetic En.   Total Energy  Conserved En.    Temperature Pressure (bar)
    3.42451e+04   -1.24026e+05   -1.64174e+05    3.38295e+02    6.73080e+02
   Constr. rmsd
    1.92758e-06


DD  step 485999 load imb.: force  3.0%
           Step           Time
         486000      972.00000

   Energies (kJ/mol)
           Bond          Angle    Proper Dih. Per. Imp. Dih.          LJ-14
    1.79639e+02    3.18031e+02    4.25637e+02    1.97094e+01    1.54167e+02
     Coulomb-14        LJ (SR)   Coulomb (SR)   Coul. recip.      Potential
    2.28375e+03    2.42045e+04   -1.86998e+05    1.28039e+03   -1.58132e+05
    Kinetic En.   Total Energy  Conserved En.    Temperature Pressure (bar)
    3.44846e+04   -1.23648e+05   -1.64177e+05    3.40660e+02    3.32616e+02
   Constr. rmsd
    3.49805e-06


DD  step 486999 load imb.: force  2.5%
           Step           Time
         487000      974.00000

   Energies (kJ/mol)
           Bond          Angle    Proper Dih. Per. Imp. Dih.          LJ-14
    1.63092e+02    3.27559e+02    3.73999e+02    1.98424e+01    1.56382e+02
     Coulomb-14        LJ (SR)   Coulomb (SR)   Coul. recip.      Potential
    2.28708e+03    2.49252e+04   -1.88395e+05    1.27402e+03   -1.58868e+05
    Kinetic En.   Total Energy  Conserved En.    Temperature Pressure (bar)
    3.45820e+04   -1.24286e+05   -1.64166e+05    3.41623e+02    4.99962e+02
   Constr. rmsd
    1.54867e-06


DD  step 487999 load imb.: force  7.2%
           Step           Time
         488000      976.00000

   Energies (kJ/mol)
           Bond          Angle    Proper Dih. Per. Imp. Dih.          LJ-14
    1.42205e+02    3.32809e+02    3.87710e+02    4.27690e+01    1.60173e+02
     Coulomb-14        LJ (SR)   Coulomb (SR)   Coul. recip.      Potential
    2.29344e+03    2.47491e+04   -1.87655e+05    1.35604e+03   -1.58190e+05
    Kinetic En.   Total Energy  Conserved En.    Temperature Pressure (bar)
    3.43965e+04   -1.23794e+05   -1.64163e+05    3.39790e+02    5.99056e+02
   Constr. rmsd
    2.70569e-06


DD  step 488999 load imb.: force  3.4%
           Step           Time
         489000      978.00000

   Energies (kJ/mol)
           Bond          Angle    Proper Dih. Per. Imp. Dih.          LJ-14
    1.20366e+02    2.96386e+02    3.82940e+02    1.91399e+01    1.74147e+02
     Coulomb-14        LJ (SR)   Coulomb (SR)   Coul. recip.      Potential
    2.32953e+03    2.54605e+04   -1.88812e+05    1.25821e+03   -1.58771e+05
    Kinetic En.   Total Energy  Conserved En.    Temperature Pressure (bar)
    3.40850e+04   -1.24686e+05   -1.64153e+05    3.36713e+02    9.38023e+02
   Constr. rmsd
    3.51165e-06


DD  step 489999 load imb.: force  2.4%
           Step           Time
         490000      980.00000

   Energies (kJ/mol)
           Bond          Angle    Proper Dih. Per. Imp. Dih.          LJ-14
    1.91768e+02    3.40833e+02    3.87261e+02    2.05945e+01    1.78342e+02
     Coulomb-14        LJ (SR)   Coulomb (SR)   Coul. recip.      Potential
    2.28845e+03    2.50180e+04   -1.88276e+05    1.24104e+03   -1.58610e+05
    Kinetic En.   Total Energy  Conserved En.    Temperature Pressure (bar)
    3.52381e+04   -1.23372e+05   -1.64152e+05    3.48104e+02    7.68322e+02
   Constr. rmsd
    1.73497e-06


DD  step 490999 load imb.: force  2.9%
           Step           Time
         491000      982.00000

   Energies (kJ/mol)
           Bond          Angle    Proper Dih. Per. Imp. Dih.          LJ-14
    1.60133e+02    3.59194e+02    3.64815e+02    2.33064e+01    1.67998e+02
     Coulomb-14        LJ (SR)   Coulomb (SR)   Coul. recip.      Potential
    2.25864e+03    2.47444e+04   -1.87375e+05    1.33369e+03   -1.57963e+05
    Kinetic En.   Total Energy  Conserved En.    Temperature Pressure (bar)
    3.39223e+04   -1.24041e+05   -1.64137e+05    3.35106e+02    6.98400e+02
   Constr. rmsd
    2.71873e-06


DD  step 491999 load imb.: force  3.9%
           Step           Time
         492000      984.00000

   Energies (kJ/mol)
           Bond          Angle    Proper Dih. Per. Imp. Dih.          LJ-14
    1.49201e+02    2.86141e+02    3.79115e+02    2.04178e+01    1.75566e+02
     Coulomb-14        LJ (SR)   Coulomb (SR)   Coul. recip.      Potential
    2.28609e+03    2.50133e+04   -1.88228e+05    1.22205e+03   -1.58696e+05
    Kinetic En.   Total Energy  Conserved En.    Temperature Pressure (bar)
    3.42688e+04   -1.24427e+05   -1.64140e+05    3.38529e+02    7.00735e+02
   Constr. rmsd
    3.35924e-06


DD  step 492999 load imb.: force  2.9%
           Step           Time
         493000      986.00000

   Energies (kJ/mol)
           Bond          Angle    Proper Dih. Per. Imp. Dih.          LJ-14
    1.56185e+02    3.24788e+02    3.53729e+02    2.30896e+01    1.61844e+02
     Coulomb-14        LJ (SR)   Coulomb (SR)   Coul. recip.      Potential
    2.29487e+03    2.47512e+04   -1.87880e+05    1.29434e+03   -1.58520e+05
    Kinetic En.   Total Energy  Conserved En.    Temperature Pressure (bar)
    3.42416e+04   -1.24278e+05   -1.64128e+05    3.38261e+02    6.27294e+02
   Constr. rmsd
    2.17465e-06


DD  step 493999 load imb.: force  3.9%
           Step           Time
         494000      988.00000

   Energies (kJ/mol)
           Bond          Angle    Proper Dih. Per. Imp. Dih.          LJ-14
    1.15948e+02    3.58316e+02    3.66370e+02    2.35988e+01    2.04400e+02
     Coulomb-14        LJ (SR)   Coulomb (SR)   Coul. recip.      Potential
    2.31950e+03    2.51454e+04   -1.88461e+05    1.25768e+03   -1.58670e+05
    Kinetic En.   Total Energy  Conserved En.    Temperature Pressure (bar)
    3.40961e+04   -1.24574e+05   -1.64125e+05    3.36823e+02    7.62882e+02
   Constr. rmsd
    2.00708e-06


DD  step 494999 load imb.: force  3.6%
           Step           Time
         495000      990.00000

   Energies (kJ/mol)
           Bond          Angle    Proper Dih. Per. Imp. Dih.          LJ-14
    1.25398e+02    3.31744e+02    3.65762e+02    4.08414e+01    1.79016e+02
     Coulomb-14        LJ (SR)   Coulomb (SR)   Coul. recip.      Potential
    2.26830e+03    2.51534e+04   -1.88545e+05    1.31158e+03   -1.58769e+05
    Kinetic En.   Total Energy  Conserved En.    Temperature Pressure (bar)
    3.40832e+04   -1.24686e+05   -1.64116e+05    3.36696e+02    6.91191e+02
   Constr. rmsd
    3.55718e-06


DD  step 495999 load imb.: force  4.2%
           Step           Time
         496000      992.00000

   Energies (kJ/mol)
           Bond          Angle    Proper Dih. Per. Imp. Dih.          LJ-14
    1.37442e+02    3.35540e+02    3.74416e+02    2.37555e+01    1.60100e+02
     Coulomb-14        LJ (SR)   Coulomb (SR)   Coul. recip.      Potential
    2.27647e+03    2.42262e+04   -1.87200e+05    1.30462e+03   -1.58361e+05
    Kinetic En.   Total Energy  Conserved En.    Temperature Pressure (bar)
    3.44367e+04   -1.23924e+05   -1.64109e+05    3.40188e+02    4.41012e+02
   Constr. rmsd
    3.47055e-06


DD  step 496999 load imb.: force  3.2%
           Step           Time
         497000      994.00000

   Energies (kJ/mol)
           Bond          Angle    Proper Dih. Per. Imp. Dih.          LJ-14
    1.58646e+02    3.30905e+02    3.29788e+02    2.36732e+01    1.74169e+02
     Coulomb-14        LJ (SR)   Coulomb (SR)   Coul. recip.      Potential
    2.28287e+03    2.43270e+04   -1.87057e+05    1.33004e+03   -1.58100e+05
    Kinetic En.   Total Energy  Conserved En.    Temperature Pressure (bar)
    3.37748e+04   -1.24325e+05   -1.64107e+05    3.33649e+02    4.76232e+02
   Constr. rmsd
    4.18117e-06


DD  step 497999 load imb.: force  1.4%
           Step           Time
         498000      996.00000

   Energies (kJ/mol)
           Bond          Angle    Proper Dih. Per. Imp. Dih.          LJ-14
    1.51936e+02    3.69141e+02    3.39312e+02    2.57733e+01    1.85547e+02
     Coulomb-14        LJ (SR)   Coulomb (SR)   Coul. recip.      Potential
    2.26766e+03    2.59841e+04   -1.89411e+05    1.28946e+03   -1.58798e+05
    Kinetic En.   Total Energy  Conserved En.    Temperature Pressure (bar)
    3.44475e+04   -1.24351e+05   -1.64094e+05    3.40294e+02    1.01630e+03
   Constr. rmsd
    2.18953e-06


DD  step 498999 load imb.: force  3.2%
           Step           Time
         499000      998.00000

   Energies (kJ/mol)
           Bond          Angle    Proper Dih. Per. Imp. Dih.          LJ-14
    1.47189e+02    3.68826e+02    3.84496e+02    2.65942e+01    1.77909e+02
     Coulomb-14        LJ (SR)   Coulomb (SR)   Coul. recip.      Potential
    2.31749e+03    2.48966e+04   -1.88099e+05    1.31449e+03   -1.58466e+05
    Kinetic En.   Total Energy  Conserved En.    Temperature Pressure (bar)
    3.36743e+04   -1.24791e+05   -1.64086e+05    3.32656e+02    6.34113e+02
   Constr. rmsd
    2.82366e-06


DD  step 499999 load imb.: force  3.7%
           Step           Time
         500000     1000.00000

Writing checkpoint, step 500000 at Wed Sep 23 14:35:54 2026


   Energies (kJ/mol)
           Bond          Angle    Proper Dih. Per. Imp. Dih.          LJ-14
    1.71812e+02    2.77914e+02    3.60932e+02    1.58323e+01    1.73706e+02
     Coulomb-14        LJ (SR)   Coulomb (SR)   Coul. recip.      Potential
    2.30470e+03    2.53279e+04   -1.89095e+05    1.26886e+03   -1.59194e+05
    Kinetic En.   Total Energy  Conserved En.    Temperature Pressure (bar)
    3.42852e+04   -1.24908e+05   -1.64090e+05    3.38691e+02    7.36515e+02
   Constr. rmsd
    2.57242e-06


Energy conservation over simulation part #1 of length 1000 ps, time 0 to 1000 ps
  Conserved energy drift: 2.63e-04 kJ/mol/ps per atom


	<======  ###############  ==>
	<====  A V E R A G E S  ====>
	<==  ###############  ======>

	Statistics over 500001 steps using 5001 frames

   Energies (kJ/mol)
           Bond          Angle    Proper Dih. Per. Imp. Dih.          LJ-14
    1.51026e+02    3.29401e+02    3.78012e+02    2.21978e+01    1.77634e+02
     Coulomb-14        LJ (SR)   Coulomb (SR)   Coul. recip.      Potential
    2.34015e+03    2.50441e+04   -1.88062e+05    1.32544e+03   -1.58294e+05
    Kinetic En.   Total Energy  Conserved En.    Temperature Pressure (bar)
    3.43675e+04   -1.23926e+05   -1.65573e+05    3.39503e+02    7.55921e+02
   Constr. rmsd
    0.00000e+00

   Total Virial (kJ/mol)
    8.60466e+03    3.02795e+00   -1.65105e+00
    3.01816e+00    8.60923e+03    1.68423e+00
   -1.63360e+00    1.73149e+00    8.61807e+03

   Pressure (bar)
    7.56796e+02   -1.85452e+00   -9.20425e-01
   -1.85192e+00    7.57504e+02   -1.47745e-01
   -9.25062e-01   -1.60303e-01    7.53464e+02

      T-ProteinT-Water_and_ions
    3.40468e+02    3.39486e+02


	M E G A - F L O P S   A C C O U N T I N G

 NB=Group-cutoff nonbonded kernels    NxN=N-by-N cluster Verlet kernels
 RF=Reaction-Field  VdW=Van der Waals  QSTab=quadratic-spline table
 W3=SPC/TIP3p  W4=TIP4p (single or pairs)
 V&F=Potential and force  V=Potential only  F=Force only

 Computing:                               M-Number         M-Flops  % Flops
-----------------------------------------------------------------------------
 Pair Search distance check           65742.104902      591678.944     0.2
 NxN Ewald Elec. + LJ [F]           1744211.806560   136048520.912    53.1
 NxN Ewald Elec. + LJ [V&F]           17622.446672     2273295.621     0.9
 NxN Ewald Elec. [F]                1643823.947616   100273260.805    39.2
 NxN Ewald Elec. [V&F]                16606.711952     1394963.804     0.5
 1,4 nonbonded interactions             214.500429       19305.039     0.0
 Calc Weights                         18177.036354      654373.309     0.3
 Spread Q Bspline                    387776.775552      775553.551     0.3
 Gather F Bspline                    387776.775552     2326660.653     0.9
 3D-FFT                             1198520.397036     9588163.176     3.7
 Solve PME                            19404.038808     1241858.484     0.5
 Reset In Box                           151.438646         454.316     0.0
 CG-CoM                                 151.499236         454.498     0.0
 Bonds                                   49.000098        2891.006     0.0
 Angles                                 149.500299       25116.050     0.0
 Propers                                215.500431       49349.599     0.0
 Impropers                               23.000046        4784.010     0.0
 Virial                                  61.502298        1107.041     0.0
 Stop-CM                                 60.614236         606.142     0.0
 Calc-Ekin                              121.204236        3272.514     0.0
 Lincs                                   36.500219        2190.013     0.0
 Lincs-Mat                              120.000720         480.003     0.0
 Constraint-V                          6037.024148       54333.217     0.0
 Constraint-Vir                          60.017001        1440.408     0.0
 Settle                                1988.011928      735564.413     0.3
-----------------------------------------------------------------------------
 Total                                               256069677.528   100.0
-----------------------------------------------------------------------------


    D O M A I N   D E C O M P O S I T I O N   S T A T I S T I C S

 av. #atoms communicated per step for force:  2 x 11685.4


Dynamic load balancing report:
 DLB got disabled because it was unsuitable to use.
 Average load imbalance: 4.7%.
 The balanceable part of the MD step is 47%, load imbalance is computed from this.
 Part of the total run time spent waiting due to load imbalance: 2.2%.


      R E A L   C Y C L E   A N D   T I M E   A C C O U N T I N G

On 4 MPI ranks, each using 8 OpenMP threads

 Activity:              Num   Num      Call    Wall time         Giga-Cycles
                        Ranks Threads  Count      (s)         total sum    %
--------------------------------------------------------------------------------
 Domain decomp.            4    8      12501       2.457        314.516   1.2
 DD comm. load             4    8       3479       0.007          0.915   0.0
 DD comm. bounds           4    8       1223       0.004          0.569   0.0
 Neighbor search           4    8      12501       5.468        699.906   2.7
 Comm. coord.              4    8     487500       4.515        577.898   2.2
 Force                     4    8     500001      84.331      10794.501  41.2
 Wait + Comm. F            4    8     500001       9.940       1272.378   4.9
 PME mesh                  4    8     500001      86.903      11123.774  42.5
 NB X/F buffer ops.        4    8    1487502       5.947        761.276   2.9
 Write traj.               4    8        101       0.022          2.760   0.0
 Update                    4    8     500001       1.558        199.430   0.8
 Constraints               4    8     500003       2.608        333.787   1.3
 Kinetic energy            4    8      10001       0.027          3.427   0.0
 Comm. energies            4    8       5001       0.102         13.080   0.0
 Rest                                              0.577         73.879   0.3
--------------------------------------------------------------------------------
 Total                                           204.467      26172.097 100.0
--------------------------------------------------------------------------------
 Breakdown of PME mesh activities
--------------------------------------------------------------------------------
 PME redist. X/F           4    8    1000002      25.217       3227.771  12.3
 PME spread                4    8     500001      14.698       1881.383   7.2
 PME gather                4    8     500001      12.560       1607.638   6.1
 PME 3D-FFT                4    8    1000002      22.386       2865.503  10.9
 PME 3D-FFT Comm.          4    8    1000002      10.794       1381.627   5.3
 PME solve Elec            4    8     500001       0.660         84.436   0.3
--------------------------------------------------------------------------------

               Core t (s)   Wall t (s)        (%)
       Time:     6542.939      204.467     3200.0
                 (ns/day)    (hour/ns)    (ms/step)  (Matom*steps/s) 
Performance:      422.563        0.057        0.409           29.633 
Finished mdrun on rank 0 Wed Sep 23 14:35:55 2026

